"90495","1001","ACC","231","Wilf","Accounting Principles I",3,"Wax; Laurie Faye",0,30,30,0,10,10,"M||W}1500}1615}FURST}F210","SYBC","Sy Syms-UG Business Core"
"90580","1001","ACC","232","Wilf","Accounting Principles I",3,"Lefkowitz; Miriam",0,30,30,0,10,10,"M||W}1500}1615}BELFHL}B203","SYBC","Sy Syms-UG Business Core"
"93188","1001","ACC","233","Wilf","Accounting Principles I",3,"Staff",0,20,20,0,0,0,"M||W}1430}1545}FURST}","SYBC","Sy Syms-UG Business Core"
"90519","1001","ACC","241","Wilf","Accounting Principles I",3,"Crawford; Constance J.",0,25,25,0,10,10,"M||W}1630}1745}FURST}F212","HONR","Honors Course"
"90505","1001","ACC","242","Wilf","Accounting Principles I",3,"Resnik; Jim",0,30,30,0,10,10,"M||W}1630}1745}FURST}F210","SYBC","Sy Syms-UG Business Core"
"93222","1001","ACC","243","Wilf","Accounting Principles I",3,"Lefkowitz; Miriam",0,30,30,0,10,10,"M||W}1630}1745}BELFHL}","SYBC","Sy Syms-UG Business Core"
"90482","1001","ACC","311","Wilf","Accounting Principles I",3,"Mayer; Steve",0,30,30,0,10,10,"T||R}1330}1445}FURST}F314","SYBC","Sy Syms-UG Business Core"
"90481","1001","ACC","331","Wilf","Accounting Principles I",3,"Cohen; Michael H.",0,25,25,0,10,10,"T||R}1500}1615}FURST}F314","HONR","Honors Course"
"90552","1001","ACC","361","Wilf","Accounting Principles I",3,"Cohen; Michael H.",0,30,30,0,10,10,"T||R}1845}2000}BELFHL}B218","SYBC","Sy Syms-UG Business Core"
"90465","1001","ACC","A","Beren","Accounting Principles I",3,"Hyman; Cody Alyssa",0,30,30,0,5,5,"M||W}0900}1015}LEX215}","SYBC","Sy Syms-UG Business Core"
"90441","1001","ACC","B","Beren","Accounting Principles I",3,"Rotenstein; Aliza",0,30,30,0,15,15,"M||W}1025}1140}LEX215}LX313","SYBC","Sy Syms-UG Business Core"
"90433","1001","ACC","D1","Beren","Accounting Principles I",3,"Rotenstein; Aliza",0,25,25,0,15,15,"M||W}1325}1440}LEX215}LX210","HONR","Honors Course"
"90497","1002","ACC","341","Wilf","Accounting Principles II",3,"Mayer; Steve",0,30,30,0,10,10,"T||R}1630}1745}FURST}F314","SYBC","Sy Syms-UG Business Core"
"90517","1002","ACC","361","Wilf","Accounting Principles II",3,"Mayer; Steve",0,30,30,0,10,10,"T||R}1845}2000}FURST}","SYBC","Sy Syms-UG Business Core"
"90431","1002","ACC","D1","Beren","Accounting Principles II",3,"Huang; Henry",0,30,30,0,5,5,"M}1325}1440}LEX215}::W}1325}1440}TBA}","SYBC","Sy Syms-UG Business Core"
"93350","1003","ACC","231","Wilf","Foundations of Financial Accounting I",3,"Staff",0,20,20,0,0,0,"M||W}1430}1545}TBA}","KZAS","Katz AS Program"
"90483","1101","ACC","231","Wilf","Intermediate Accounting I",3,"Resnik; Jim",0,30,30,0,10,10,"M||W}1500}1615}FURST}F206","",""
"90484","1101","ACC","311","Wilf","Intermediate Accounting I",3,"Davis; Yehuda",0,30,30,0,10,10,"T||R}1330}1445}FURST}","",""
"92084","1101","ACC","331","Wilf","Intermediate Accounting I",3,"Davis; Yehuda",0,30,30,0,10,10,"T||R}1500}1615}FURST}","",""
"90425","1101","ACC","A","Beren","Intermediate Accounting I",3,"Rotenstein; Aliza",0,20,20,0,5,5,"M||W}0900}1015}LEX215}","",""
"90485","2403","ACC","241","Wilf","Management Accounting",3,"Huang; Henry",0,30,30,0,10,10,"M||W}1630}1745}BELFHL}","",""
"90581","2625","ACC","261","Wilf","Accounting Information Systems",3,"Crawford; Constance J.",0,30,30,0,10,10,"M||W}1845}2000}GLUECK}","",""
"93223","2625","ACC","262","Wilf","Accounting Information Systems",3,"Rava; Ariel",0,30,30,0,10,10,"T||R}1500}1615}GLUECK}G417","",""
"90466","2625","ACC","L","Beren","Accounting Information Systems",3,"Rava; Ariel",0,30,30,0,5,5,"T||R}1150}1305}SCW}319","",""
"90486","3201","ACC","331","Wilf","Advanced Accounting",3,"Mayer; Steve",0,30,30,0,10,10,"T||R}1500}1615}FURST}","",""
"90513","3601","ACC","561","Wilf","Princpls of Auditing-Capstone",3,"Auslander; Rob Mark",0,30,30,0,10,10,"R}1830}2100}BELFHL}B411","",""
"90446","3601","ACC","F","Beren","Principles of Auditing",3,"Staff",0,30,30,0,5,5,"M||W}1640}1755}LEX215}","",""
"90494","3851","ACC","241","Wilf","Financial Statement Analysis",3,"Staff",0,10,10,0,3,3,"M||W}1630}1745}FURST}F305","HONR","Honors Course"
"90852","4741","ACC","1","Beren","Accounting Internship",1,"Mayer; Steve",0,20,20,0,10,10,"}N/A}N/A}OFF}SITE","",""
"90623","4741","ACC","2","Wilf","Accounting Internship",1,"Mayer; Steve",0,30,30,0,0,0,"}N/A}N/A}OFF}SITE","",""
"93089","1630","ART","621","Wilf","American Architecture",3,"Glassman; Paul",0,15,15,0,5,5,"F}1000}1200}TBA}","HONR||INTC||WRIN","Honors Course||YC-INTC Requirement||YC-WRIN Requirement"
"92427","1831","ART","361","Wilf","Architectural Design Process",3,"Glassman; Paul",0,18,18,0,5,5,"T}1845}2115}GLUECK}G417","INTC","YC-INTC Requirement"
"90659","2301","ART","361","Wilf","Principles of Drawing",2,"Aurich; Carla",0,12,12,0,5,5,"T}1845}2035}MUSS}MU107","",""
"93090","2306","ART","241","Wilf","Digital Drawing",3,"Gil; Ramon",0,16,16,0,5,5,"M||W}1630}1745}BELFHL}B1111","",""
"93091","2511","ART","461","Wilf","Beginning Painting I",2,"Aurich; Carla",0,12,12,0,5,5,"W}1845}2035}MUSS}MU107","",""
"90692","3005","ART","231","Wilf","Introduction to Graphic Design",3,"Gil; Ramon",0,16,16,0,5,5,"M||W}1500}1615}BELFHL}B1111","",""
"93092","3012","ART","332","Wilf","Introduction to Photography",3,"Grimaldi; Michael",0,10,10,0,5,5,"T}1500}1730}BELFHL}B1111","",""
"91597","1050","ARTS","B","Beren","Introduction to Art",3,"Miller; Marlee",0,30,30,0,10,10,"M||W}1025}1140}LEX215}LX717","INTR||SYHM","ST-Interpreting Lit &amp; Arts||Sy Syms-UG Humanities Req"
"91564","1051","ARTS","L","Beren","History of Art I",3,"Wisse; Jacob",0,30,30,0,10,10,"T||R}1150}1305}TBA}","INTR||SYHM","ST-Interpreting Lit &amp; Arts||Sy Syms-UG Humanities Req"
"93209","1432","ARTS","J","Beren","Late 19th Century Art",3,"Young; Marnin",0,30,30,0,10,10,"T||R}0900}1015}TBA}","INTR||SYHM","ST-Interpreting Lit &amp; Arts||Sy Syms-UG Humanities Req"
"91950","1637","ARTS","FRI","Beren","NYC Architecture and Urban Design",3,"Novick; Aviva",0,15,15,0,10,10,"F}0930}1200}LEX215}LX717","INTR","ST-Interpreting Lit &amp; Arts"
"93088","1973","ARTS","K","Beren","Topics in Art History: Masterpieces of Art Across the Ages",3,"Wisse; Jacob",0,30,30,0,10,10,"T||R}1025}1140}LEX215}LX717","INTR||SYHM","ST-Interpreting Lit &amp; Arts||Sy Syms-UG Humanities Req"
"93208","1974","ARTS","N","Beren","Topics in Art History: Civic Art &amp; Culture: Modern Era",3,"Wisse; Jacob",0,15,15,0,10,10,"T||R}1500}1615}TBA}","HONR||INTR||SYHM","Honors Course||ST-Interpreting Lit &amp; Arts||Sy Syms-UG Humanities Req"
"91569","2201","ARTS","A","Beren","Principles of Design",3,"Creede; Mary Therese",0,10,10,0,0,0,"M||W}0900}1015}LEX215}LX801","MSEL","ST-ENG Media Studies Elec"
"91555","2301","ARTS","K","Beren","Principles of Drawing",3,"Tullius; Traci",0,10,10,0,0,0,"T||R}1025}1140}LEX215}LX804","",""
"93207","2511","ARTS","B","Beren","Painting Fundamentals",3,"Creede; Mary Therese",0,10,10,0,0,0,"M||W}1025}1140}LEX215}LX804","",""
"93206","2703","ARTS","D1","Beren","Model Making",3,"Creede; Mary Therese",0,10,10,0,10,10,"M||W}1325}1440}LEX215}LX804","",""
"93205","2901","ARTS","L","Beren","Printmaking",3,"Tullius; Traci",0,10,10,0,10,10,"T||R}1150}1305}LEX215}LX803","",""
"91581","3009","ARTS","B","Beren","Introduction to Computer Design",3,"Singer; Emily A.",0,10,10,0,10,10,"M||W}1025}1140}LEX215}LX809","MSEL","ST-ENG Media Studies Elec"
"91699","3012","ARTS","KLT","Beren","Digital Photography",3,"Grimaldi; Michael",0,10,10,0,10,10,"T}1030}1300}LEX215}LX809","MSEL","ST-ENG Media Studies Elec"
"93211","3014","ARTS","C","Beren","Typography",3,"Singer; Emily A.",0,10,10,0,10,10,"M||W}1155}1310}LEX215}LX809","MSEL","ST-ENG Media Studies Elec"
"91598","4974","ARTS","CLB","Beren","Pre-Senior Project",0,"Tullius; Traci",0,12,12,0,10,10,"W}1441}1534}LEX215}LX804","",""
"91608","4975","ARTS","TBA","Beren","Senior Project",1,"Tullius; Traci",0,12,12,0,10,10,"}N/A}N/A}TBA}","",""
"93093","2110","BIB","311","Wilf","Joshua/Judges",2,"Carmy; Shalom",0,20,20,0,5,5,"T}1305}1445}TBA}","",""
"93094","2110","BIB","511","Wilf","Joshua/Judges",2,"Carmy; Shalom",0,20,20,0,5,5,"R}1305}1445}TBA}","",""
"93095","2700","BIB","311","Wilf","Psalms",2,"Angel; Joseph L.",0,15,15,0,5,5,"T}1305}1445}TBA}","HONR","Honors Course"
"93096","2700","BIB","511","Wilf","Psalms",2,"Angel; Joseph L.",0,25,25,0,5,5,"R}1305}1445}TBA}","",""
"93097","2810","BIB","311","Wilf","Prophecies for Bayit Sheini: Chaggai; Zechariah; Malachi",2,"Grunhaus; Naomi Cohen",0,25,25,0,5,5,"T}1305}1445}TBA}","",""
"93098","2810","BIB","511","Wilf","Prophecies for Bayit Sheini: Chaggai; Zechariah; Malachi",2,"Grunhaus; Naomi Cohen",0,25,25,0,5,5,"R}1305}1445}TBA}","",""
"93326","6095","BIBL","ABC","Beren","Peshat and Derash in Medieval Ashkenazic Exegesis",2,"Levine; Michelle J.",0,5,5,0,0,0,"M||W}0900}1100}SCW}BEIT MDRSH::M||W}1116}1245}SCW}606","",""
"91870","6700","BIBL","MNP","Beren","Independent Study - Bible",3,"Price; Nechama Esther",0,5,5,0,0,0,"M||W}0900}1100}SCW}BEIT MDRSH::M||W}1116}1245}SCW}606","",""
"93327","6900","BIBL","JKL","Beren","Top: Villains of Genesis",3,"Price; Nechama Esther",0,20,20,0,0,0,"T||R}0900}1030}SCW}606::T||R}1045}1245}SCW}BEIT MDRSH","",""
"91954","1105","BBLE","L","Beren","Introduction to Genesis: Personal Development in the Bible Part I",2,"Schechter; Shoshana",0,30,30,0,10,10,"T||R}1150}1305}SCW}718","JS1||JS7","Beren JS - Elementary||Beren JS - Fundamentals"
"91955","1120","BBLE","K","Beren","Genesis",2,"Schechter; Shoshana",0,30,30,0,10,10,"T||R}1025}1140}SCW}301","JS5||JS7","Beren JS - Upper-Inter-Adv||Beren JS - Fundamentals"
"91956","1125","BBLE","K","Beren","Genesis Part I",2,"Bloom; Danielle",0,20,20,0,10,10,"T||R}1025}1140}TBA}","JS3||JS7","Beren JS - Intermediate||Beren JS - Fundamentals"
"91960","1205","BBLE","C","Beren","Introduction to Exodus Part I",2,"Weissman; Avital Nechama",0,30,30,0,10,10,"M||W}1155}1310}TBA}","JS2||JS7","Beren JS - Lower intermediate||Beren JS - Fundamentals"
"91959","1205","BBLE","M","Beren","Introduction to Exodus Part I",2,"Bloom; Danielle",0,30,30,0,3,3,"T||R}1335}1450}SCW}102","JS2||JS7","Beren JS - Lower intermediate||Beren JS - Fundamentals"
"91962","1320","BBLE","C","Beren","Leviticus",2,"Weiss; Moriah",0,30,30,0,10,10,"M||W}1155}1310}SCW}KOCH","JS3||JS7","Beren JS - Intermediate||Beren JS - Fundamentals"
"92464","1405","BBLE","A","Beren","Numbers: Biblical Skills Part I",2,"Weissman; Avital Nechama",0,20,20,0,10,10,"M||W}0900}1015}SCW}607","JS2||JS7","Beren JS - Lower intermediate||Beren JS - Fundamentals"
"91964","1420","BBLE","L","Beren","Numbers",2,"Bloom; Danielle",0,30,30,0,10,10,"T||R}1150}1305}TBA}","JS6||JS7","Beren JS - Advanced||Beren JS - Fundamentals"
"91966","2125","BBLE","C","Beren","Judges",2,"Twersky; Sara Enna",0,30,30,0,10,10,"M||W}1155}1310}SCW}601","JS3||JS7","Beren JS - Intermediate||Beren JS - Fundamentals"
"91967","2220","BBLE","K","Beren","Samuel I",2,"Rosensweig; Smadar",0,15,15,0,3,3,"T||R}1025}1140}SCW}406","JS6||JS7","Beren JS - Advanced||Beren JS - Fundamentals"
"93249","2335","BBLE","E","Beren","Kings II",2,"Shmalo; Mahnaz Yeroushalmi",0,30,30,0,10,10,"M}1510}1625}TBA}::W}1535}1650}TBA}","JS3||JS7","Beren JS - Intermediate||Beren JS - Fundamentals"
"91970","2520","BBLE","K","Beren","Jeremiah",2,"Holtz; Shalom E.",0,30,30,0,10,10,"T||R}1025}1140}SCW}306","JS6||JS7","Beren JS - Advanced||Beren JS - Fundamentals"
"93250","2620","BBLE","M","Beren","Ezekiel",2,"Danzig; David",0,30,30,0,10,10,"T||R}1335}1450}TBA}","JS3||JS7","Beren JS - Intermediate||Beren JS - Fundamentals"
"93251","2740","BBLE","B","Beren","Minor Prophets: Jonah",2,"Twersky; Sara Enna",0,30,30,0,10,10,"M||W}1025}1140}TBA}","JS3||JS7","Beren JS - Intermediate||Beren JS - Fundamentals"
"91971","2745","BBLE","AB","Beren","Minor Prophets: Haggai; Zechariah; and Malachi",2,"Besser; Rachel",0,30,30,0,10,10,"M||W}0900}1140}TBA}","JS5||JS7","Beren JS - Upper-Inter-Adv||Beren JS - Fundamentals"
"93252","3220","BBLE","P","Beren","Proverbs",2,"Staff",0,30,30,0,10,10,"T||R}1630}1745}TBA}","JS3||JS7","Beren JS - Intermediate||Beren JS - Fundamentals"
"93253","4146","BBLE","D1","Beren","Nahmanides on Genesis: Strategies of Biblical Portraiture",2,"Levine; Michelle Alyssa",0,30,30,0,10,10,"M||W}1325}1440}TBA}","HONR||JS6||JS7","Honors Course||Beren JS - Advanced||Beren JS - Fundamentals"
"93254","4150","BBLE","B","Beren","Isaac Abravanel on the Torah",2,"Feder; Hindy",0,30,30,0,10,10,"M||W}1025}1140}TBA}","JS6||JS7","Beren JS - Advanced||Beren JS - Fundamentals"
"93255","4225","BBLE","L","Beren","Tribes of Israel",2,"Price; Nechama Esther",0,30,30,0,10,10,"T||R}1150}1305}TBA}","JS6||JS7","Beren JS - Advanced||Beren JS - Fundamentals"
"91978","4230","BBLE","M","Beren","Themes in the Bible: Women in the Bible",2,"Rosensweig; Smadar",0,30,30,0,10,10,"T||R}1335}1450}SCW}401","JS6||JS7","Beren JS - Advanced||Beren JS - Fundamentals"
"93256","4240","BBLE","E","Beren","Clothing in the Bible",2,"Levine; Michelle Alyssa",0,20,20,0,10,10,"M}1510}1625}TBA}::W}1535}1650}TBA}","HONR||JS6||JS7","Honors Course||Beren JS - Advanced||Beren JS - Fundamentals"
"93281","4245","BBLE","GHW","Beren","Living Torah: Text; Tradition; and Relevance I",2,"Goldwicht; Meir",0,30,30,0,10,10,"W}1820}2020}SCW}718","JS4||JS7","Beren JS - Inter-Upper-Inter||Beren JS - Fundamentals"
"90837","1011","BIO","241","Wilf","Principles of Biology I Lecture",3,"Maitra; Radhashree",0,54,54,0,5,5,"M||W}1630}1745}BELFHL}B218","NAWO||SYSC","YC-NAWO Requirement||Sy Syms-UG Nat/Soc Sci Req"
"90838","1013","BIO","261","Wilf","Principles of Biology I Lab",1,"Stumpf; Kristin Michelle",0,16,16,0,5,5,"M}1845}2115}BELFHL}B1415","",""
"90840","1013","BIO","361","Wilf","Principles of Biology I Lab",1,"Stumpf; Kristin Michelle",0,16,16,0,5,5,"T}1845}2115}BELFHL}B1415","",""
"90839","1013","BIO","561","Wilf","Principles of Biology I Lab",1,"Stumpf; Kristin Michelle",0,16,16,0,5,5,"R}1845}2115}BELFHL}B1415","",""
"90745","1372","BIO","231","Wilf","Bioinformatics",4,"Viswanathan; Rajalakshmi",0,4,4,0,5,5,"M||W}1500}1615}BELFHL}B1610::M}1845}2045}BELFHL}B1610","HONR","Honors Course"
"90716","1376","BIO","341","Wilf","Principles of Biochemistry",3,"Catrina; Irina Elena",0,8,8,0,5,5,"T||R}1630}1745}BELFHL}B1410","",""
"90746","1377","BIO","361","Wilf","Principles of Biochemistry Lab",2,"Catrina; Irina Elena",0,6,6,0,5,5,"T}1845}2145}BELFHL}B1417","",""
"90748","3513","BIO","331","Wilf","Genetics",4,"Steinhauer; Josefa M.",0,24,24,0,5,5,"T||R}1500}1615}BELFHL}B1510::R}1845}2115}BELFHL}B1407","",""
"90921","3728","BIO","231","Wilf","Human Physiology",4,"Lemos Duarte; Mariana",0,20,20,0,5,5,"M||W}1500}1615}BELFHL}B205::M}1845}2115}BELFHL}B1417","",""
"92113","3804","BIO","261","Wilf","Psychobiology",3,"Wang; Junshi",0,15,15,0,5,5,"M}1845}2115}FURST}F208","NAWO","YC-NAWO Requirement"
"90770","4023","BIO","261","Wilf","Microbiology",4,"Maitra; Radhashree",0,24,24,0,5,5,"M}1845}2025}BELFHL}B1410::W}1845}2205}BELFHL}B1417","",""
"93165","4901","BIO","IND","Wilf","Research in Biology",1,"Staff",0,0,0,0,0,0,"}N/A}N/A}TBA}","",""
"93099","4930","BIO","242","Wilf","Topics in Biology: Stem Cell Biology",2,"Lemos Duarte; Mariana",0,24,24,0,5,5,"M}1630}1810}TBA}","",""
"93100","4930","BIO","342","Wilf","Topics in Biology: Jewish Bioethics I",2,"Reichman; Edward",0,20,20,0,5,5,"T}1630}1810}TBA}","",""
"91627","1006","BIOL","B","Beren","Human Genetics",3,"Golin; John Euster",0,40,40,0,10,10,"M||W}1025}1140}SCW}601","SCW3||SYSC","ST-Science &amp; Technology||Sy Syms-UG Nat/Soc Sci Req"
"91686","1006","BIOL","D1","Beren","Human Genetics",3,"Golin; John Euster",0,40,40,0,10,10,"M||W}1325}1440}SCW}102","SCW3||SYSC","ST-Science &amp; Technology||Sy Syms-UG Nat/Soc Sci Req"
"93198","1006","BIOL","F","Beren","Human Genetics",3,"Martinez; Lucia",0,20,20,0,0,0,"T||R}1630}1745}TBA}","",""
"91979","1011","BIOL","B","Beren","Principles of Biology I Lecture",3,"Loewy; Brenda",0,40,40,0,0,0,"M||W}1025}1140}SCW}KOCH","SCW3||SYSC","ST-Science &amp; Technology||Sy Syms-UG Nat/Soc Sci Req"
"91981","1011","BIOL","D1","Beren","Principles of Biology I Lecture",3,"Loewy; Brenda",0,40,40,0,0,0,"M||W}1325}1440}SCW}KOCH","SCW3||SYSC","ST-Science &amp; Technology||Sy Syms-UG Nat/Soc Sci Req"
"92062","1012","BIOL","K","Beren","Principles of Biology II Lecture",3,"Katz; Amanda M.",0,36,36,0,0,0,"T||R}1025}1140}SCW}","SCW3","ST-Science &amp; Technology"
"91785","1013","BIOL","CDM","Beren","Principles of Biology I Lab",1,"Bassman; Bill Radley",0,18,18,0,10,10,"M}1210}1440}SCW}LB444","",""
"91782","1013","BIOL","EFM","Beren","Principles of Biology I Lab",1,"Bassman; Bill Radley",0,18,18,0,10,10,"M}1530}1800}SCW}LB444","",""
"91783","1013","BIOL","EFW","Beren","Principles of Biology I Lab",1,"Bassman; Bill Radley",0,18,18,0,10,10,"W}1535}1805}SCW}LB444","",""
"91786","1013","BIOL","LMT","Beren","Principles of Biology I Lab",1,"Bassman; Bill Radley",0,18,18,0,10,10,"T}1215}1445}SCW}LB444","",""
"91787","1013","BIOL","MNR","Beren","Principles of Biology I Lab",1,"Alayev; Anya",0,18,18,0,10,10,"R}1345}1615}SCW}LB444","",""
"91985","1014","BIOL","CDW","Beren","Principles of Biology II Lab",1,"Bassman; Bill Radley",0,18,18,0,8,8,"W}1210}1440}SCW}LB444","",""
"93264","1014","BIOL","NPT","Beren","Principles of Biology II Lab",1,"Bassman; Bill Radley",0,18,18,0,10,10,"T}1515}1745}SCW}LB444","",""
"91667","1060","BIOL","L","Beren","Biology and Public Health",3,"Katz; Amanda M.",0,32,32,0,10,10,"T||R}1150}1305}SCW}1015","SCW3||SYSC","ST-Science &amp; Technology||Sy Syms-UG Nat/Soc Sci Req"
"91788","1376","BIOL","E","Beren","Principles of Biochemistry",3,"Staff",0,25,25,0,10,10,"M}1510}1625}TBA}::W}1535}1650}TBA}","",""
"91891","2105","BIOL","B","Beren","Basic Immunology: Implications in Health and Disease",2,"Markovics; Sharon",0,18,18,0,0,0,"M||W}1050}1140}SCW}406","",""
"91773","2730","BIOL","FE","Beren","Human Anatomy",4,"Mollin; Jeffrey R.",0,18,18,0,0,0,"M}1500}1640}SCW}LB441::W}1510}1650}SCW}LB441::M}1645}1800}SCW}518::W}1700}1815}SCW}518","SYSC","Sy Syms-UG Nat/Soc Sci Req"
"91774","2730","BIOL","FL","Beren","Human Anatomy",4,"Mollin; Jeffrey R.",0,18,18,0,10,10,"T||R}1150}1330}SCW}LB441::M}1645}1800}SCW}518::W}1700}1815}SCW}518","SYSC","Sy Syms-UG Nat/Soc Sci Req"
"91932","3207","BIOL","LMT","Beren","Cell Biology",4,"Katz; Amanda M.",0,18,18,0,10,10,"T||R}1150}1305}SCW}815::T}1345}1615}SCW}","SYSC","Sy Syms-UG Nat/Soc Sci Req"
"91583","3221","BIOL","EFM","Beren","Nutrition",3,"Weinreb; Raizy",0,26,26,0,10,10,"M}1530}1800}SCW}601","",""
"91576","3241","BIOL","E","Beren","Pharmacology",2,"Weiss; Richard Bruce",0,30,30,0,10,10,"M}1510}1600}SCW}718::W}1535}1625}SCW}718","",""
"91776","3513","BIOL","D1B","Beren","Genetics",4,"Staff",0,18,18,0,10,10,"M||W}1025}1140}SCW}LB343::M||W}1325}1440}SCW}1015","SYSC","Sy Syms-UG Nat/Soc Sci Req"
"93265","3521","BIOL","KL","Beren","Molecular Biology",4,"Alayev; Anya",0,18,18,0,0,0,"T}1025}1140}TBA}::T||R}1150}1305}TBA}","",""
"91778","3728","BIOL","CA","Beren","Human Physiology",4,"Weiss; Richard Bruce",0,18,18,0,10,10,"M||W}0900}1015}SCW}LB343::M||W}1155}1310}SCW}518","SYSC","Sy Syms-UG Nat/Soc Sci Req"
"91779","3728","BIOL","CD1","Beren","Human Physiology",4,"Weiss; Richard Bruce",0,18,18,0,10,10,"M||W}1155}1310}SCW}518::M||W}1325}1440}SCW}LB343","SYSC","Sy Syms-UG Nat/Soc Sci Req"
"91986","3730","BIOL","M","Beren","Modern Reproductive Medicine and Science",2,"Vigodner; Margarita",0,30,30,0,10,10,"T||R}1340}1430}SCW}815","",""
"91668","3735","BIOL","A","Beren","Biology of Women&#39;s Health",2,"Markovics; Sharon",0,25,25,0,10,10,"M||W}0925}1015}SCW}406","",""
"93266","3830","BIOL","M","Beren","Neurobiology",3,"Staff",0,18,18,0,0,0,"T||R}1335}1450}TBA}","",""
"91780","4023","BIOL","NJ","Beren","Microbiology",4,"Schuck; Alyssa Gabrielle",0,18,18,0,10,10,"T||R}0900}1015}SCW}LB343::T||R}1500}1615}SCW}718","",""
"91781","4023","BIOL","NK","Beren","Microbiology",4,"Schuck; Alyssa Gabrielle",0,18,18,0,10,10,"T||R}1025}1140}SCW}LB343::T||R}1500}1615}SCW}718","",""
"92430","4741","BIOL","1","Beren","Internship",1,"Staff",0,0,0,0,0,0,"}N/A}N/A}TBA}","",""
"92987","4901","BIOL","1","Beren","Independent Study",1,"Vigodner; Margarita",0,0,0,0,0,0,"}N/A}N/A}TBA}","",""
"93014","4901","BIOL","2","Beren","Independent Study",1,"De Oliveira; Anderson Garbuglio",0,0,0,0,0,0,"}N/A}N/A}TBA}","",""
"93015","4901","BIOL","3","Beren","Independent Study",1,"Alayev; Anya",0,0,0,0,0,0,"}N/A}N/A}TBA}","",""
"93017","4901","BIOL","4","Beren","Independent Study",1,"Schuck; Alyssa Gabrielle",0,0,0,0,0,0,"}N/A}N/A}TBA}","",""
"93267","4930","BIOL","B","Beren","Topics in Biology: History of Medicine",1,"Subar; Milayna",0,20,20,0,0,0,"M||W}1025}1140}TBA}","SCW3","ST-Science &amp; Technology"
"91645","4930","BIOL","QRT","Beren","Topics in Biology: Kinesiology",1,"Staff",0,20,20,0,10,10,"T}1800}1940}SCW}301","",""
"91789","4930","BIOL","TBA","Beren","Topics in Biology: Preventive Medicine",1,"Staff",0,18,18,0,10,10,"}N/A}N/A}TBA}","",""
"90825","1010","BUS","211","Wilf","Business Communication I",3,"Staff; ",0,20,20,0,10,10,"M||W}1330}1500}FURST}","",""
"90550","1010","BUS","232","Wilf","Business Communication I",3,"Staff",0,20,20,0,10,10,"M||W}1500}1615}FURST}F304","",""
"90574","1010","BUS","311","Wilf","Business Communication I",3,"Staff; ",0,20,20,0,10,10,"T||R}1330}1445}BELFHL}B207","",""
"90566","1010","BUS","331","Wilf","Business Communication I",3,"Salama Weingard; Sasha",0,20,20,0,10,10,"T||R}1500}1615}BELFHL}B205","",""
"93190","1010","BUS","332","Wilf","Business Communication I",3,"Simmons; Ted Andrew",0,20,20,0,0,0,"T||R}1430}1545}TBA}","",""
"90561","1010","BUS","341","Wilf","Business Communication I",3,"Shortell; Joe Thomas",0,20,20,0,10,10,"T||R}1630}1745}BELFHL}B205","",""
"90549","1010","BUS","342","Wilf","Business Communication I",3,"Salama Weingard; Sasha",0,20,20,0,10,10,"T||R}1630}1745}BELFHL}B207","",""
"90548","1010","BUS","361","Wilf","Business Communication I",3,"Shortell; Joe Thomas",0,20,20,0,10,10,"T||R}1845}2000}BELFHL}","",""
"90460","1010","BUS","D1","Beren","Business Communication I",3,"Staff",0,20,20,0,10,10,"M}1325}1440}SCW}::W}1325}1440}SCW}","",""
"90461","1010","BUS","K","Beren","Business Communication I",3,"Feinstein; Neil",0,20,20,0,10,10,"T||R}1025}1140}SCW}","",""
"92538","1010","BUS","N","Beren","Business Communication I",3,"Siegel-Mevorah; Audrey Iris",0,20,20,0,10,10,"T||R}1500}1615}SCW}306","",""
"90468","1010","BUS","P","Beren","Business Communication I",3,"Siegel-Mevorah; Audrey Iris",0,20,20,0,10,10,"T||R}1630}1745}SCW}306","",""
"90590","1020","BUS","231","Wilf","Business Communication II",3,"Staff; ",0,20,20,0,10,10,"M||W}1500}1615}FURST}","",""
"93227","1020","BUS","232","Wilf","Business Communication II",3,"Spear; Marc",0,20,20,0,10,10,"M||W}1500}1615}TBA}","HONR","Honors Course"
"90558","1020","BUS","331","Wilf","Business Communication II",3,"Shortell; Joe Thomas",0,20,20,0,10,10,"T||R}1500}1615}FURST}F212","",""
"90559","1020","BUS","361","Wilf","Business Communication II",3,"Salama Weingard; Sasha",0,20,20,0,10,10,"T||R}1330}1500}BELFHL}","",""
"90853","1020","BUS","B","Beren","Business Communication II",3,"Spear; Marc",0,20,20,0,25,25,"M}1025}1140}LEX215}LX312::W}1025}1140}LEX215}LX506","",""
"93247","1020","BUS","C1","Beren","Business Communication II",3,"Spear; Marc",0,20,20,0,25,25,"M||W}1155}1310}LEX215}LX312","",""
"92942","4741","BUS","3","Wilf","Business Internship",0,"Mayer; Steve",0,45,45,0,0,0,"}N/A}N/A}OFF}SITE","",""
"90855","4741","BUS","4","Beren","Business Internship",0,"Mayer; Steve",0,15,15,0,10,10,"}N/A}N/A}OFF}SITE","",""
"90572","1800","BLW","261","Wilf","Business as Human Enterprise",3,"Pava; Moses L.",0,25,25,0,10,10,"M}1845}2000}BELFHL}B430","HONR","Honors Course"
"90467","1800","BLW","P","Beren","Business as Human Enterprise",3,"Pava; Moses L.",0,25,25,0,5,5,"T}1630}1745}LEX215}LX313","HONR","Honors Course"
"93189","2021","BLW","211","Wilf","Ethical and Legal Environment in Business",3,"Staff",0,20,20,0,0,0,"M||W}1300}1415}TBA}","",""
"90487","2021","BLW","212","Wilf","Ethical and Legal Environment in Business",3,"Rayskin; Alexander",0,30,30,0,10,10,"M||W}1330}1500}FURST}","SYBC","Sy Syms-UG Business Core"
"90527","2021","BLW","242","Wilf","Ethical and Legal Environment in Business",3,"Feldman; Daniel",0,30,30,0,10,10,"M||W}1630}1745}GLUECK}G419","SYBC","Sy Syms-UG Business Core"
"90569","2021","BLW","311","Wilf","Ethical and Legal Environment in Business",3,"Greenberg; Robert Jay",0,30,30,0,10,10,"T||R}1330}1500}FURST}","SYBC","Sy Syms-UG Business Core"
"90506","2021","BLW","341","Wilf","Ethical and Legal Environment in Business",3,"Greenberg; Robert Jay",0,30,30,0,10,10,"T||R}1630}1745}BELFHL}B411","SYBC","Sy Syms-UG Business Core"
"90438","2021","BLW","D1","Beren","Ethical and Legal Environment in Business",3,"Greenberg; Robert Jay",0,30,30,0,10,10,"M||W}1325}1440}LEX215}LX209","SYBC","Sy Syms-UG Business Core"
"93274","1012","CHE","241","Wilf","Scientific Literacy",3,"Yang; Jin",0,24,24,0,5,5,"M||W}1630}1745}BELFHL}B823","",""
"90771","1045","CHE","231","Wilf","General Chemistry Lecture",3,"Yang; Jin",0,50,50,0,5,5,"M||W}1500}1615}BELFHL}B430::W}1750}1840}BELFHL}B430","NAWO||SYSC","YC-NAWO Requirement||Sy Syms-UG Nat/Soc Sci Req"
"93101","1122","CHE","331","Wilf","Chemical Analysis",4,"Jiang; Jianfeng",0,6,6,0,5,5,"T||R}1500}1615}BELFHL}B1610::R}1845}2145}BELFHL}B1610","",""
"90752","1213","CHE","341","Wilf","Organic Chemistry I Lecture",3,"Jiang; Jianfeng",0,36,36,0,5,5,"T||R}1630}1745}BELFHL}B807::T}1750}1840}BELFHL}B1607","SYSC","Sy Syms-UG Nat/Soc Sci Req"
"90842","1215","CHE","261","Wilf","Organic Chemistry I Lab",2,"Jackowski; Anna Catherine",0,12,12,0,5,5,"M}1845}2205}BELFHL}B1607","",""
"90754","1215","CHE","621","Wilf","Organic Chemistry I Lab",2,"Jackowski; Anna Catherine",0,12,12,0,5,5,"F}1000}1320}BELFHL}B1607","",""
"90755","1372","CHE","231","Wilf","Bioinformatics",4,"Viswanathan; Rajalakshmi",0,4,4,0,5,5,"M||W}1500}1615}BELFHL}B1610::M}1845}2045}BELFHL}B1610","HONR","Honors Course"
"90714","1376","CHE","341","Wilf","Principles of Biochemistry",3,"Catrina; Irina Elena",0,8,8,0,5,5,"T||R}1630}1745}BELFHL}B1410","",""
"90788","1377","CHE","361","Wilf","Principles of Biochemistry Lab",2,"Catrina; Irina Elena",0,6,6,0,5,5,"T}1845}2145}BELFHL}B1417","",""
"90757","1415","CHE","241","Wilf","Physical Chemistry I",3,"Viswanathan; Rajalakshmi",0,12,12,0,5,5,"M||W}1630}1745}BELFHL}B1610::M}1750}1840}BELFHL}B1610","SYSC","Sy Syms-UG Nat/Soc Sci Req"
"91798","1010","CHEM","KLT","Beren","Essentials of Chemistry",4,"Lavinda; Olga",0,16,16,0,10,10,"T||R}1025}1140}SCW}319::T}1145}1325}SCW}LB541","SCW3||SYSC","ST-Science &amp; Technology||Sy Syms-UG Nat/Soc Sci Req"
"91803","1045","CHEM","K","Beren","General Chemistry Lecture",3,"Rapp; Chaya",0,28,28,0,10,10,"T||R}1025}1140}SCW}518","HONR||SCW3","Honors Course||ST-Science &amp; Technology"
"91804","1045","CHEM","LEW","Beren","General Chemistry Lecture",3,"Rapp; Chaya",0,25,25,0,10,10,"T||R}1150}1305}SCW}518::W}1600}1650}SCW}607","SCW3||SYSC","ST-Science &amp; Technology||Sy Syms-UG Nat/Soc Sci Req"
"91805","1045","CHEM","LFW","Beren","General Chemistry Lecture",3,"Rapp; Chaya",0,25,25,0,10,10,"T||R}1150}1305}SCW}518::W}1700}1750}SCW}607","SCW3||SYSC","ST-Science &amp; Technology||Sy Syms-UG Nat/Soc Sci Req"
"91806","1045","CHEM","LPT","Beren","General Chemistry Lecture",3,"Rapp; Chaya",0,25,25,0,10,10,"T||R}1150}1305}SCW}518::T}1640}1750}SCW}607","SCW3||SYSC","ST-Science &amp; Technology||Sy Syms-UG Nat/Soc Sci Req"
"91807","1213","CHEM","KAM","Beren","Organic Chemistry I Lecture",3,"Drori; Ran",0,30,30,0,10,10,"M}0930}1020}SCW}KOCH::T||R}1025}1140}SCW}607","SYSC","Sy Syms-UG Nat/Soc Sci Req"
"91808","1213","CHEM","KNT","Beren","Organic Chemistry I Lecture",3,"Drori; Ran",0,35,35,0,10,10,"T||R}1025}1140}SCW}KOCH::T}1515}1605}SCW}","SYSC","Sy Syms-UG Nat/Soc Sci Req"
"91809","1215","CHEM","DFM","Beren","Organic Chemistry I Lab",2,"Sharma; Anshu",0,18,18,0,10,10,"M}1330}1420}SCW}607::M}1430}1730}SCW}LB543","",""
"91810","1215","CHEM","DFW","Beren","Organic Chemistry I Lab",2,"Lavinda; Olga",0,18,18,0,10,10,"W}1330}1420}SCW}607::W}1430}1730}SCW}LB543","",""
"91811","1215","CHEM","MPR","Beren","Organic Chemistry I Lab",2,"Sharma; Anshu",0,18,18,0,10,10,"R}1335}1425}SCW}607::R}1435}1735}SCW}LB543","",""
"91799","1376","CHEM","E","Beren","Biochemistry",3,"Staff",0,20,20,0,10,10,"M}1510}1625}SCW}102::W}1535}1650}TBA}","",""
"93339","1411","CHEM","NR","Beren","Research in Biophysics",4,"Drori; Ran",0,10,10,0,0,0,"R}1500}1615}TBA}","HONR","Honors Course"
"91801","1415","CHEM","M","Beren","Physical Chemistry I",3,"Rapp; Chaya",0,15,15,0,0,0,"T||R}1335}1450}SCW}319","SYSC","Sy Syms-UG Nat/Soc Sci Req"
"90678","1300","COM","341","Wilf","Introduction to Computer Science",4,"Diament; Judah M.",0,25,25,0,5,5,"T||R}1630}1830}GLUECK}G518","EXQM","YC-EXQM Requirement"
"90712","2113","COM","341","Wilf","Computer Organization",4,"Staff",0,35,35,0,5,5,"T||R}1630}1830}GLUECK}G516","",""
"90677","2512","COM","231","Wilf","Networking and Communications",3,"Staff",0,25,25,0,5,5,"M||W}1500}1615}GLUECK}G516","",""
"90672","2545","COM","231","Wilf","Algorithms",4,"Leff; Avraham",0,12,12,0,5,5,"F}1000}1050}GLUECK}G417::M||W}1500}1615}GLUECK}G417","",""
"90687","2545","COM","241","Wilf","Algorithms",4,"Leff; Avraham",0,12,12,0,5,5,"F}1000}1050}GLUECK}G417::M||W}1630}1745}GLUECK}G417","",""
"90698","3563","COM","341","Wilf","Database Implementation",3,"Leff; Avraham",0,40,40,0,5,5,"T||R}1630}1745}GLUECK}G417","HONR","Honors Course"
"90709","3640","COM","351","Wilf","Programming Languages",3,"Sacknovitz; Akiva",0,45,45,0,5,5,"T||R}1800}1915}GLUECK}G519","",""
"90726","3760","COM","231","Wilf","Artificial Intelligence",3,"Rosenfeld; Avi",0,50,50,0,5,5,"M||W}1500}1615}GLUECK}G518","",""
"90693","3800","COM","331","Wilf","Distributed Systems",3,"Diament; Judah M.",0,35,35,0,5,5,"T||R}1500}1615}GLUECK}G518","",""
"90695","3820","COM","341","Wilf","Parallel Algorithms and Programming",3,"Sacknovitz; Akiva",0,45,45,0,5,5,"T||R}1630}1745}GLUECK}","",""
"92940","3905","COM","231","Wilf","Individual and Group Projects",2,"Natarajan; Ramesh",0,5,5,0,0,0,"T}1500}1615}BELFHL}B1103","HONR","Honors Course"
"90681","4010","COM","432","Wilf","Advanced Machine Learning",3,"Bouneffouf; Jay",0,15,15,0,5,5,"W}1500}1745}GLUECK}G517","HONR","Honors Course"
"92147","1000","COMP","PT","Beren","Spatial Reasoning and Visualization",1,"Broder; Alan J.",0,30,30,0,0,0,"T}1630}1745}SCW}919","",""
"91746","1001","COMP","K","Beren","Introduction to Programming",3,"Cohen; Liat",0,25,25,0,10,10,"T||R}1025}1140}SCW}918","SCW2","ST-Quantitative Skills"
"91694","1300","COMP","CD","Beren","Introduction to Computer Science",4,"Broder; Alan J.",0,30,30,0,10,10,"M||W}1200}1315}TBA}::M||W}1325}1415}TBA}","SCW2","ST-Quantitative Skills"
"91835","1320","COMP","LM","Beren","Data Structures",4,"Cohen; Liat",0,25,25,0,0,0,"T||R}1200}1315}SCW}918::T||R}1325}1415}SCW}918","SCW2","ST-Quantitative Skills"
"91589","1504","COMP","D1","Beren","Discrete Structures",3,"Teitelman; Lawrence",0,25,25,0,10,10,"M||W}1325}1440}TBA}","",""
"91933","2113","COMP","P","Beren","Computer Organization",3,"Shamash; Ari",0,25,25,0,10,10,"T||R}1630}1745}SCW}918","",""
"91725","2314","COMP","EF","Beren","Linux Programming for Data Analysis",4,"Broder; Alan J.",0,25,25,0,10,10,"M||W}1510}1625}SCW}919::M||W}1635}1725}SCW}919","",""
"91629","2512","COMP","F","Beren","Networking and Communications",3,"Teitelman; Lawrence",0,25,25,0,10,10,"M}1640}1755}SCW}1019::W}1700}1815}SCW}1019","",""
"91599","2545","COMP","C","Beren","Algorithms",3,"Waxman; Joshua",0,25,25,0,10,10,"M||W}1155}1310}SCW}919","",""
"91724","3770","COMP","E","Beren","Natural Language Processing",3,"Waxman; Joshua",0,20,20,0,10,10,"M}1510}1625}SCW}918::W}1535}1650}TBA}","HONR","Honors Course"
"93191","1010","ECO","231","Wilf","Principles of Economics",3,"Staff",0,20,20,0,0,0,"M||T}1600}1715}TBA}","",""
"90719","1010","ECO","241","Wilf","Principles of Economics",3,"Grivoyannis; Elias C.",0,35,35,0,5,5,"M||W}1630}1745}FURST}","HBSI","YC-HBSI Requirement"
"90670","1010","ECO","261","Wilf","Principles of Economics",3,"David; Karen",0,35,35,0,5,5,"M||W}1845}2000}BELFHL}B807","HBSI","YC-HBSI Requirement"
"90666","1010","ECO","311","Wilf","Principles of Economics",3,"Shao; Ran",0,35,35,0,5,5,"T||R}1330}1445}BELFHL}B430","HBSI","YC-HBSI Requirement"
"90691","1010","ECO","331","Wilf","Principles of Economics",3,"Shao; Ran",0,35,35,0,5,5,"T||R}1500}1615}BELFHL}B430","HBSI","YC-HBSI Requirement"
"90930","1101","ECO","341","Wilf","Microeconomic Analysis",3,"Shao; Ran",0,20,20,0,0,0,"T||R}1630}1745}BELFHL}B430","",""
"90903","1177","ECO","261","Wilf","Game Theory",3,"Hashimoto; Tadashi",0,20,20,0,0,0,"M||W}1845}2000}BELFHL}","",""
"90673","1221","ECO","331","Wilf","Money; Banking; and Financial Markets",3,"Kahn; James",0,20,20,0,5,5,"T||R}1500}1615}BELFHL}B823","",""
"92114","1421","ECO","231","Wilf","Econometrics",3,"Staff",0,20,20,0,5,5,"M||W}1500}1615}FURST}F317","EXQM","YC-EXQM Requirement"
"93102","2201","ECO","261","Wilf","Labor Economics",3,"Grivoyannis; Elias C.",0,20,20,0,5,5,"M||W}1845}2000}FURST}","",""
"91652","1010","ECON","D1","Beren","Principles of Economics",3,"Staff",0,30,30,0,10,10,"M||W}1325}1440}SCW}101","FNDT","ST-Foundations &amp; Contemporary"
"92555","1010","ECON","N","Beren","Principles of Economics",3,"Hashimoto; Tadashi",0,30,30,0,10,10,"T||R}1500}1615}TBA}","FNDT","ST-Foundations &amp; Contemporary"
"93203","1031","ECON","P","Beren","Introduction to Economics I (Microeconomics)",3,"Staff; ",0,20,20,0,0,0,"T||R}1630}1745}TBA}","",""
"93259","1177","ECON","M","Beren","Game Theory",3,"Hashimoto; Tadashi",0,30,30,0,10,10,"T||R}1335}1450}LEX215}LX313","FNDT","ST-Foundations &amp; Contemporary"
"91600","1221","ECON","L","Beren","Money; Banking; and Financial Markets",3,"Kahn; James",0,15,15,0,0,0,"T||R}1150}1305}SCW}319","FNDT","ST-Foundations &amp; Contemporary"
"91660","2133","EDUC","B","Beren","Linguistic Tools and Literacy Development in Early Childhood",3,"Resnick; Meredith Lee",0,12,12,0,10,10,"M||W}1025}1125}SCW}906","",""
"91584","2301","EDUC","C","Beren","Lang &amp; Lit in Childhood Edu I",3,"Resnick; Meredith Lee",0,25,25,0,10,10,"M||W}1155}1255}SCW}906","",""
"91573","2303","EDUC","L","Beren","Teaching Social Studies",3,"Hirsch; Miriam Ungar",0,24,24,0,10,10,"T||R}1150}1305}SCW}906","",""
"91661","2807","EDUC","K","Beren","Literature of Pedagogy",3,"Hirsch; Miriam Ungar",0,25,25,0,10,10,"T||R}1025}1140}SCW}906","",""
"91595","2930","EDUC","DEW","Beren","Senior Seminar in Edu",3,"Resnick; Meredith Lee",0,20,20,0,10,10,"W}1325}1555}SCW}906","",""
"91567","2935","EDUC","DEW","Beren","Sr. Sem. in Early Childhood Ed",3,"Resnick; Meredith Lee",0,12,12,0,10,10,"W}1325}1555}SCW}906","",""
"91596","2940","EDUC","TBA","Beren","Childhood Student Teaching",6,"Davis; Jere Eliza",0,15,15,0,10,10,"M||T||R}0800}1600}OFF}SITE::W||F}0800}1230}OFF}SITE","",""
"91562","2945","EDUC","TBA","Beren","Early Childhood Student Teaching",6,"Davis; Jere Eliza",0,12,12,0,10,10,"M||T||R}0800}1600}OFF}SITE::W||F}0800}1230}OFF}SITE","",""
"93210","3035","EDUC","M","Beren","Education; Leadership and Supervision",3,"Hirsch; Miriam Ungar",0,15,15,0,10,10,"T||R}1335}1450}SCW}906","",""
"91646","4932","EDUC","NPT","Beren","Topics: Mysteries of Math",3,"Alter; Marion",0,20,20,0,10,10,"T}1500}1730}SCW}906","",""
"90906","1001","ENG","341","Wilf","Books on Books/Films on Films",3,"Geyh; Paula",0,28,28,0,5,5,"T||R}1630}1745}BELFHL}B218","INTC||SYHM","YC-INTC Requirement||Sy Syms-UG Humanities Req"
"93104","1002","ENG","241","Wilf","Diaspora Literature",3,"Stewart; Elizabeth",0,28,28,0,5,5,"M||W}1630}1745}BELFHL}B515","COWC||SYHM","YC-COWC Requirement||Sy Syms-UG Humanities Req"
"93105","1006","ENG","341","Wilf","The Monstrous",3,"Lavinsky; David",0,28,28,0,5,5,"T||R}1630}1745}GLUECK}G416","CUOT||SYHM","YC-CUOT Requirement||Sy Syms-UG Humanities Req"
"93192","1007","ENG","211","Wilf","Fiction and Artistic Imagination",3,"Mandel; Michael Walter",0,20,20,0,0,0,"M||W}1300}1415}TBA}","",""
"93106","1017","ENG","231","Wilf","Law and Literature",3,"Stewart; Elizabeth",0,28,28,0,5,5,"M||W}1500}1615}BELFHL}B515","INTC||SYHM","YC-INTC Requirement||Sy Syms-UG Humanities Req"
"90908","1033","ENG","311","Wilf","Utopias and Dystopias",3,"Geyh; Paula",0,28,28,0,5,5,"T||R}1330}1445}BELFHL}B218","CUOT||SYHM","YC-CUOT Requirement||Sy Syms-UG Humanities Req"
"90851","1036","ENG","231","Wilf","Travel Writing",3,"Mandel; Michael Walter",0,0,0,0,0,0,"M||W}1500}1615}BELFHL}B1410","",""
"93107","1090","ENG","341","Wilf","Digital Storytelling: Narrative in the New Media Age",3,"Puretz; David Eli",0,12,12,0,5,5,"T||R}1630}1745}FURST}F311","",""
"93108","2049","ENG","241","Wilf","Romantic Revolutions",3,"Fitzgerald; Lauren",0,20,20,0,5,5,"M||W}1630}1745}BELFHL}B813","WRIN","YC-WRIN Requirement"
"93109","2360","ENG","211","Wilf","The Enlightenment",3,"Shanafelt; Carrie Deanne",0,28,28,0,5,5,"M||W}1330}1445}TBA}","INTC||SYHM","YC-INTC Requirement||Sy Syms-UG Humanities Req"
"93110","2360","ENG","241","Wilf","The Enlightenment",3,"Shanafelt; Carrie Deanne",0,15,15,0,5,5,"M||W}1630}1745}TBA}","HONR||INTC||SYHM","Honors Course||YC-INTC Requirement||Sy Syms-UG Humanities Req"
"93220","2841","ENG","361","Wilf","Arthurian Legends",3,"Lavinsky; David",0,18,18,0,5,5,"T||R}1845}2000}GLUECK}G416","WRIN","YC-WRIN Requirement"
"93111","2920","ENG","621","Wilf","Topics in Lit: Great Works: Frankenstein&rsquo;s Influences",3,"Fitzgerald; Lauren",0,15,15,0,5,5,"F}1000}1230}BELFHL}B515","CUOT||HONR","YC-CUOT Requirement||Honors Course"
"93112","2920","ENG","622","Wilf","Topics in Lit: Melville/Whitman",3,"Sugarman; Fred",0,15,15,0,5,5,"F}1000}1230}BELFHL}B203","HONR||INTC","Honors Course||YC-INTC Requirement"
"93113","2960","ENG","331","Wilf","Art of Film: 1896-1968",3,"Geyh; Paula",0,20,20,0,5,5,"T||R}1500}1615}BELFHL}B218","",""
"90690","3005","ENG","261","Wilf","Advanced Seminar",3,"Stewart; Elizabeth",0,15,15,0,5,5,"M}1800}2030}BELFHL}B515","",""
"93114","4930","ENG","231","Wilf","Topics in Communication: Contemporary World Poetry",3,"Trimboli; Brian Michael",0,15,15,0,5,5,"M||W}1500}1615}BELFHL}","COWC||SYHM","YC-COWC Requirement||Sy Syms-UG Humanities Req"
"93115","4930","ENG","331","Wilf","Topics in Communication: Plague Narratives: The Black Death",3,"Lavinsky; David",0,15,15,0,5,5,"T||R}1500}1615}TBA}","HONR||INTC","Honors Course||YC-INTC Requirement"
"91605","1010","ENGL","M","Beren","Essentials of Writing",3,"Fiehn; Charlotte",0,15,15,0,10,10,"T||R}1335}1450}LEX215}LX402","",""
"91571","1100","ENGL","A","Beren","Composition and Rhetoric",3,"Payne; Katherine Elaine",0,18,18,0,10,10,"M||W}0900}1015}LEX215}LX717","SCW1","ST-Modes of Expression"
"91556","1100","ENGL","B","Beren","Composition and Rhetoric",3,"Snider; Sarah",0,18,18,0,10,10,"M||W}1025}1140}LEX215}LX420","SCW1","ST-Modes of Expression"
"91570","1100","ENGL","C","Beren","Composition and Rhetoric",3,"Snider; Sarah",0,18,18,0,10,10,"M||W}1155}1310}LEX215}LX420","SCW1","ST-Modes of Expression"
"91610","1100","ENGL","D1","Beren","Composition and Rhetoric",3,"Staff",0,18,18,0,10,10,"M||W}1325}1440}LEX215}LX506","SCW1","ST-Modes of Expression"
"91630","1100","ENGL","E","Beren","Composition and Rhetoric",3,"Payne; Katherine Elaine",0,18,18,0,10,10,"M}1510}1625}LEX215}LX209::W}1535}1650}LEX215}LX209","SCW1","ST-Modes of Expression"
"90610","1100","ENGL","K1","Beren","Composition and Rhetoric",3,"Mandel; Michael Walter",0,20,20,0,0,0,"T||R}1025}1140}SCW}","SCW1","ST-Modes of Expression"
"91620","1100","ENGL","L","Beren","Composition and Rhetoric",3,"Staff",0,18,18,0,10,10,"T||R}1150}1305}LEX215}LX506","SCW1","ST-Modes of Expression"
"91687","1100","ENGL","M","Beren","Composition and Rhetoric",3,"Staff",0,18,18,0,10,10,"T||R}1335}1450}TBA}","SCW1","ST-Modes of Expression"
"91832","1200","ENGL","B","Beren","Freshman Honors Seminar",3,"Payne; Katherine Elaine",0,16,16,0,10,10,"M||W}1025}1140}TBA}","HONR||SCW1","Honors Course||ST-Modes of Expression"
"91757","1200","ENGL","L","Beren","Freshman Honors Seminar",3,"Nachumi; Nora",0,16,16,0,10,10,"T||R}1150}1305}TBA}","HONR||SCW1","Honors Course||ST-Modes of Expression"
"91756","1200","ENGL","N","Beren","Freshman Honors Seminar",3,"Fiehn; Charlotte",0,16,16,0,10,10,"T||R}1500}1615}LEX215}LX210","HONR||SCW1","Honors Course||ST-Modes of Expression"
"93212","1501","ENGL","GHM","Beren","News Writing and Reporting",3,"Gewirtz; Jason Bradley",0,15,15,0,5,5,"M}1800}2030}TBA}","",""
"91936","1720","ENGL","D1","Beren","Topics in Media Studies: Media Revolutions",3,"Freedman; Jeffrey",0,2,2,0,5,5,"M||W}1325}1440}LEX215}LX314","",""
"93213","1800","ENGL","D1","Beren","Introduction to Creative Writing",3,"Snider; Sarah",0,15,15,0,5,5,"M||W}1325}1440}TBA}","",""
"93214","1812","ENGL","E","Beren","Screenwriting",3,"Mintz; Erik",0,15,15,0,5,5,"M}1510}1625}TBA}::W}1535}1650}TBA}","",""
"91579","2000","ENGL","C","Beren","Textual Methods and Theory",3,"O&#39;Malley; Seamus",0,20,20,0,10,10,"M||W}1155}1310}TBA}","INTR||SYHM","ST-Interpreting Lit &amp; Arts||Sy Syms-UG Humanities Req"
"93215","2004","ENGL","B","Beren","Survey of British Literature II",3,"O&#39;Malley; Seamus",0,30,30,0,10,10,"M||W}1025}1140}TBA}","INTR||SYHM","ST-Interpreting Lit &amp; Arts||Sy Syms-UG Humanities Req"
"93216","2590","ENGL","D1","Beren","African American Literature",3,"Payne; Katherine Elaine",0,30,30,0,10,10,"M||W}1325}1440}TBA}","INTR||SYHM","ST-Interpreting Lit &amp; Arts||Sy Syms-UG Humanities Req"
"91942","2700","ENGL","NPT","Beren","Introduction to Film",3,"Nachumi; Nora",0,20,20,0,10,10,"T}1500}1740}SCW}1015","INTR||SYHM","ST-Interpreting Lit &amp; Arts||Sy Syms-UG Humanities Req"
"93217","2820","ENGL","N","Beren","Literature and the Environment",3,"Peters; Ann",0,20,20,0,10,10,"T||R}1500}1615}TBA}","HONR||INTR","Honors Course||ST-Interpreting Lit &amp; Arts"
"93218","2880","ENGL","M","Beren","Parents and Children",3,"Peters; Ann",0,30,30,0,10,10,"T||R}1335}1450}TBA}","INTR||SYHM","ST-Interpreting Lit &amp; Arts||Sy Syms-UG Humanities Req"
"93199","2920","ENGL","J","Beren","Topics in Literature: Women &amp; Literature",3,"Mandel; Michael Walter",0,20,20,0,0,0,"T||R}0900}1015}TBA}","",""
"91762","2920","ENGL","K","Beren","Topics in Literature: Jane Austen in her Time",3,"Nachumi; Nora",0,20,20,0,10,10,"T||R}1025}1140}TBA}","HONR||INTR","Honors Course||ST-Interpreting Lit &amp; Arts"
"91945","2920","ENGL","L","Beren","Topics in Literature: Great Books",3,"Fiehn; Charlotte",0,30,30,0,10,10,"T||R}1150}1305}LEX215}LX210","INTR||SYHM","ST-Interpreting Lit &amp; Arts||Sy Syms-UG Humanities Req"
"93219","3733","ENGL","E","Beren","The Development of the British Novel III",3,"O&#39;Malley; Seamus",0,30,30,0,10,10,"M}1510}1625}TBA}::W}1535}1650}TBA}","INTR||SYHM","ST-Interpreting Lit &amp; Arts||Sy Syms-UG Humanities Req"
"90551","1020","ENT","211","Wilf","Principles of Strategy",3,"Levine; Jeremy Louis",0,30,30,0,10,10,"M||W}1330}1500}FURST}","SYBC","Sy Syms-UG Business Core"
"90539","1020","ENT","231","Wilf","Principles of Strategy",3,"Levine; Jeremy Louis",0,25,25,0,10,10,"M||W}1500}1615}FURST}F307","HONR","Honors Course"
"92537","1020","ENT","311","Wilf","Principles of Strategy",3,"Sandler; Jim H.",0,30,30,0,10,10,"T||R}1330}1500}BELFHL}","SYBC","Sy Syms-UG Business Core"
"90543","1020","ENT","331","Wilf","Principles of Strategy",3,"Sandler; Jim H.",0,30,30,0,10,10,"T||R}1500}1615}FURST}F313","SYBC","Sy Syms-UG Business Core"
"90626","1020","ENT","332","Wilf","Principles of Strategy",3,"Inger; Debra",0,30,30,0,10,10,"T||R}1500}1615}FURST}F214","SYBC","Sy Syms-UG Business Core"
"90563","1020","ENT","341","Wilf","Principles of Strategy",3,"Staff",0,25,25,0,10,10,"T||R}1630}1745}FURST}F214","HONR","Honors Course"
"90582","1020","ENT","361","Wilf","Principles of Strategy",3,"Staff",0,30,30,0,10,10,"T||R}1845}2000}FURST}F313","HONR||SYBC","Honors Course||Sy Syms-UG Business Core"
"90453","1020","ENT","J","Beren","Principles of Strategy",3,"Poczter; Sharon L.",0,25,25,0,10,10,"T||R}0900}1015}LEX215}LX314","HONR","Honors Course"
"90454","1020","ENT","K","Beren","Principles of Strategy",3,"Poczter; Sharon L.",0,30,30,0,10,10,"T||R}1025}1140}LEX215}LX314","SYBC","Sy Syms-UG Business Core"
"90464","1020","ENT","L","Beren","Principles of Strategy",3,"Inger; Debra",0,30,30,0,10,10,"T||R}1150}1305}LEX215}","SYBC","Sy Syms-UG Business Core"
"90540","2110","ENT","241","Wilf","Organizational Behavior",3,"Kristal; Ariella Sara",0,30,30,0,10,10,"M||W}1630}1745}FURST}F309","",""
"90455","2110","ENT","D1","Beren","Organizational Behavior",3,"Kristal; Ariella Sara",0,30,30,0,5,5,"M||W}1325}1440}SCW}518","",""
"90634","2621","ENT","241","Wilf","Applied Research",3,"Oh; Travis",0,10,10,0,5,5,"M||W}1630}1745}FURST}F312","",""
"93271","2800","ENT","J","Beren","Entrepreneurial Leadership",3,"Finkel; Mark",0,0,0,0,0,0,"T||R}0900}1015}TBA}","",""
"90585","3015","ENT","341","Wilf","Leadership",3,"Joel; Richard M.",0,30,30,0,15,15,"T||R}1630}1745}FURST}F313","",""
"93246","3015","ENT","M","Beren","Leadership",3,"Hernandez-Lagos; Pablo Ignacio",0,30,30,0,5,5,"T||R}1335}1450}TBA}","",""
"90628","3502","ENT","341","Wilf","Creative and Innovative Product Development",3,"Goldstein; Johanna",0,15,15,0,5,5,"T||R}1630}1745}BELFHL}B211","",""
"90578","3720","ENT","231","Wilf","Business Strategy (Capstone)",3,"Allen; Robert",0,30,30,0,10,10,"M||W}1500}1615}BELFHL}B209","",""
"90541","3780","ENT","331","Wilf","Principles of Entrepreneurship",3,"Finkel; Mark",0,30,30,0,10,10,"T||R}1500}1615}BELFHL}B207","",""
"90456","3780","ENT","K","Beren","Principles of Entrepreneurship",3,"Finkel; Mark",0,30,30,0,15,15,"T||R}1025}1140}LEX215}LX405","",""
"90544","3784","ENT","361","Wilf","Angel and Venture Capital Investing",3,"Bellows; Moshe Z.",0,5,5,0,10,10,"T}1900}2130}TBA}","",""
"90457","3784","ENT","RT","Beren (Online)","Angel and Venture Capital Investing",3,"Bellows; Moshe Z.",0,7,7,0,15,15,"T}1900}2130}ON}LINE","",""
"93193","4930","ENT","211","Wilf","Topics: Crypto to AI",1,"Rao; Liteshwar",0,20,20,0,0,0,"M||W}1300}1415}TBA}","",""
"90586","4930","ENT","261","Wilf","Topics: Strategic Project Management",1,"Kauffman; Bret David",0,30,30,0,10,10,"M}1845}2130}BELFHL}B207","",""
"93221","4930","ENT","461","Wilf","Topics: Scaling AI startups",1,"Lewis; Adam",0,30,30,0,10,10,"W}1845}2130}BELFHL}B207","",""
"90570","1001","FIN","241","Wilf","Principles of Finance",3,"Levitchi; Lora Carmen",0,30,30,0,10,10,"M||W}1630}1745}GLUECK}G418","SYBC","Sy Syms-UG Business Core"
"93224","1001","FIN","242","Wilf","Principles of Finance",3,"Mehl; Sidney",0,30,30,0,10,10,"T||R}1630}1745}GLUECK}","SYBC","Sy Syms-UG Business Core"
"90488","1001","FIN","261","Wilf","Principles of Finance",3,"Levitchi; Lora Carmen",0,30,30,0,10,10,"M||W}1845}2000}GLUECK}G518","SYBC","Sy Syms-UG Business Core"
"90510","1001","FIN","341","Wilf","Principles of Finance",3,"Mehl; Sidney",0,30,30,0,10,10,"T||R}1630}1745}BELFHL}","SYBC","Sy Syms-UG Business Core"
"90507","1001","FIN","342","Wilf","Principles of Finance",3,"Gu; Lifeng",0,30,30,0,10,10,"T||R}1630}1745}BELFHL}","SYBC","Sy Syms-UG Business Core"
"90426","1001","FIN","K","Beren","Principles of Finance",3,"Dakhli; Anne Hanane",0,30,30,0,5,5,"T||R}1025}1140}LEX215}LX420","SYBC","Sy Syms-UG Business Core"
"90443","1001","FIN","N","Beren","Principles of Finance",3,"Dakhli; Anne Hanane",0,30,30,0,5,5,"T||R}1500}1615}LEX215}LX313","SYBC","Sy Syms-UG Business Core"
"90508","1408","FIN","231","Wilf","Corporate Finance",3,"Coiculescu; Gabriela",0,25,25,0,20,20,"M||W}1500}1615}FURST}","",""
"90489","1408","FIN","241","Wilf","Corporate Finance",3,"Coiculescu; Gabriela",0,30,30,0,10,10,"M||W}1630}1745}FURST}F206","",""
"90588","1408","FIN","261","Wilf","Corporate Finance",3,"Coiculescu; Gabriela",0,30,30,0,10,10,"M||W}1845}2000}FURST}","",""
"90435","1408","FIN","F","Beren (Online)","Corporate Finance",3,"Rosenfeld; Ahron",0,30,30,0,5,5,"M||W}1640}1755}ON}LINE","",""
"92487","2221","FIN","331","Wilf","Money and Banking",3,"Kahn; James",0,15,15,0,0,0,"T||R}1500}1615}BELFHL}B823","",""
"92486","2221","FIN","L","Beren","Money and Banking",3,"Kahn; James",0,15,15,0,5,5,"T||R}1150}1305}SCW}319","",""
"90522","2409","FIN","241","Wilf","Advanced Corporate Finance (Capstone)",3,"Ravid; S. Abraham",0,25,25,0,10,10,"M||W}1630}1745}BELFHL}B411","",""
"92836","2409","FIN","461","Wilf","Advanced Corporate Finance (Capstone)",3,"Ravid; S. Abraham",0,25,25,0,10,10,"W}1845}2115}BELFHL}B825","",""
"90516","2505","FIN","211","Wilf","Investment Analysis",3,"Krausz; Joshua",0,30,30,0,10,10,"M||W}1330}1445}BELFHL}B411","",""
"90490","2505","FIN","231","Wilf","Investment Analysis",3,"Krausz; Joshua",0,30,30,0,10,10,"M||W}1500}1615}BELFHL}B411","",""
"90589","2505","FIN","331","Wilf","Investment Analysis",3,"Gu; Lifeng",0,30,30,0,10,10,"T||R}1500}1615}GLUECK}G419","",""
"90447","2505","FIN","NPT","Beren","Investment Analysis",3,"Krausz; Joshua",0,30,30,0,5,5,"T}1500}1745}LEX215}","",""
"93225","2508","FIN","341","Wilf","Entrepreneurial Finance",3,"Harrison; Andy Levi",0,30,30,0,10,10,"T||R}1630}1745}TBA}","",""
"93248","2508","FIN","M","Beren","Entrepreneurial Finance",3,"Dakhli; Anne Hanane",0,30,30,0,5,5,"T||R}1335}1450}TBA}","",""
"90528","2949","FIN","561","Wilf","Real Estate Finance",3,"Bandyopadhyay; Arka",0,30,30,0,10,10,"R}1830}2000}FURST}F213","",""
"90449","2949","FIN","P","Beren","Real Estate Finance",3,"Stern; Amit",0,15,15,0,5,5,"T||R}1630}1745}SCW}301","",""
"90503","3510","FIN","311","Wilf","Options and Futures",3,"Gill; Balbinder Singh",0,30,30,0,10,10,"T||R}1330}1500}FURST}","",""
"92459","3510","FIN","331","Wilf","Options and Futures",3,"Gill; Balbinder Singh",0,30,30,0,10,10,"T||R}1500}1615}FURST}F307","",""
"90856","3510","FIN","E1","Beren","Options and Futures",3,"Rosenfeld; Ahron",0,30,30,0,5,5,"M||W}1510}1625}ON}LINE","",""
"90496","3720","FIN","361","Wilf","Fixed Income Securities",3,"Gill; Balbinder Singh",0,30,30,0,10,10,"T||R}1845}2000}GLUECK}","",""
"90533","3784","FIN","361","Wilf","Angel and Venture Capital Investing",3,"Bellows; Moshe Z.",0,8,8,0,5,5,"T}1900}2130}TBA}","",""
"90448","3784","FIN","RT","Beren","Angel and Venture Capital Investing",3,"Bellows; Moshe Z.",0,7,7,0,15,15,"T}1900}2130}SCW}102","",""
"90491","3851","FIN","241","Wilf","Financial Statement Analysis",3,"Staff",0,15,15,0,10,10,"M||W}1630}1745}FURST}F305","HONR","Honors Course"
"90660","1020","FYWR","211","Wilf","First Year Writing",3,"Trimboli; Brian Michael",0,15,15,0,5,5,"M||W}1330}1445}FURST}F210","",""
"90720","1020","FYWR","231","Wilf","First Year Writing",3,"Shanafelt; Carrie Deanne",0,15,15,0,5,5,"M||W}1500}1615}FURST}","",""
"92842","1020","FYWR","232","Wilf","First Year Writing: ESL",3,"Silbermintz; Norma",0,15,15,0,5,5,"M||W}1500}1615}FURST}F217","",""
"90662","1020","FYWR","241","Wilf","First Year Writing",3,"Trimboli; Brian Michael",0,15,15,0,5,5,"M||W}1630}1745}FURST}F217","",""
"90665","1020","FYWR","242","Wilf","First Year Writing:ESL",3,"Silbermintz; Norma",0,15,15,0,5,5,"M||W}1630}1745}FURST}F217","",""
"90663","1020","FYWR","331","Wilf","First Year Writing",3,"Puretz; David Eli",0,15,15,0,5,5,"T||R}1500}1615}FURST}F211","",""
"90596","1020","FYWR","333","Wilf","First Year Writing",3,"Mandel; Michael Walter",0,20,20,0,0,0,"T||R}1430}1545}FURST}F316","KZAS","Katz AS Program"
"90661","1020","FYWR","341","Wilf","First Year Writing",3,"Staff",0,15,15,0,5,5,"T||R}1630}1745}FURST}F211","",""
"90664","1020","FYWR","361","Wilf","First Year Writing",3,"Puretz; David Eli",0,15,15,0,5,5,"T||R}1845}2000}FURST}F211","",""
"90805","1010","HEB","331","Wilf (Online)","Hebrew Level I",2,"Staff",0,20,20,0,0,0,"R}1500}1615}ON}LINE","",""
"90688","1010","HEB","ONL","Wilf (Online)","Hebrew Level I",2,"Staff",0,29,29,0,0,0,"}N/A}N/A}ON}LINE","",""
"90811","1020","HEB","ONB","Wilf (Online)","Hebrew Level II",2,"Staff",0,20,20,0,0,0,"}N/A}N/A}ON}LINE","",""
"93117","1020","HEB","ONC","Wilf (Online)","Hebrew Level II",2,"Staff",0,20,20,0,0,0,"}N/A}N/A}ON}LINE","",""
"90708","1020","HEB","ONL","Wilf (Online)","Hebrew Level II",2,"Staff",0,20,20,0,0,0,"}N/A}N/A}ON}LINE","",""
"90807","1030","HEB","331","Wilf (Online)","Hebrew Level III",2,"Staff",0,20,20,0,0,0,"R}1500}1615}ON}LINE","",""
"93116","1030","HEB","ONA","Wilf (Online)","Hebrew Level III",2,"Staff",0,20,20,0,0,0,"}N/A}N/A}ON}LINE","",""
"90812","1030","HEB","ONB","Wilf (Online)","Hebrew Level III",2,"Staff",0,20,20,0,0,0,"}N/A}N/A}ON}LINE","",""
"90808","1030","HEB","ONC","Wilf (Online)","Hebrew Level III",2,"Staff",0,32,32,0,0,0,"}N/A}N/A}ON}LINE","",""
"90809","1030","HEB","OND","Wilf (Online)","Hebrew Level III",2,"Staff",0,20,20,0,0,0,"}N/A}N/A}ON}LINE","",""
"90810","1030","HEB","ONE","Wilf (Online)","Hebrew Level III",2,"Staff",0,20,20,0,0,0,"}N/A}N/A}ON}LINE","",""
"90689","1030","HEB","ONL","Wilf (Online)","Hebrew Level III",2,"Staff",0,20,20,0,0,0,"}N/A}N/A}ON}LINE","",""
"90844","1040","HEB","341","Wilf","Readings in Biblical Hebrew",3,"Adler; Ari",0,20,20,0,0,0,"T||R}1630}1745}FURST}F207","",""
"92525","1001","HEBR","C","Beren","Basic Hebrew Language I",2,"Perlman; Chani",0,25,25,0,5,5,"M||W}1155}1310}SCW}619","",""
"92526","1002","HEBR","A","Beren","Basic Hebrew Language II",2,"Goldwicht; Hilla",0,20,20,0,5,5,"M||W}0900}1015}SCW}818","",""
"92042","1010","HEBR","NT","Beren","Hebrew Level I",1,"Staff",0,20,20,0,5,5,"T}1500}1615}ON}LINE","",""
"93263","1010","HEBR","TB1","Beren (Online)","Hebrew Level I",1,"Staff",0,20,20,0,5,5,"}N/A}N/A}ON}LINE","",""
"91691","1020","HEBR","NT","Beren (Online)","Hebrew Level II",2,"Cohen; Esther",0,20,20,0,5,5,"T}1500}1615}ON}LINE","",""
"91654","1020","HEBR","TB1","Beren (Online)","Hebrew Level II",2,"Staff",0,20,20,0,5,5,"}N/A}N/A}ON}LINE","",""
"91658","1030","HEBR","NT","Beren (Online)","Hebrew Level III",2,"Staff",0,20,20,0,5,5,"T}1500}1615}ON}LINE","",""
"91656","1030","HEBR","TB1","Beren (Online)","Hebrew Level III",2,"Staff",0,20,20,0,5,5,"}N/A}N/A}ON}LINE","",""
"91657","1030","HEBR","TB2","Beren (Online)","Hebrew Level III",2,"Staff",0,20,20,0,5,5,"}N/A}N/A}ON}LINE","",""
"91690","1030","HEBR","TB3","Beren (Online)","Hebrew Level III",2,"Staff",0,20,20,0,5,5,"}N/A}N/A}ON}LINE","",""
"92519","1240","HEBR","K","Beren","Topics for Bible in Hebrew",2,"Rosensweig; Smadar",0,15,15,0,3,3,"T||R}1025}1140}SCW}406","",""
"93279","1250","HEBR","B","Beren","Topics in Jewish Thought in Hebrew",2,"Goldwicht; Hilla",0,20,20,0,5,5,"M||W}1025}1140}SCW}818","",""
"93280","1260","HEBR","C","Beren","Topics in Hebrew Literature in Hebrew",2,"Goldwicht; Hilla",0,20,20,0,5,5,"M||W}1155}1310}SCW}818","",""
"91990","1040","HES","JS2","Wilf","Hebrew Language and Literature",1,"Staff",0,100,100,0,0,0,"}N/A}N/A}TBA}","",""
"91991","1040","HES","JS3","Wilf","Hebrew Language and Literature",1,"Staff",0,500,500,0,0,0,"}N/A}N/A}TBA}","",""
"91992","1040","HES","JS4","Wilf","Hebrew Language and Literature",1,"Staff",0,500,500,0,0,0,"}N/A}N/A}TBA}","",""
"90868","1140","HES","MY1","Wilf","Hebrew Language and Literature",1,"Staff",0,500,500,0,0,0,"}N/A}N/A}TBA}","",""
"90881","1140","HES","MY2","Wilf","Hebrew Language and Literature",1,"Staff",0,500,500,0,0,0,"}N/A}N/A}TBA}","",""
"90882","1140","HES","MY3","Wilf","Hebrew Language and Literature",1,"Staff",0,500,500,0,0,0,"}N/A}N/A}TBA}","",""
"93084","1140","HES","MY5","Wilf","Hebrew Language and Literature",1,"Staff",0,100,100,0,0,0,"}N/A}N/A}TBA}","",""
"91929","1240","HES","IB2","Wilf","Hebrew Language and Literature",0,"Staff",0,500,500,0,0,0,"}N/A}N/A}TBA}","",""
"91930","1240","HES","IB3","Wilf","Hebrew Language and Literature",0,"Staff",0,500,500,0,0,0,"}N/A}N/A}TBA}","",""
"93047","1240","HES","IB4","Wilf","Hebrew Language and Literature",0,"Staff",0,500,500,0,0,0,"}N/A}N/A}TBA}","",""
"91074","1640","HES","BM1","Wilf","Hebrew Language and Literature",1,"Staff",0,500,500,0,0,0,"}N/A}N/A}TBA}","",""
"91075","1640","HES","BM2","Wilf","Hebrew Language and Literature",1,"Staff",0,500,500,0,0,0,"}N/A}N/A}TBA}","",""
"91076","1640","HES","BM3","Wilf","Hebrew Language and Literature",1,"Staff",0,500,500,0,0,0,"}N/A}N/A}TBA}","",""
"93085","1640","HES","BM5","Wilf","Hebrew Language and Literature",1,"Staff",0,100,100,0,0,0,"}N/A}N/A}TBA}","",""
"90674","1101","HIS","231","Wilf","The Emergence of Europe",3,"Stenhouse; William",0,25,25,0,5,5,"M||W}1500}1615}FURST}F306","SYHM","Sy Syms-UG Humanities Req"
"90904","1201","HIS","361","Wilf","Survey of United States History I",3,"Burgess; Doug",0,30,30,0,5,5,"T||R}1845}2000}GLUECK}G418","SYHM||USHS","Sy Syms-UG Humanities Req||YC-US HIS (US His)"
"93258","2108","HIS","241","Wilf","Revolution; Emancipation; Violence: France and Haiti 1750-1820",3,"Freedman; Jeffrey",0,15,15,0,5,5,"M||W}1630}1745}FURST}F311","CUOT","YC-CUOT Requirement"
"93194","2225","HIS","211","Wilf","Social Movements in American History",3,"Staff",0,20,20,0,0,0,"M||W}1430}1545}TBA}","",""
"93118","2430","HIS","231","Wilf","Drashot as a Source of Eastern European Jewry",2,"Karlip; Moshe Yosef",0,5,5,0,5,5,"T||R}1500}1615}TBA}","",""
"93119","2601","HIS","341","Wilf","History of Law",3,"Burgess; Doug",0,25,25,0,5,5,"T||R}1845}2000}TBA}","CUOT","YC-CUOT Requirement"
"90680","2909","HIS","261","Wilf","Media Revolutions:  From Scroll to Screen",3,"Freedman; Jeffrey",0,25,25,0,5,5,"M||W}1845}2000}BELFHL}B813","CUOT||SYHM","YC-CUOT Requirement||Sy Syms-UG Humanities Req"
"93120","4930","HIS","231","Wilf","Topics in History: History of the Medieval Hebrew Book",3,"Taubes; Jacob Samuel",0,5,5,0,5,5,"M||W}1500}1615}TBA}","",""
"91607","1101","HIST","C","Beren","The Emergence of Europe",3,"Stenhouse; William",0,25,25,0,10,10,"M||W}1155}1310}TBA}","FNDT||SYHM","ST-Foundations &amp; Contemporary||Sy Syms-UG Humanities Req"
"91642","1201","HIST","M","Beren","Survey of United States History I",3,"Burgess; Doug",0,30,30,0,10,10,"T||R}1335}1450}LEX215}YAGODACOMM","FNDT||SYHM||USHS","ST-Foundations &amp; Contemporary||Sy Syms-UG Humanities Req||YC-US HIS (US His)"
"93103","2104","HIST","B","Beren","Renaissance and Reformation",3,"Stenhouse; William",0,30,30,0,10,10,"M||W}1025}1140}TBA}","FNDT||SYHM","ST-Foundations &amp; Contemporary||Sy Syms-UG Humanities Req"
"91754","2232","HIST","C","Beren","History of Jews of New York",3,"Gurock; Jeffrey S.",0,12,12,0,0,0,"M||W}1155}1310}SCW}406","FNDT||SYHM","ST-Foundations &amp; Contemporary||Sy Syms-UG Humanities Req"
"91634","2909","HIST","D1","Beren","Media Revolutions:  From Scroll to Screen",3,"Freedman; Jeffrey",0,30,30,0,10,10,"M||W}1325}1440}LEX215}LX314","FNDT||SYHM","ST-Foundations &amp; Contemporary||Sy Syms-UG Humanities Req"
"92133","4930","HIST","J","Beren","Topics in History: History of Jerusalem",3,"Katz; Jill C.",0,10,10,0,10,10,"T||R}0900}1015}TBA}","FNDT||JS7||SYHM","ST-Foundations &amp; Contemporary||Beren JS - Fundamentals||Sy Syms-UG Humanities Req"
"93087","4930","HIST","L","Beren","Topics in History: Jews in Medieval Spain",3,"Perelis; Ronnie",0,20,20,0,10,10,"T||R}1150}1305}TBA}","FNDT||SYHM","ST-Foundations &amp; Contemporary||Sy Syms-UG Humanities Req"
"93086","4930","HIST","M","Beren","Topics in History: Jewish Travelers",3,"Perelis; Ronnie",0,20,20,0,10,10,"T||R}1335}1450}TBA}","FNDT||HONR||SYHM","ST-Foundations &amp; Contemporary||Honors Course||Sy Syms-UG Humanities Req"
"90128","5100","HOL","A","Wilf (Online)","The Holocaust: An Interdisciplinary Exploration ",3,"Pilnik; Shay Arie",0,25,25,0,0,0,"T}1700}1930}ON}LINE","",""
"90132","7000","HOL","A","Wilf (Online)","Thesis/Capstone",6,"Pilnik; Shay Arie",0,25,25,0,0,0,"}N/A}N/A}ON}LINE","",""
"90133","7100","HOL","A","Wilf (Online)","Capstone",3,"Pilnik; Shay Arie",0,25,25,0,0,0,"}N/A}N/A}ON}LINE","",""
"93125","4905","HON","FEE","Wilf","Honors Thesis Preliminary",1,"Trapedo; Shaina",0,50,50,0,0,0,"}N/A}N/A}TBA}","HONR","Honors Course"
"93127","4905","HON","NFE","Wilf","Honors Thesis Preliminary",1,"Trapedo; Shaina",0,50,50,0,0,0,"}N/A}N/A}TBA}","HONR","Honors Course"
"93126","4910","HON","FEE","Wilf","Honors Thesis Research",2,"Trapedo; Shaina",0,100,100,0,0,0,"}N/A}N/A}TBA}","HONR","Honors Course"
"93128","4910","HON","NFE","Wilf","Honors Thesis Research",2,"Trapedo; Shaina",0,100,100,0,0,0,"}N/A}N/A}TBA}","HONR","Honors Course"
"93129","4920","HON","FEE","Wilf","Honors Thesis Writing",2,"Trapedo; Shaina",0,100,100,0,0,0,"}N/A}N/A}TBA}","HONR","Honors Course"
"93130","4920","HON","NFE","Wilf","Honors Thesis Writing",2,"Trapedo; Shaina",0,100,100,0,0,0,"}N/A}N/A}TBA}","HONR","Honors Course"
"90568","1010","IDS","212","Wilf","Mathematics for Business",3,"Ravi; Manachanallur",0,35,35,0,10,10,"M||W}1330}1445}BELFHL}B807","SCW2","ST-Quantitative Skills"
"90535","1010","IDS","241","Wilf","Mathematics for Business",3,"Poleyeff; Arthur Joel",0,35,35,0,10,10,"M||W}1630}1745}FURST}F205","SCW2","ST-Quantitative Skills"
"90536","1010","IDS","261","Wilf","Mathematics for Business",3,"Poleyeff; Arthur Joel",0,35,35,0,10,10,"M||W}1845}2000}FURST}F214","SCW2","ST-Quantitative Skills"
"90538","1010","IDS","311","Wilf","Mathematics for Business",3,"Staff",0,35,35,0,10,10,"T||R}1330}1500}FURST}","SCW2","ST-Quantitative Skills"
"93228","1010","IDS","331","Wilf","Mathematics for Business",3,"Staff",0,35,35,0,10,10,"T||R}1500}1615}TBA}","SCW2","ST-Quantitative Skills"
"90451","1010","IDS","K","Beren","Mathematics for Business",3,"Seidenstein; Marc",0,30,30,0,10,10,"T||R}1025}1140}LEX215}","SCW2","ST-Quantitative Skills"
"90452","1010","IDS","M","Beren","Mathematics for Business",3,"Staff",0,30,30,0,10,10,"T||R}1335}1450}LEX215}LX208","SCW2","ST-Quantitative Skills"
"93037","1015","IDS","1O3","Wilf (Online)","Spreadsheet 101",1,"Han; Shu",0,35,35,0,5,5,"}N/A}N/A}ON}LINE","",""
"93038","1015","IDS","1O4","Wilf (Online)","Spreadsheet 101",1,"Han; Shu",0,35,35,0,5,5,"}N/A}N/A}ON}LINE","",""
"93039","1015","IDS","1O5","Wilf (Online)","Spreadsheet 101",1,"Han; Shu",0,35,35,0,5,5,"}N/A}N/A}ON}LINE","",""
"93040","1015","IDS","1O6","Wilf (Online)","Spreadsheet 101",1,"Han; Shu",0,35,35,0,5,5,"}N/A}N/A}ON}LINE","",""
"93041","1015","IDS","1O7","Beren (Online)","Spreadsheet 101",1,"Han; Shu",0,40,40,0,0,0,"}N/A}N/A}ON}LINE","",""
"93042","1015","IDS","1O8","Beren (Online)","Spreadsheet 101",1,"Han; Shu",0,40,40,0,0,0,"}N/A}N/A}ON}LINE","",""
"93043","1015","IDS","1O9","Wilf (Online)","Spreadsheet 101",1,"Han; Shu",0,35,35,0,5,5,"}N/A}N/A}ON}LINE","",""
"90606","1015","IDS","531","Wilf","Spreadsheet 101",1,"Staff",0,20,20,0,0,0,"R}1600}1715}FURST}","KZAS","Katz AS Program"
"93230","1020","IDS","231","Wilf","Principles of Business Analytics",3,"Ravi; Manachanallur",0,30,30,0,10,10,"M||W}1500}1615}TBA}","SYBC","Sy Syms-UG Business Core"
"90564","1020","IDS","241","Wilf","Principles of Business Analytics",3,"Ravi; Manachanallur",0,30,30,0,10,10,"M||W}1630}1745}BELFHL}B807","SYBC","Sy Syms-UG Business Core"
"93231","1020","IDS","261","Wilf","Principles of Business Analytics",3,"Ravi; Manachanallur",0,30,30,0,10,10,"M||W}1845}2000}TBA}","SYBC","Sy Syms-UG Business Core"
"90492","1020","IDS","311","Wilf","Principles of Business Analytics",3,"Han; Shu",0,30,30,0,10,10,"T||R}1330}1445}FURST}F305","SYBC","Sy Syms-UG Business Core"
"90500","1020","IDS","361","Wilf","Principles of Business Analytics",3,"Han; Shu",0,30,30,0,10,10,"T||R}1845}2000}FURST}","SYBC","Sy Syms-UG Business Core"
"90428","1020","IDS","J","Beren","Principles of Business Analytics",3,"Seidenstein; Marc",0,30,30,0,10,10,"T||R}0900}1015}LEX215}LX208","SYBC","Sy Syms-UG Business Core"
"90600","1131","IDS","311","Wilf","Statistics for Business",3,"Rao; Liteshwar",0,20,20,0,0,0,"T||R}1300}1415}FURST}F217","KZAS||SYBC","Katz AS Program||Sy Syms-UG Business Core"
"90518","1131","IDS","332","Wilf","Statistics for Business",3,"Kovtun; Vladimir",0,30,30,0,10,10,"T||R}1500}1615}BELFHL}B209","SYBC","Sy Syms-UG Business Core"
"90863","1131","IDS","341","Wilf","Statistics for Business",3,"Kovtun; Vladimir",0,30,30,0,10,10,"T||R}1630}1745}FURST}","SYBC","Sy Syms-UG Business Core"
"90534","1131","IDS","361","Wilf","Statistics for Business",3,"Kovtun; Vladimir",0,30,30,0,10,10,"T||R}1845}2000}BELFHL}B209","SYBC","Sy Syms-UG Business Core"
"90473","1131","IDS","A","Beren","Statistics for Business",3,"Staff",0,30,30,0,10,10,"M||W}0900}1015}LEX215}LX313","SYBC","Sy Syms-UG Business Core"
"93195","1556","IDS","231","Wilf","Regression Analysis and Visualization",3,"Rao; Liteshwar",0,20,20,0,0,0,"M||W}1600}1715}FURST}","",""
"90545","1556","IDS","331","Wilf","Regression Analysis and Visualization",3,"Kocaga; Yasar Levent",0,30,30,0,10,10,"T||R}1500}1615}BELFHL}B817","SYBC","Sy Syms-UG Business Core"
"90555","1556","IDS","341","Wilf","Regression Analysis and Visualization",3,"Kocaga; Yasar Levent",0,30,30,0,10,10,"T||R}1630}1745}BELFHL}B817","SYBC","Sy Syms-UG Business Core"
"90546","1556","IDS","361","Wilf","Regression Analysis and Visualization",3,"Staff",0,30,30,0,10,10,"T||R}1845}2000}BELFHL}","SYBC","Sy Syms-UG Business Core"
"90459","1556","IDS","M","Beren","Regression Analysis and Visualization",3,"Yoo; Chang",0,30,30,0,10,10,"T||R}1335}1450}SCW}","SYBC","Sy Syms-UG Business Core"
"90593","2030","IDS","231","Wilf","Business Analytics and Programming ",3,"Rosenthal; Yitzchak S.",0,30,30,0,10,10,"M||W}1500}1615}FURST}F316","",""
"90502","2030","IDS","241","Wilf","Business Analytics and Programming ",3,"Rosenthal; Yitzchak S.",0,30,30,0,10,10,"M||W}1630}1745}FURST}F316","",""
"90434","2030","IDS","C","Beren","Business Analytics and Programming ",3,"Rosenthal; Yitzchak S.",0,30,30,0,5,5,"M||W}1155}1310}LEX215}","",""
"90504","2160","IDS","261","Wilf","Decision Models",3,"Riccio; Lucius Joseph",0,30,30,0,10,10,"M}1830}2100}BELFHL}B209","",""
"93245","2160","IDS","A","Beren","Decision Models",3,"Riccio; Lucius Joseph",0,30,30,0,5,5,"M||W}0900}1015}TBA}","",""
"90514","3000","IDS","241","Wilf","Business Intelligence Capstone",3,"Giloni; Avi H.",0,30,30,0,10,10,"M||W}1630}1745}FURST}F209","",""
"90442","3000","IDS","B","Beren","Business Intelligence Capstone",3,"Giloni; Avi H.",0,30,30,0,5,5,"M||W}1025}1140}SCW}","",""
"90599","1210","INDS","231","Wilf","College Experience",3,"Kokkinos; Jerry",0,20,20,0,0,0,"M||W}1600}1715}BELFHL}","KZAS","Katz AS Program"
"90612","1250","INDS","A","Beren","College Seminar",3,"OMalley; John",0,20,20,0,0,0,"M||W}0900}1015}LEX215}","KZAS","Katz AS Program"
"90605","2660","INDS","511","Wilf","Praxis and Reflection",1,"Cuate; Deisi",0,20,20,0,0,0,"R}1300}1415}FURST}F313","KZAS","Katz AS Program"
"91615","2319","JEDU","R","Beren","Teaching Jewish Studies",3,"Rabinovich; Deena Sara",0,20,20,0,10,10,"F}0800}1100}SCW}1015::R}0830}1015}SCW}1015","",""
"93257","1200","JHI","241","Wilf","Classical Jewish History",2,"Fine; Steven",0,25,25,0,5,5,"M||W}1630}1745}TBA}","SYHM","Sy Syms-UG Humanities Req"
"90701","1400","JHI","341","Wilf","Modern Jewish History",3,"Karlip; Moshe Yosef",0,35,35,0,5,5,"T||R}1630}1745}FURST}F306","JMOD||SYHM","Modern Jewish Studies||Sy Syms-UG Humanities Req"
"93122","2430","JHI","331","Wilf","Drashot as a Source of Eastern European Jewry",2,"Karlip; Moshe Yosef",0,25,25,0,5,5,"T||R}1500}1615}TBA}","",""
"90804","4930","JHI","231","Wilf","Topics: History of the Medieval Hebrew Book",3,"Taubes; Jacob Samuel",0,25,25,0,5,5,"M||W}1500}1615}GLUECK}","JMED||SYHM","Medieval Jewish Studies||Sy Syms-UG Humanities Req"
"93175","4930","JHI","241","Wilf","Topics: Languages of the Jewish Diaspora",3,"Adler; Ari",0,25,25,0,5,5,"M||W}1630}1745}TBA}","JMED","Medieval Jewish Studies"
"93123","4930","JHI","331","Wilf","Topics: History of Codification",3,"Taubes; Jacob Samuel",0,30,30,0,5,5,"T||R}1500}1615}TBA}","JMED","Medieval Jewish Studies"
"93331","4930","JHI","332","Wilf","Topics: Kabbalah: Concepts and History",3,"Staff",0,30,30,0,5,5,"T||R}1500}1615}TBA}","JMED","Medieval Jewish Studies"
"93332","4930","JHI","341","Wilf","Topics: Jewish Messianic Movements in the Early Modern Period",3,"Staff",0,30,30,0,5,5,"T||R}1630}1745}TBA}","JMED","Medieval Jewish Studies"
"91635","1150","JHIS","J","Beren","History of Jerusalem",3,"Katz; Jill C.",0,20,20,0,10,10,"T||R}0900}1015}LEX215}LX209","JS7","Beren JS - Fundamentals"
"91609","1201","JHIS","L","Beren","Classical Jewish History",2,"Hidary; Richard J.",0,30,30,0,3,3,"T||R}1150}1305}SCW}401","JS7","Beren JS - Fundamentals"
"91673","1301","JHIS","B","Beren","Medieval Jewish History",2,"Weiss; Moriah",0,30,30,0,10,10,"M||W}1025}1140}SCW}102","JS7","Beren JS - Fundamentals"
"93236","1335","JHIS","L","Beren","The Jews of Medieval Spain",3,"Perelis; Ronnie",0,20,20,0,10,10,"T||R}1150}1305}TBA}","JS7","Beren JS - Fundamentals"
"91728","2232","JHIS","C","Beren","History of the Jews of New York",3,"Gurock; Jeffrey S.",0,10,10,0,10,10,"M||W}1155}1310}SCW}406","JS7","Beren JS - Fundamentals"
"93340","4930","JHIS","D1D","Beren","Topics: OMG; Angels!: A Study of Biblical References to Angels",2,"Staff",0,20,20,0,0,0,"M||W}1325}1440}TBA}","",""
"93237","4930","JHIS","K","Beren","Topics: Agunot bet. Hist &amp; Halakha",2,"Karlip; Moshe Yosef",0,20,20,0,10,10,"T||R}1025}1140}TBA}","JS6","Beren JS - Advanced"
"91892","4930","JHIS","K1","Beren","Topics: Post Shoah Antisemitism",2,"Mogyoros; Monique",0,30,30,0,10,10,"T||R}1025}1140}TBA}","JS7","Beren JS - Fundamentals"
"93239","4930","JHIS","M","Beren","Topics: Jewish Travelers",2,"Perelis; Ronnie",0,10,10,0,10,10,"T||R}1335}1450}TBA}","HONR||JS7","Honors Course||Beren JS - Fundamentals"
"93238","4930","JHIS","N","Beren","Topics: History of Jews of Italy",2,"Staff",0,30,30,0,10,10,"T||R}1500}1615}TBA}","JS7","Beren JS - Fundamentals"
"91864","4931","JHIS","E","Beren","Topics: Islam and the Jews",2,"Levy-haim; Miriam",0,25,25,0,3,3,"M}1510}1625}SCW}401::W}1535}1650}SCW}401","JS7","Beren JS - Fundamentals"
"93240","4931","JHIS","L","Beren","Topics: Josephus&#39; The Jewish War",2,"Soloveichik; Meir Yakov",0,20,20,0,10,10,"T||R}1150}1305}TBA}","HONR||STRS","Honors Course||Straus Center"
"91982","1119","JPHI","L","Beren","Concepts in Jewish Thought",2,"Hajioff; Lawrence Moshiach",0,30,30,0,10,10,"T||R}1150}1305}SCW}418","JS3||JS7","Beren JS - Intermediate||Beren JS - Fundamentals"
"91995","1204","JPHI","F","Beren","Jewish Ethics",3,"Shatz; David C.",0,20,20,0,3,3,"M}1640}1755}LEX215}LX719::W}1700}1815}LEX215}LX719","HONR||JS6||JS7","Honors Course||Beren JS - Advanced||Beren JS - Fundamentals"
"91996","1613","JPHI","Q","Beren","Medieval Jewish Philosophy",2,"Rosensweig; Meir Itamar",0,25,25,0,3,3,"T||R}1755}1910}SCW}101","HONR||JS6||JS7||STRS","Honors Course||Beren JS - Advanced||Beren JS - Fundamentals||Straus Center"
"91999","1845","JPHI","G","Beren","Philosophy of Rav Soloveitchik",3,"Schimmel; Ilan S.",0,30,30,0,10,10,"M}1805}1920}SCW}102::W}1820}1935}SCW}102","JS3||JS7","Beren JS - Intermediate||Beren JS - Fundamentals"
"91741","1905","JPHI","J","Beren","Philosophy of Prayer",2,"Laufer; Charles Kalman",0,30,30,0,10,10,"T||R}0900}1015}SCW}718","HONR||JS6||JS7","Honors Course||Beren JS - Advanced||Beren JS - Fundamentals"
"93320","4930","JPHI","A","Beren","Topics in Jewish Philosophy: Intro to Jewish Mysticism",2,"Staff",0,30,30,0,10,10,"M||W}0900}1015}TBA}","JS5||JS7","Beren JS - Upper-Inter-Adv||Beren JS - Fundamentals"
"93321","4930","JPHI","B","Beren","Topics in Jewish Philosophy: Animals in Jewish Thought",2,"Staff",0,30,30,0,10,10,"M||W}1025}1140}TBA}","JS5||JS7","Beren JS - Upper-Inter-Adv||Beren JS - Fundamentals"
"93324","4930","JPHI","F","Beren","Topics in Jewish Philosophy: Philosophy &amp; Tanach",2,"Schimmel; Ilan S.",0,30,30,0,10,10,"M}1640}1755}TBA}::W}1700}1815}TBA}","JS3||JS7","Beren JS - Intermediate||Beren JS - Fundamentals"
"93322","4930","JPHI","N","Beren","Topics in Jewish Philosophy: Weekly Thought-Shem Mishmuel",2,"Reichman; Zevi",0,30,30,0,10,10,"T||R}1500}1615}TBA}","JS3||JS7","Beren JS - Intermediate||Beren JS - Fundamentals"
"93323","4930","JPHI","P","Beren","Topics in Jewish Philosophy: American Chassidut",2,"Reichman; Zevi",0,30,30,0,10,10,"T||R}1630}1745}TBA}","JS3||JS7","Beren JS - Intermediate||Beren JS - Fundamentals"
"93325","4931","JPHI","L","Beren","Topics in Jewish Philosophy: Modern Messianism",2,"Lerner; Dov",0,30,30,0,10,10,"T||R}1150}1305}TBA}","HONR||JS6||JS7||STRS","Honors Course||Beren JS - Advanced||Beren JS - Fundamentals||Straus Center"
"93333","4932","JPHI","A","Beren","Topics in Jewish Philosophy: Living with Faith",2,"Fine; Azriel Moshe",0,30,30,0,10,10,"M||W}0900}1015}TBA}","JS3||JS7","Beren JS - Intermediate||Beren JS - Fundamentals"
"93131","1270","JST","461","Wilf","Family and Gender in the Talmud",2,"Bergmann; Ari",0,15,15,0,5,5,"W}1845}2125}TBA}","HONR","Honors Course"
"93132","1214","JTP","231","Wilf","Suffering and Evil",3,"Carmy; Shalom",0,20,20,0,5,5,"M||W}1500}1615}TBA}","HONR","Honors Course"
"93133","1310","JTP","311","Wilf","Philosophy of Aggadah",2,"Zami; Miriam",0,25,25,0,5,5,"T}1305}1445}TBA}","",""
"93272","4930","JTP","231","Wilf","Top: Dogma in Jewish Thought",2,"Weiss; Shira",0,25,25,0,5,5,"M||W}1500}1615}TBA}","SYHM","Sy Syms-UG Humanities Req"
"93273","4930","JTP","241","Wilf","Top: Medieval Jewish Philosoph",2,"Weiss; Shira",0,25,25,0,5,5,"M||W}1630}1745}TBA}","SYHM","Sy Syms-UG Humanities Req"
"93135","4930","JTP","331","Wilf","Topics: Repentance and Forgiveness",2,"Friedman; Elisha",0,25,25,0,5,5,"T||R}1500}1615}TBA}","",""
"93137","4930","JTP","511","Wilf","Topics: Freedom and Authority in Jewish and Western Thought",2,"Mermelstein; Ari",0,25,25,0,5,5,"R}1305}1445}TBA}","CUOT","YC-CUOT Requirement"
"90577","2613","JUD","311","Wilf","The Ravs Values in Practice",2,"Wiederblank; Nathaniel J.",0,30,30,0,10,10,"T}1305}1445}FURST}F209","SYJV","Sy Syms-Jewish Values"
"93235","2613","JUD","511","Wilf","The Rav&#39;s Values in Practice: Workplace Applications",2,"Diamond; Ariel",0,30,30,0,10,10,"R}1305}1445}TBA}","SYJV","Sy Syms-Jewish Values"
"90542","2614","JUD","311","Wilf","Designing Your Jewish Life",2,"Bane; Moishe",0,30,30,0,10,10,"T}1305}1445}FURST}F206","",""
"90630","2614","JUD","361","Wilf","Designing Your Jewish Life",2,"Bane; Moishe",0,30,30,0,10,10,"T}1815}1955}FURST}F204","",""
"90576","2620","JUD","311","Wilf","Jewish Business Law",2,"Rapp; Dani",0,30,30,0,10,10,"T}1305}1445}FURST}F212","",""
"90524","2620","JUD","461","Wilf","Jewish Business Law",2,"Zylberman; Michoel",0,30,30,0,10,10,"W}1815}1955}GLUECK}G418","",""
"90575","2620","JUD","561","Wilf","Jewish Business Law",2,"Rapp; Dani",0,30,30,0,10,10,"R}1815}1955}FURST}F212","SYJV","Sy Syms-Jewish Values"
"90532","2630","JUD","311","Wilf","Jewish Public Policy",2,"Feldman; Daniel",0,30,30,0,10,10,"T}1305}1445}GLUECK}G419","",""
"90525","2630","JUD","361","Wilf","Jewish Public Policy",2,"Bashevkin; Dovid",0,30,30,0,10,10,"T}1815}1955}GLUECK}G517","",""
"93363","2630","JUD","511","Wilf","Jewish Public Policy",2,"Bashevkin; Dovid",0,30,30,0,10,10,"R}1305}1445}TBA}","",""
"90526","2640","JUD","241","Wilf","Practical Workplace Halachah",2,"Taubes; Michael",0,30,30,0,10,10,"M}1630}1810}GLUECK}G416","",""
"90567","2640","JUD","313","Wilf","Practical Workplace Halachah",2,"Halpert; Yehuda Yitzchak",0,30,30,0,10,10,"T}1305}1445}BELFHL}B203","",""
"90529","2640","JUD","511","Wilf","Practical Workplace Halachah",2,"Rapp; Dani",0,30,30,0,10,10,"R}1305}1445}GLUECK}G518","",""
"92001","1001","JUDS","M","Beren","Introduction to Judaism",2,"Hajioff; Lawrence Moshiach",0,30,30,0,10,10,"T||R}1335}1450}SCW}418","JS1||JS7","Beren JS - Elementary||Beren JS - Fundamentals"
"93334","1001T","JUDS","TBD","Beren","Introduction to Judaism I &ndash; Recitation",0,"Staff",0,0,0,0,0,0,"}N/A}N/A}TBA}","",""
"93282","1210","JUDS","B","Beren","Topics in Jewish Liturgy",2,"Berman; Saul J.",0,30,30,0,10,10,"M||W}1025}1140}TBA}","JS4||JS7","Beren JS - Inter-Upper-Inter||Beren JS - Fundamentals"
"91738","1404","JUDS","D1","Beren","Basic Jewish Concepts: Shabbat",2,"Goldberg; Zev",0,30,30,0,10,10,"M||W}1325}1440}SCW}401","JS2||JS7","Beren JS - Lower intermediate||Beren JS - Fundamentals"
"91735","1431","JUDS","J","Beren","Kashrut",2,"Fine; Azriel Moshe",0,30,30,0,10,10,"T||R}0900}1015}TBA}","JS2||JS7","Beren JS - Lower intermediate||Beren JS - Fundamentals"
"91692","1439","JUDS","C","Beren","Jewish Laws: Family Law I",2,"Feder; Hindy",0,30,30,0,10,10,"M||W}1155}1310}SCW}501","JS3||JS7","Beren JS - Intermediate||Beren JS - Fundamentals"
"92003","1443","JUDS","K","Beren","Jewish Laws and Cust: Family Law",2,"Price; Nechama Esther",0,30,30,0,10,10,"T||R}1025}1140}SCW}601","JS6||JS7","Beren JS - Advanced||Beren JS - Fundamentals"
"92004","1450","JUDS","M","Beren","Marriage in Halakhah I",2,"Price; Nechama Esther",0,30,30,0,10,10,"T||R}1335}1450}SCW}601","JS6||JS7","Beren JS - Advanced||Beren JS - Fundamentals"
"93335","1454","JUDS","BK","Beren","The Sabbath",2,"Fine; Azriel Moshe",0,30,30,0,10,10,"M||T||W||R}1025}1140}TBA}","JS3||JS7","Beren JS - Intermediate||Beren JS - Fundamentals"
"93283","1456","JUDS","B","Beren","The Sabbath",2,"Willig; Mordechai H.",0,30,30,0,10,10,"M||W}1025}1140}TBA}","JS6||JS7","Beren JS - Advanced||Beren JS - Fundamentals"
"93284","1458","JUDS","L","Beren","The Sabbath",2,"Cohen; Aaron",0,30,30,0,10,10,"T||R}1150}1305}TBA}","JS6||JS7","Beren JS - Advanced||Beren JS - Fundamentals"
"91770","1461","JUDS","K","Beren","Festivals I",2,"Hajioff; Lawrence Moshiach",0,35,35,0,10,10,"T||R}1025}1140}SCW}418","JS2||JS7","Beren JS - Lower intermediate||Beren JS - Fundamentals"
"91797","1465","JUDS","J","Beren","The Festivals",2,"Cohen; Aaron",0,30,30,0,10,10,"T||R}0900}1015}SCW}101","JS6||JS7","Beren JS - Advanced||Beren JS - Fundamentals"
"92006","1474","JUDS","F","Beren","Sephardic Festivals I",2,"Tessone; Moshe",0,30,30,0,10,10,"M}1640}1755}SCW}401::W}1700}1815}SCW}401","JS3||JS7","Beren JS - Intermediate||Beren JS - Fundamentals"
"93285","1478","JUDS","A","Beren","Communal Customs I",2,"Teitelman; Lawrence",0,30,30,0,10,10,"M||W}0900}1015}TBA}","JS3||JS7","Beren JS - Intermediate||Beren JS - Fundamentals"
"91733","1485","JUDS","K","Beren","Daily Life: Brachot",2,"Cohen; Aaron",0,30,30,0,10,10,"T||R}1025}1140}SCW}401","JS6||JS7","Beren JS - Advanced||Beren JS - Fundamentals"
"93341","1490","JUDS","P","Beren","Interpersonal Relationships",2,"Feldman; Daniel",0,30,30,0,10,10,"T||R}1630}1745}TBA}","JS6||JS7","Beren JS - Advanced||Beren JS - Fundamentals"
"93286","1511","JUDS","A","Beren","Development of Jewish Law",2,"Berman; Saul J.",0,30,30,0,10,10,"M||W}0900}1015}TBA}","JS6||JS7","Beren JS - Advanced||Beren JS - Fundamentals"
"93287","1581","JUDS","B","Beren","Medical Ethics",2,"Goldberg; Zev",0,30,30,0,10,10,"M||W}1025}1140}TBA}","JS3||JS7","Beren JS - Intermediate||Beren JS - Fundamentals"
"92011","1582","JUDS","D2","Beren","Jewish Medical Ethics ",2,"Berman; Saul J.",0,30,30,0,10,10,"W}1325}1440}SCW}301::M}1340}1455}SCW}301","JS4||JS7","Beren JS - Inter-Upper-Inter||Beren JS - Fundamentals"
"93288","1601","JUDS","EFW","Beren","Act and Emotion",2,"Schacter; Jacob J.",0,30,30,0,10,10,"W}1535}1735}TBA}","JS6||JS7","Beren JS - Advanced||Beren JS - Fundamentals"
"92499","1603","JUDS","B","Beren","Women in Jewish Ritual",2,"Teitelman; Lawrence",0,30,30,0,0,0,"M||W}1025}1140}SCW}","JS3||JS7","Beren JS - Intermediate||Beren JS - Fundamentals"
"93289","1825","JUDS","B","Beren","Pirkei Avot II",2,"Weissman; Avital Nechama",0,30,30,0,10,10,"M||W}1025}1140}TBA}","JS3||JS7","Beren JS - Intermediate||Beren JS - Fundamentals"
"93290","1839","JUDS","D1","Beren","Introduction to Talmud",2,"Feder; Hindy",0,30,30,0,10,10,"M||W}1325}1440}TBA}","JS4||JS7","Beren JS - Inter-Upper-Inter||Beren JS - Fundamentals"
"92015","1845","JUDS","K","Beren","Advanced Talmud",0,"Laufer; Charles Kalman",0,30,30,0,10,10,"T||R}1025}1140}SCW}619","HONR||JS6||JS7","Honors Course||Beren JS - Advanced||Beren JS - Fundamentals"
"92020","1847","JUDS","AJ","Beren","Advanced Talmud",3,"Nachbar; Duvie Noach",0,30,30,0,3,3,"M||W}0830}1015}SCW}615::T||R}0830}1015}SCW}615","HONR||JS6||JS7","Honors Course||Beren JS - Advanced||Beren JS - Fundamentals"
"90477","2640","JUDS","A","Beren","Practical Workplace Halacha",2,"Torczyner; Mordechai Ari",0,30,30,0,10,10,"M||W}0900}1015}TBA}","JS6||JS8","Beren JS - Advanced||Beren JS Syms Jewish Bus Ethic"
"90858","2640","JUDS","NPT","Beren","Practical Workplace Halacha",2,"Weiss; Richard Bruce",0,30,30,0,10,10,"T}1500}1715}TBA}","JS3||JS8","Beren JS - Intermediate||Beren JS Syms Jewish Bus Ethic"
"93293","4930","JUDS","C","Beren","Topics in Judaic Studies: Taamei Hamitzvot",2,"Shmalo; Mahnaz Yeroushalmi",0,30,30,0,10,10,"M||W}1155}1310}TBA}","JS3||JS7","Beren JS - Intermediate||Beren JS - Fundamentals"
"93291","4930","JUDS","D1","Beren","Topics in Judaic Studies: Jewish Banned Books",2,"Benoff; Tzvi",0,30,30,0,10,10,"M||W}1325}1440}TBA}","JS3||JS7","Beren JS - Intermediate||Beren JS - Fundamentals"
"93292","4930","JUDS","E","Beren","Topics in Judaic Studies: Jewish Political Economy",2,"Benoff; Tzvi",0,30,30,0,10,10,"M}1510}1625}TBA}::W}1635}1650}TBA}","JS3||JS7||JS8","Beren JS - Intermediate||Beren JS - Fundamentals||Beren JS Syms Jewish Bus Ethic"
"93336","4930","JUDS","M","Beren","Top: Women and Prayer",2,"Brooks; Estee Samantha",0,30,30,0,10,10,"T||R}1335}1450}TBA}","JS3||JS7","Beren JS - Intermediate||Beren JS - Fundamentals"
"93295","4931","JUDS","D1","Beren","Topics: Law-Selected Holidays: Women in the Talmud",2,"Shmalo; Mahnaz Yeroushalmi",0,30,30,0,10,10,"M||W}1325}1440}TBA}","JS3||JS7","Beren JS - Intermediate||Beren JS - Fundamentals"
"93294","4931","JUDS","K","Beren","Topics: Laws-Selected Holidays: Rosh Hashana in Talmud",2,"Hidary; Richard J.",0,30,30,0,10,10,"T||R}1025}1140}TBA}","JS5||JS7","Beren JS - Upper-Inter-Adv||Beren JS - Fundamentals"
"93296","4931","JUDS","M","Beren","Topics: Laws-Selected Holidays: Talmud: Preventative Justice",2,"Staff",0,30,30,0,10,10,"T||R}1335}1450}TBA}","JS4||JS7","Beren JS - Inter-Upper-Inter||Beren JS - Fundamentals"
"93312","4932","JUDS","B","Beren","Topics: Medical Treatment-Shabbat",2,"Torczyner; Mordechai Ari",0,30,30,0,10,10,"M||W}1025}1140}TBA}","JS6||JS7","Beren JS - Advanced||Beren JS - Fundamentals"
"93308","4932","JUDS","C","Beren","Topics: Mitzvah of Talmud Torah",2,"Goldberg; Zev",0,30,30,0,10,10,"M||W}1155}1310}TBA}","JS6||JS7","Beren JS - Advanced||Beren JS - Fundamentals"
"93310","4932","JUDS","D1","Beren","Topics: Laws of Tzedaka",2,"Nachbar; Duvie Noach",0,30,30,0,10,10,"M||W}1325}1450}TBA}","JS6||JS7","Beren JS - Advanced||Beren JS - Fundamentals"
"93311","4932","JUDS","JK","Beren","Topics: Shabbat: Positive Commandments",2,"Penstein; Neti Gabriella",0,30,30,0,10,10,"T||R}0900}1140}TBA}","JS5||JS7","Beren JS - Upper-Inter-Adv||Beren JS - Fundamentals"
"93309","4932","JUDS","K","Beren","Topics: Agunot bet. History &amp; Halakha",2,"Karlip; Moshe Yosef",0,30,30,0,10,10,"T||R}1025}1140}TBA}","JS6","Beren JS - Advanced"
"93306","4932","JUDS","L","Beren","Topics: Law of Chol Ha&#39;moed",2,"Auman; Kenneth",0,30,30,0,10,10,"T||R}1150}1305}TBA}","JS6||JS7","Beren JS - Advanced||Beren JS - Fundamentals"
"93307","4932","JUDS","M","Beren","Topics: Ethical Dilemmas",2,"Auman; Kenneth",0,30,30,0,10,10,"T||R}1435}1550}TBA}","HONR||JS6||JS7","Honors Course||Beren JS - Advanced||Beren JS - Fundamentals"
"93011","4936","JUDS","1DS","Beren","Topics: Talmud III",2,"Penstein; Neti Gabriella",0,0,0,0,0,0,"}N/A}N/A}TBA}","",""
"91863","4937","JUDS","M","Beren","Topics: Weekly Mitzvot 1",2,"Schachter; Shay",0,30,30,0,10,10,"T||R}1335}1450}SCW}101","JS4||JS7","Beren JS - Inter-Upper-Inter||Beren JS - Fundamentals"
"93313","4937","JUDS","N","Beren","Topics: Weekly Mitzvot 1",2,"Schachter; Shay",0,30,30,0,10,10,"T||R}1500}1615}TBA}","JS4||JS7","Beren JS - Inter-Upper-Inter||Beren JS - Fundamentals"
"91715","4937","JUDS","P","Beren","Topics: Weekly Mitzvot 1",2,"Schachter; Shay",0,30,30,0,10,10,"T||R}1630}1745}TBA}","JS4||JS7","Beren JS - Inter-Upper-Inter||Beren JS - Fundamentals"
"93196","1030","MAN","331","Wilf","Introduction to Business",3,"OMalley; John",0,20,20,0,0,0,"T||R}1430}1545}FURST}","KZAS","Katz AS Program"
"90594","2110","MAN","241","Wilf","Organizational Behavior",3,"Allen; Robert",0,20,20,0,0,0,"M||W}1730}1845}BELFHL}B205","KZAS","Katz AS Program"
"90501","1001","MAR","231","Wilf","Principles of Marketing",3,"Azoulay; Renee Suan",0,30,30,0,10,10,"M||W}1500}1615}BELFHL}B211","SYBC","Sy Syms-UG Business Core"
"90584","1001","MAR","331","Wilf","Principles of Marketing",3,"Kim; Josh",0,30,30,0,10,10,"T||R}1500}1615}BELFHL}","SYBC","Sy Syms-UG Business Core"
"90509","1001","MAR","341","Wilf","Principles of Marketing",3,"Kim; Josh",0,30,30,0,10,10,"T||R}1630}1745}TBA}","SYBC","Sy Syms-UG Business Core"
"93330","1001","MAR","342","Wilf","Principles of Marketing",3,"Oh; Travis",0,30,30,0,10,10,"T||R}1630}1745}TBA}","SYBC","Sy Syms-UG Business Core"
"90430","1001","MAR","M","Beren","Principles of Marketing",3,"Staff",0,30,30,0,10,10,"T||R}1335}1450}LEX215}LX210","SYBC","Sy Syms-UG Business Core"
"90476","2225","MAR","C","Beren","Reimagining Marketing with Emerging Technologies",3,"Ghosh; Bipasha",0,20,20,0,5,5,"M||W}1155}1310}LEX215}LX313","",""
"90512","2501","MAR","231","Wilf","Buyer Behavior",3,"Kambara; Kenneth M.",0,30,30,0,5,5,"M||W}1500}1615}FURST}F212","",""
"90480","2501","MAR","L","Beren","Buyer Behavior",3,"Staff",0,30,30,0,5,5,"T||R}1150}1305}LEX215}","",""
"90493","2621","MAR","361","Wilf","Applied Research",3,"Staff",0,15,15,0,5,5,"T||R}1845}2000}FURST}","",""
"93241","2621","MAR","E","Beren","Applied Research",3,"Lasaleta; Jannine D.",0,20,20,0,5,5,"M}1510}1625}TBA}::W}1535}1650}TBA}","",""
"93233","2730","MAR","331","Wilf","Israel as an Entrepreneurial Powerhouse: Marketing a Startup",3,"Oh; Travis",0,25,25,0,10,10,"T||R}1500}1615}TBA}","HONR","Honors Course"
"93234","3318","MAR","261","Wilf","Social Media Marketing",3,"Kambara; Kenneth M.",0,30,30,0,10,10,"M||W}1845}2000}TBA}","",""
"90440","3318","MAR","J","Beren","Social Media Marketing",3,"Staff",0,30,30,0,5,5,"T||R}0900}1015}LEX215}LX209","",""
"92528","3318","MAR","J1","Beren","Social Media Marketing",3,"Staff",0,30,30,0,5,5,"T||R}0900}1015}LEX215}","",""
"90520","3320","MAR","241","Wilf","Digital Media",3,"Ghosh; Bipasha",0,30,30,0,10,10,"M||W}1630}1745}FURST}F310","",""
"90436","3320","MAR","B","Beren","Digital Media",3,"Ghosh; Bipasha",0,30,30,0,10,10,"M||W}1025}1140}LEX215}","",""
"90531","3329","MAR","211","Wilf","Conversion and Shopper Marketing",3,"Azoulay; Renee Suan",0,30,30,0,10,10,"M||W}1330}1500}FURST}F214","",""
"90521","3502","MAR","341","Wilf","Creative and Innovative Product Development",3,"Goldstein; Johanna",0,15,15,0,5,5,"T||R}1630}1745}BELFHL}","",""
"93243","4930","MAR","A","Beren","Topics: Media Relations",1,"Langley; Quentin",0,30,30,0,5,5,"M||W}0900}1015}TBA}","",""
"93244","4930","MAR","D1","Beren","Topics: Minds; Markets; and Methods: Advanced Marketing Research and Consumer Behavior",1,"Lasaleta; Jannine D.",0,25,25,0,5,5,"M}1325}1440}TBA}::W}1325}1440}TBA}","HONR","Honors Course"
"93242","4930","MAR","K","Beren","Topics: Contemporary Topics in Marketing",1,"Staff",0,30,30,0,5,5,"T||R}1025}1140}TBA}","",""
"90675","1160","MAT","331","Wilf","Precalculus",3,"Staff",0,25,25,0,5,5,"T||R}1500}1615}FURST}F215","EXQM","YC-EXQM Requirement"
"90635","1412","MAT","331","Wilf","Calculus I",4,"Srinivasan; Keshav",0,45,45,0,5,5,"T||R}1500}1615}GLUECK}G307::T}1845}1935}GLUECK}G307","EXQM","YC-EXQM Requirement"
"90671","1413","MAT","331","Wilf","Calculus II",4,"Chen; Wenxiong",0,25,25,0,5,5,"F}0800}0850}BELFHL}B203::T||R}1500}1615}FURST}F209","",""
"90636","1510","MAT","341","Wilf","Multivariable Calculus",4,"Chen; Wenxiong",0,25,25,0,5,5,"F}0900}0950}BELFHL}B203::T||R}1630}1745}FURST}F209","",""
"93138","1520","MAT","341","Wilf","Advanced Calculus I",3,"Marini; Antonella",0,25,25,0,5,5,"T||R}1630}1745}BELFHL}","",""
"90653","2105","MAT","231","Wilf","Linear Algebra",3,"Belbruno; Edward A.",0,35,35,0,5,5,"M||W}1500}1615}FURST}F213","",""
"90676","2462","MAT","341","Wilf","Mathematical Statistics",3,"Srinivasan; Keshav",0,25,25,0,5,5,"T||R}1630}1745}BELFHL}B209","",""
"90915","2601","MAT","331","Wilf","Ordinary Differential Equations",3,"Marini; Antonella",0,23,23,0,0,0,"T||R}1500}1615}BELFHL}","",""
"90916","4930","MAT","241","Wilf","Topics in Mathematics: Mathematics and Art",3,"Belbruno; Edward A.",0,20,20,0,0,0,"M||W}1630}1745}FURST}F211","INTC","YC-INTC Requirement"
"92013","5002","MAT","H","Beren","Computational Statistics and Probability",3,"Raimann; Jochen Gustav",0,25,25,0,0,0,"M}1945}2145}LEX215}LX420","",""
"90924","5002","MAT","TBD","Beren","Computational Statistics and Probability",3,"Raimann; Jochen Gustav",0,25,25,0,0,0,"}N/A}N/A}LEX215}LX420","",""
"92014","5003","MAT","FGH","Beren","Numerical Methods",3,"Li; David",0,25,25,0,0,0,"M}1730}1930}SCW}819","",""
"90925","5003","MAT","TBD","Beren","Numerical Methods",3,"Li; David",0,25,25,0,0,0,"}N/A}N/A}ON}LINE","",""
"90926","5160","MAT","552","Beren","Special Topics in Applied Mathematics",3,"Iovanov; Cristian Cristian",0,25,25,0,0,0,"R}1945}2145}ON}LINE","",""
"92016","5160","MAT","R","Beren","Special Topics in Applied Mathematics",3,"Gidea; Marian",0,25,25,0,0,0,"T}1945}2145}LEX215}LX405","",""
"92017","5310","MAT","FG","Beren","Topology",3,"Gidea; Marian",0,25,25,0,0,0,"M||W}1730}1930}LEX215}LX506","",""
"92018","5510","MAT","QR","Beren","Functional Analysis",3,"Chen; Wenxiong",0,25,25,0,0,0,"T||R}1750}1905}LEX215}LX402","",""
"90929","5640","MAT","552","Beren","Mathematics of Finance",3,"Gidea; Marian",0,25,25,0,0,0,"T}1730}1930}LEX215}","",""
"92019","5640","MAT","P","Beren","Mathematics of Finance",3,"Gidea; Marian",0,25,25,0,0,0,"T||R}1630}1745}LEX215}LX312","",""
"93139","5999","MAT","311","Wilf","Topics in Mathematics: Cryptography",3,"Miller; Stephen David",0,25,25,0,5,5,"T||R}1335}1450}TBA}","",""
"93140","5999","MAT","552","Wilf","Topics in Mathematics: Multivariate Analysis",3,"Zhang; Chao",0,25,25,0,5,5,"}N/A}N/A}TBA}","",""
"91580","1010","MATH","L","Beren","Excursions in Mathematics ",3,"Staff; ",0,25,25,0,10,10,"T||R}1150}1305}SCW}819","SCW2","ST-Quantitative Skills"
"91641","1160","MATH","M","Beren","Pre-Calculus",3,"Staff; ",0,25,25,0,10,10,"T||R}1335}1450}TBA}","SCW2","ST-Quantitative Skills"
"91611","1410","MATH","M","Beren","Fundamentals of Calculus",4,"Schulman; Aaron Louis",0,25,25,0,10,10,"T||R}1310}1335}TBA}::T||R}1340}1455}TBA}","SCW2","ST-Quantitative Skills"
"91614","1412","MATH","M","Beren","Calculus I",4,"Staff; ",0,25,25,0,10,10,"T||R}1310}1335}TBA}::T||R}1340}1455}TBA}","SCW2","ST-Quantitative Skills"
"91585","1504","MATH","N","Beren","Discrete Mathematics and Applications",3,"Staff; ",0,20,20,0,0,0,"T||R}1500}1615}SCW}315","",""
"91590","1510","MATH","M","Beren","Multivariable Calculus",4,"Iovanov; Cristian Cristian",0,20,20,0,0,0,"T||R}1310}1335}SCW}819::T||R}1340}1455}SCW}819","",""
"93186","1520","MATH","K","Beren","Advanced Calculus I",3,"Gidea; Marian",0,15,15,0,0,0,"T||R}1025}1140}TBA}","",""
"91601","2461","MATH","N","Beren","Probability Theory",3,"Iovanov; Cristian Cristian",0,20,20,0,0,0,"T||R}1500}1615}LEX215}LX405","",""
"93187","4933","MATH","L","Beren","Research Seminar",3,"Miller; Stephen David",0,15,15,0,0,0,"T||R}1150}1305}TBA}","",""
"90685","1014","MUS","231","Wilf","American Musical Cultures",3,"Schapiro; Jonathan",0,25,25,0,5,5,"M||W}1500}1615}MUSS}MU110","COWC","YC-COWC Requirement"
"92545","1111","MUS","361","Wilf","Sense of Music",3,"Beliavsky; Daniel",0,12,12,0,0,0,"T||R}1845}2000}BELFHL}B817","INTC","YC-INTC Requirement"
"90705","1117","MUS","331","Wilf","Introduction to Piano I",3,"Beliavsky; Daniel",0,6,6,0,5,5,"T||R}1500}1615}BELFHL}B1116","",""
"93141","1225","MUS","461","Wilf","Music Production I",3,"Dilauro; Marcus",0,16,16,0,5,5,"W}1845}2115}BELFHL}B1111","",""
"93142","2011","MUS","552","Wilf","Elementary Ear Training I",1,"Beliavsky; Daniel",0,6,6,0,5,5,"T}1750}1840}BELFHL}B1116","",""
"93143","2111","MUS","341","Wilf","Music Theory I",3,"Beliavsky; Daniel",0,6,6,0,5,5,"T||R}1630}1745}BELFHL}B1116","",""
"93268","3463","MUS","901","Wilf","Performance: Chamber Ensemble",1,"Beliavsky; Daniel",0,25,25,0,5,5,"}N/A}N/A}TBA}","",""
"93269","3467","MUS","901","Wilf","Jazz Ensemble",1,"Schapiro; Jonathan",0,25,25,0,5,5,"}N/A}N/A}TBA}","",""
"90652","4111","MUS","901","Wilf","Private Study/Applied Music",1,"Beliavsky; Daniel",0,15,15,0,5,5,"}N/A}N/A}TBA}","",""
"93146","4930","MUS","441","Wilf","Topics in Music: Music Production 2",3,"Staff",0,0,0,0,0,0,"W}1600}1830}TBA}","",""
"91577","1111","MUSI","A","Beren","The Sense of Music",3,"Young; Marcia",0,30,30,0,10,10,"M||W}0900}1015}SCW}407","INTR||SYHM","ST-Interpreting Lit &amp; Arts||Sy Syms-UG Humanities Req"
"91582","1111","MUSI","B","Beren","The Sense of Music",3,"Young; Marcia",0,30,30,0,10,10,"M||W}1025}1140}SCW}407","INTR||SYHM","ST-Interpreting Lit &amp; Arts||Sy Syms-UG Humanities Req"
"91670","1111","MUSI","J","Beren","The Sense of Music",3,"Melikian; Nune",0,30,30,0,10,10,"T||R}0900}1015}SCW}407","INTR||SYHM","ST-Interpreting Lit &amp; Arts||Sy Syms-UG Humanities Req"
"93184","3303","MUSI","FM","Beren","Choral Ensemble",1,"Young; Marcia",0,15,15,0,10,10,"M}1640}1755}SCW}407","",""
"93176","3466","MUSI","EM","Beren","Instrumental Music Ensemble",1,"Young; Marcia",0,10,10,0,0,0,"M}1510}1625}SCW}407","",""
"92023","4930","MUSI","K","Beren","Topics in Music: Judaism in Music &amp; Art",1,"Melikian; Nune",0,30,30,0,0,0,"T||R}1025}1140}SCW}407","INTR||SYHM","ST-Interpreting Lit &amp; Arts||Sy Syms-UG Humanities Req"
"90694","1100","PHI","341","Wilf","Logic",3,"Johnson; David A.",0,20,20,0,5,5,"T||R}1630}1745}FURST}F216","EXQM||SYHM","YC-EXQM Requirement||Sy Syms-UG Humanities Req"
"93147","1214","PHI","231","Wilf","Suffering and Evil",3,"Carmy; Shalom",0,5,5,0,5,5,"M||W}1500}1615}TBA}","HONR","Honors Course"
"93148","1600","PHI","331","Wilf","Ethics",3,"Johnson; David A.",0,20,20,0,5,5,"T||R}1500}1615}TBA}","SYHM","Sy Syms-UG Humanities Req"
"93149","2420","PHI","361","Wilf","Modern Philosophy",3,"Johnson; David A.",0,20,20,0,5,5,"T||R}1845}2000}TBA}","CUOT","YC-CUOT Requirement"
"93150","3402","PHI","331","Wilf","Philosophy of Law",3,"Rosensweig; Meir Itamar",0,15,15,0,5,5,"T||R}1500}1615}TBA}","HONR||STRS","Honors Course||Straus Center"
"93153","4930","PHI","231","Wilf","Topics in Philosophy: Classical Jewish Philosophy",3,"Soloveichik; Meir Yakov",0,20,20,0,5,5,"M||W}1500}1615}TBA}","HONR||STRS","Honors Course||Straus Center"
"93154","4931","PHI","621","Wilf","Advanced Topics in Philosophy: Plato&#39;s Republic",3,"Soloveichik; Meir Yakov",0,20,20,0,5,5,"F}1000}1230}TBA}","HONR||STRS","Honors Course||Straus Center"
"93178","1320","PHIL","D1","Beren","Theories of the Mind ",3,"Shatz; David C.",0,25,25,0,10,10,"M||W}1325}1440}TBA}","FNDT||SYHM","ST-Foundations &amp; Contemporary||Sy Syms-UG Humanities Req"
"93179","1710","PHIL","E","Beren","Religion and Philosophy ",3,"Shatz; David C.",0,25,25,0,10,10,"M}1510}1625}TBA}::W}1535}1650}TBA}","FNDT||SYHM","ST-Foundations &amp; Contemporary||Sy Syms-UG Humanities Req"
"93180","3300","PHIL","C","Beren","Just and Unjust Wars",3,"Leventer; Herb",0,20,20,0,5,5,"M||W}1155}1310}TBA}","FNDT||SYHM","ST-Foundations &amp; Contemporary||Sy Syms-UG Humanities Req"
"92124","4930","PHIL","D1","Beren","Special Topics in Philosophy: Contemporary Political Theory",3,"Mantel-Hoffmann; Tristan",0,15,15,0,5,5,"M||W}1325}1440}TBA}","FNDT||SYHM","ST-Foundations &amp; Contemporary||Sy Syms-UG Humanities Req"
"93275","1021","PHY","241","Wilf","The Physical Universe",3,"Krueger; August John",0,15,15,0,5,5,"M||W}1630}1745}BELFHL}B203","",""
"90796","1031","PHY","331","Wilf","Introductory Physics I Lecture",3,"Zypman; Fredy",0,16,16,0,5,5,"T||R}1500}1615}BELFHL}","SYSC","Sy Syms-UG Nat/Soc Sci Req"
"90798","1031T","PHY","351","Wilf","Physics I Problem Seminar",0,"Zypman; Fredy",0,16,16,0,5,5,"T}1750}1840}BELFHL}B803","",""
"92130","1033","PHY","361","Wilf","Introductory Physics I Lab",1,"Rodriguez; Joshua",0,12,12,0,5,5,"T}1845}2025}BELFHL}B1121","",""
"90797","1051","PHY","231","Wilf","General Physics I Lecture",3,"Asherie; Neer",0,16,16,0,5,5,"M||W}1500}1615}BELFHL}","HONR","Honors Course"
"90800","1051T","PHY","251","Wilf","General Physics I-Recitation",0,"Krueger; August John",0,16,16,0,5,5,"M}1750}1840}BELFHL}B1410","",""
"92132","1053","PHY","261","Wilf","General Physics I Lab",1,"Krueger; August John",0,16,16,0,0,0,"M}1845}2025}BELFHL}B1121","",""
"90793","2051","PHY","231","Wilf","General Physics III",4,"Cwilich; Gabriel",0,16,16,0,5,5,"M||W}1500}1615}BELFHL}B821::W}1750}1840}BELFHL}B825","",""
"93298","3303","PHY","341","Wilf","Mathematical Physics",3,"Zypman; Fredy",0,30,30,0,5,5,"T||R}1630}1745}TBA}","",""
"93277","4930","PHY","261","Wilf","Topics: Advanced Mechanics",1,"Cwilich; Gabriel",0,16,16,0,5,5,"M}1845}2115}TBA}","",""
"93023","5621","PHY","1","Beren","Quantum Mechanics",3,"Prodan; Emil",0,7,7,0,0,0,"M}1515}1715}LEX215}1109","",""
"93278","5930","PHY","261","Wilf","Topics: Advanced Mechanics",1,"Cwilich; Gabriel",0,16,16,0,5,5,"M}1845}2115}TBA}","",""
"91815","1031","PHYS","C","Beren","Introductory Physics I Lecture",3,"Khalfan; Amish",0,50,50,0,0,0,"M||W}1155}1310}SCW}718","SCW3||SYSC","ST-Science &amp; Technology||Sy Syms-UG Nat/Soc Sci Req"
"91816","1031T","PHYS","AW","Beren","Introductory Physics",0,"Khalfan; Amish",0,30,30,0,10,10,"W}0925}1015}SCW}","",""
"91637","1031T","PHYS","BW","Beren","Introductory Physics",0,"Khalfan; Amish",0,30,30,0,10,10,"W}1030}1120}SCW}","SCW3||SYSC","ST-Science &amp; Technology||Sy Syms-UG Nat/Soc Sci Req"
"92115","1033","PHYS","DEW","Beren","Introductory Physics I Lab",1,"Edelman; Mark",0,10,10,0,8,8,"W}1325}1610}SCW}507","",""
"92116","1033","PHYS","FGW","Beren","Introductory Physics I Lab",1,"Edelman; Mark",0,10,10,0,8,8,"W}1700}1945}SCW}507","",""
"92520","1033","PHYS","FRI","Beren","Introductory Physics I Lab",1,"Edelman; Mark",0,10,10,0,8,8,"F}0930}1215}SCW}518","",""
"92117","1033","PHYS","MNT","Beren","Introductory Physics I Lab",1,"Edelman; Mark",0,10,10,0,8,8,"T}1335}1620}SCW}507","",""
"92118","1033","PHYS","PQT","Beren","Introductory Physics I Lab",1,"Edelman; Mark",0,10,10,0,8,8,"T}1645}1930}SCW}507","",""
"91820","1051","PHYS","B","Beren","General Physics I Lecture",3,"Asherie; Neer",0,8,8,0,0,0,"M||W}1025}1140}TBA}","SCW3||SYSC","ST-Science &amp; Technology||Sy Syms-UG Nat/Soc Sci Req"
"91639","1051T","PHYS","DM","Beren","General Physics",0,"Khalfan; Amish",0,8,8,0,0,0,"M}1325}1415}SCW}1015","",""
"92119","1053","PHYS","DEW","Beren","General Physics I Lab",1,"Edelman; Mark",0,2,2,0,5,5,"W}1325}1610}SCW}507","",""
"92120","1053","PHYS","FGW","Beren","General Physics I Lab",1,"Edelman; Mark",0,2,2,0,5,5,"W}1700}1945}SCW}507","",""
"92521","1053","PHYS","FRI","Beren","General Physics I Lab",1,"Edelman; Mark",0,2,2,0,3,3,"F}0930}1215}SCW}518","",""
"92121","1053","PHYS","MNT","Beren","General Physics I Lab",1,"Edelman; Mark",0,2,2,0,5,5,"T}1335}1620}SCW}507","",""
"92122","1053","PHYS","PQT","Beren","General Physics I Lab",1,"Edelman; Mark",0,2,2,0,5,5,"T}1645}1930}SCW}507","",""
"92864","4221","PHYS","C","Beren","Classical Mechanics",3,"Prodan; Emil",0,7,7,0,0,0,"M||W}1155}1310}SCW}1019","",""
"93270","4321","PHYS","B","Beren","Electromagnetic Theory",3,"Prodan; Emil",0,7,7,0,0,0,"M||W}1025}1140}TBA}","",""
"93338","4930","PHYS","C","Beren","Tps: Introduction to Geology",1,"Berliner; Ed F.",0,10,10,0,10,10,"M||W}1155}1310}TBA}","SCW3","ST-Science &amp; Technology"
"93276","4930","PHYS","D1","Beren","Top: Advanced Top in Physics",1,"Berliner; Ed F.",0,7,7,0,0,0,"M||W}1325}1440}TBA}","",""
"90658","1101","POL","231","Wilf","Introduction to American Politics",3,"Zack; Aaron",0,30,30,0,5,5,"M||W}1500}1615}GLUECK}G519","HBSI||PAMR||SYSC","YC-HBSI Requirement||UG POL (American Politics)||Sy Syms-UG Nat/Soc Sci Req"
"90683","1301","POL","331","Wilf","Introduction to International Relations",3,"Zaitseva; Maria N.",0,28,28,0,5,5,"T||R}1500}1615}GLUECK}G517","HBSI||PINT||SYSC","YC-HBSI Requirement||UG POL International Relations||Sy Syms-UG Nat/Soc Sci Req"
"90897","2121","POL","331","Wilf","Political Psychology",3,"Malka; Ariel",0,8,8,0,5,5,"T||R}1500}1615}FURST}F216","",""
"90679","2145","POL","261","Wilf","Constitutional Law",3,"Kaminetzky; Ben",0,28,28,0,5,5,"M}1845}2115}GLUECK}G417","HBSI||PAMR||SYSC","YC-HBSI Requirement||UG POL (American Politics)||Sy Syms-UG Nat/Soc Sci Req"
"93156","2190","POL","461","Wilf","Topics in American Politics: Healthcare Policy",3,"Troy; Tevi",0,15,15,0,5,5,"W}1845}2115}TBA}","HBSI||HONR","YC-HBSI Requirement||Honors Course"
"93157","2260","POL","361","Wilf","Democracy and Development",3,"Staff",0,30,30,0,5,5,"T}1845}2115}TBA}","COWC","YC-COWC Requirement"
"90684","2330","POL","311","Wilf","Terrorism",3,"Zaitseva; Maria N.",0,28,28,0,5,5,"T||R}1330}1445}FURST}F311","HBSI","YC-HBSI Requirement"
"93158","2395","POL","241","Wilf","Topics: International Relations: International Political Economy",3,"Zack; Aaron",0,15,15,0,5,5,"M||W}1630}1745}TBA}","HBSI","YC-HBSI Requirement"
"93159","2495","POL","341","Wilf","Topics in Political Theory: Contemporary Political Thought",3,"Mantel-Hoffmann; Tristan",0,15,15,0,5,5,"T||R}1630}1745}TBA}","CUOT","YC-CUOT Requirement"
"90900","2505","POL","341","Wilf","Writing Social Science",3,"Zaitseva; Maria N.",0,12,12,0,5,5,"T||R}1630}1745}GLUECK}G517","WRIN","YC-WRIN Requirement"
"91621","1301","POLI","B","Beren","Introduction to International Relations",3,"Cristol; Jonathan Levi",0,30,30,0,10,10,"M||W}1025}1140}TBA}","FNDT||PINT||SYSC","ST-Foundations &amp; Contemporary||UG POL International Relations||Sy Syms-UG Nat/Soc Sci Req"
"91572","1501","POLI","L","Beren","Fundamentals of Political Science",3,"Luders; Joseph",0,32,32,0,10,10,"T||R}1150}1305}TBA}","FNDT||SYSC","ST-Foundations &amp; Contemporary||Sy Syms-UG Nat/Soc Sci Req"
"93183","2100","POLI","K","Beren","The American Presidency",3,"Luders; Joseph",0,30,30,0,10,10,"T||R}1025}1140}TBA}","FNDT||HONR||PAMR||STRS","ST-Foundations &amp; Contemporary||Honors Course||UG POL (American Politics)||Straus Center"
"93181","2160","POLI","J","Beren","Social Movements",3,"Luders; Joseph",0,30,30,0,10,10,"T||R}0900}1015}TBA}","FNDT||PAMR||SYSC","ST-Foundations &amp; Contemporary||UG POL (American Politics)||Sy Syms-UG Nat/Soc Sci Req"
"91712","2290","POLI","B","Beren","Topics in Comparative Politics: Foreign Policy",3,"Lebto; Eli Levtov Khananel",0,30,30,0,10,10,"M||W}1025}1140}TBA}","FNDT||PCOM||PINT||SYSC","ST-Foundations &amp; Contemporary||UG POL (Comparative Politics)||UG POL International Relations||Sy Syms-UG Nat/Soc Sci Req"
"92033","2290","POLI","E","Beren","Topics in Comparative Politics: Comparative Public Opinion",3,"Malka; Ariel",0,15,15,0,10,10,"M}1510}1625}TBA}::W}1535}1650}TBA}","FNDT||PCOM||SYSC","ST-Foundations &amp; Contemporary||UG POL (Comparative Politics)||Sy Syms-UG Nat/Soc Sci Req"
"93182","2330","POLI","A","Beren","Terrorism",3,"Cristol; Jonathan Levi",0,30,30,0,10,10,"M||W}0900}1015}TBA}","FNDT||PINT||SYSC","ST-Foundations &amp; Contemporary||UG POL International Relations||Sy Syms-UG Nat/Soc Sci Req"
"91682","2495","POLI","C","Beren","Topics in Political Theory: Just and Unjust Wars",3,"Leventer; Herb",0,15,15,0,5,5,"M||W}1155}1310}TBA}","FNDT||PTHE||SYSC","ST-Foundations &amp; Contemporary||UG POL (Political Theory)||Sy Syms-UG Nat/Soc Sci Req"
"92134","2495","POLI","D1","Beren","Topics in Political Theory: Contemporary Political Theory",3,"Mantel-Hoffmann; Tristan",0,15,15,0,10,10,"M||W}1325}1440}TBA}","FNDT||PTHE||SYSC","ST-Foundations &amp; Contemporary||UG POL (Political Theory)||Sy Syms-UG Nat/Soc Sci Req"
"90667","1010","PSY","311","Wilf","Introduction to Psychology",3,"Isaacs; Jenny",0,25,25,0,5,5,"T||R}1330}1445}BELFHL}B211","FNDT||SYSC","ST-Foundations &amp; Contemporary||Sy Syms-UG Nat/Soc Sci Req"
"90639","1010","PSY","331","Wilf","Introduction to Psychology",3,"Isaacs; Jenny",0,20,20,0,5,5,"T||R}1500}1615}BELFHL}B211","FNDT||SYSC","ST-Foundations &amp; Contemporary||Sy Syms-UG Nat/Soc Sci Req"
"90657","1021","PSY","341","Wilf","Statistics for Psychology",3,"Malka; Ariel",0,30,30,0,5,5,"T||R}1630}1745}FURST}F310","EXQM","YC-EXQM Requirement"
"90640","1110","PSY","461","Wilf","Developmental I: Child",3,"Schwartz; Jonathan",0,25,25,0,5,5,"W}1845}2115}FURST}F313","",""
"93160","1124","PSY","341","Wilf","Learning Disabilities",3,"Glicksman; Stephen I.",0,25,25,0,5,5,"T||R}1630}1745}FURST}","",""
"90786","2100","PSY","241","Wilf","Experimental Psychology Lecture",3,"Cohen; Anna-Lisa",0,12,12,0,5,5,"M||W}1630}1745}BELFHL}B821","EXQM||SYSC||WRIN","YC-EXQM Requirement||Sy Syms-UG Nat/Soc Sci Req||YC-WRIN Requirement"
"90801","2120","PSY","251","Wilf","Experimental Psychology Lab",1,"Cohen; Anna-Lisa",0,12,12,0,5,5,"M}1800}1945}BELFHL}B821","",""
"90696","2150","PSY","231","Wilf","Cognitive Psychology",3,"Cohen; Anna-Lisa",0,25,25,0,5,5,"M||W}1500}1615}BELFHL}B218","",""
"90791","2414","PSY","341","Wilf","Abnormal Psychology",3,"Isaacs; Jenny",0,25,25,0,5,5,"T||R}1630}1745}BELFHL}","",""
"90641","3105","PSY","261","Wilf","Social Psychology",3,"Schnall; Eliezer H.",0,20,20,0,5,5,"M||W}1845}2000}GLUECK}G307","",""
"93161","3601","PSY","241","Wilf","Health Psychology",3,"Schwartz; Jonathan",0,25,25,0,5,5,"M||W}1630}1745}FURST}","",""
"90697","3804","PSY","261","Wilf","Psychobiology",3,"Wang; Junshi",0,20,20,0,5,5,"M}1845}2115}FURST}F208","NAWO","YC-NAWO Requirement"
"93162","4930","PSY","241","Wilf","Topics in Psychology: Political Psychology",3,"Malka; Ariel",0,12,12,0,5,5,"T||R}1500}1615}TBA}","",""
"90668","4933","PSY","241","Wilf","Research Seminar",3,"Schnall; Eliezer H.",0,10,10,0,5,5,"M||W}1630}1745}FURST}F216","HONR","Honors Course"
"93197","1010","PSYC","F","Beren","Introduction to Psychology",3,"Stecker; Jordan",0,20,20,0,0,0,"M}1640}1755}TBA}::W}1700}1815}TBA}","",""
"91651","1010","PSYC","TB","Beren","Introduction to Psychology",3,"Staff",0,25,25,0,10,10,"","FNDT||SYSC","ST-Foundations &amp; Contemporary||Sy Syms-UG Nat/Soc Sci Req"
"92514","1010","PSYC","TBA","Beren","Introduction to Psychology",3,"Staff",0,25,25,0,10,10,"","FNDT||SYSC","ST-Foundations &amp; Contemporary||Sy Syms-UG Nat/Soc Sci Req"
"91588","1010","PSYC","TBD","Beren","Introduction to Psychology",3,"Staff",0,25,25,0,10,10,"","FNDT||SYSC","ST-Foundations &amp; Contemporary||Sy Syms-UG Nat/Soc Sci Req"
"93261","1107","PSYC","E","Beren","Developmental Psychology: Life Span",3,"Staff",0,25,25,0,10,10,"M}1510}1625}TBA}::W}1535}1650}TBA}","FNDT||SYSC","ST-Foundations &amp; Contemporary||Sy Syms-UG Nat/Soc Sci Req"
"91847","1107","PSYC","K","Beren","Developmental Psychology: Life Span",3,"Goldman; Elizabeth Jessica",0,25,25,0,10,10,"T||R}1025}1140}SCW}501","",""
"91592","1107","PSYC","L","Beren","Developmental Psychology: Life Span",3,"Ebner; Rachel",0,25,25,0,10,10,"M||W}1155}1310}LEX215}LX718","FNDT||SYSC","ST-Foundations &amp; Contemporary||Sy Syms-UG Nat/Soc Sci Req"
"93260","1130","PSYC","E","Beren","Cognitive and Social Development of the Adolescent and Young Adult 3 credits",3,"Gumora; Gail",0,15,15,0,10,10,"M}1510}1625}TBA}::W}1535}1650}TBA}","",""
"91814","2100","PSYC","B","Beren","Experimental Psychology Lecture",3,"Bacon; Joshua H.",0,36,36,0,0,0,"M||W}1025}1140}LEX215}LX208","SYSC","Sy Syms-UG Nat/Soc Sci Req"
"91827","2120","PSYC","TB","Beren","Experimental Psychology Lab",1,"Bacon; Joshua H.",0,12,12,0,10,10,"}N/A}N/A}LEX215}LX414","",""
"91829","2120","PSYC","TBA","Beren","Experimental Psychology Lab",1,"Bacon; Joshua H.",0,12,12,0,10,10,"}N/A}N/A}LEX215}LX414","",""
"91828","2120","PSYC","TBD","Beren","Experimental Psychology Lab",1,"Bacon; Joshua H.",0,12,12,0,10,10,"}N/A}N/A}LEX215}LX414","",""
"91644","2140","PSYC","M","Beren","Learning",3,"Goldman; Elizabeth Jessica",0,25,25,0,10,10,"T||R}1335}1450}LEX215}LX209","",""
"91561","2150","PSYC","C","Beren","Cognitive Psychology",3,"Bacon; Joshua H.",0,25,25,0,10,10,"M||W}1155}1310}TBA}","",""
"92049","2153","PSYC","A","Beren","Mind; Language; and Consciousness",3,"Bacon; Joshua H.",0,25,25,0,10,10,"M||W}0900}1015}LEX215}LX210","FNDT||SYSC","ST-Foundations &amp; Contemporary||Sy Syms-UG Nat/Soc Sci Req"
"91632","2414","PSYC","C","Beren","Abnormal Psychology",3,"DiLorenzo; Terry",0,30,30,0,10,10,"M||W}1155}1310}TBA}","",""
"91844","2414","PSYC","D1","Beren","Abnormal Psychology",3,"DiLorenzo; Terry",0,30,30,0,0,0,"W}1325}1440}LEX215}LX718::M}1340}1455}LEX215}LX718","",""
"91604","2430","PSYC","K","Beren","Intro to Clinical Psychology",3,"Kolidas; Evelyn Athena",0,32,32,0,10,10,"T||R}1025}1140}LEX215}LX718","",""
"91568","3105","PSYC","L","Beren","Social Psychology",3,"Staff",0,25,25,0,10,10,"T||R}1150}1305}SCW}418","",""
"91791","3214","PSYC","B","Beren","Research Seminar",3,"DiLorenzo; Terry",0,10,10,0,0,0,"M||W}1025}1140}LEX215}","HONR","Honors Course"
"91616","3800","PSYC","J","Beren","Personality",3,"Kolidas; Evelyn Athena",0,32,32,0,10,10,"T||R}0900}1015}LEX215}YAGODACOMM","",""
"91586","3804","PSYC","L","Beren","Psychobiology",3,"Bensalel-Lyampe; Johanna",0,20,20,0,10,10,"T||R}1150}1305}SCW}301","",""
"93022","4741","PSYC","1NT","Beren","Psychology Internship",1,"DiLorenzo; Terry",0,0,0,0,0,0,"}N/A}N/A}TBA}","",""
"93032","4901","PSYC","2","Beren","Independent Study",1,"Goldman; Elizabeth Jessica",0,0,0,0,0,0,"}N/A}N/A}TBA}","",""
"93262","4930","PSYC","E","Beren","Topics in Psychology: Comparative Public Opinion",3,"Malka; Ariel",0,10,10,0,10,10,"M}1510}1625}TBA}::W}1535}1650}TBA}","",""
"91677","4930","PSYC","N","Beren","Topics in Psychology: Children &amp; Emerging Technology",3,"Goldman; Elizabeth Jessica",0,20,20,0,10,10,"T||R}1500}1615}LEX215}LX209","",""
"91666","1060","PUB","L","Beren","Biology and Public Health",3,"Katz; Amanda M.",0,8,8,0,10,10,"T||R}1150}1305}SCW}1015","SCW3||SYSC","ST-Science &amp; Technology||Sy Syms-UG Nat/Soc Sci Req"
"93342","2407","PUB","G","Beren","Epidemiology",3,"Staff",0,5,5,0,10,10,"M}1805}1920}TBA}::W}1820}1935}TBA}","FNDT||SYSC","ST-Foundations &amp; Contemporary||Sy Syms-UG Nat/Soc Sci Req"
"91603","3221","PUB","EFM","Beren","Nutrition",3,"Weinreb; Raizy",0,11,11,0,10,10,"M}1530}1800}SCW}601","",""
"91602","3610","PUB","F","Beren","Public Health",3,"Michelson; Naomi",0,10,10,0,10,10,"M}1640}1755}SCW}418::W}1700}1815}TBA}","FNDT||SYSC","ST-Foundations &amp; Contemporary||Sy Syms-UG Nat/Soc Sci Req"
"93226","2945","REA","461","Wilf","Real Estate Management",2,"Hirt; Ari Jay",0,30,30,0,10,10,"W}1845}2045}TBA}","",""
"90632","2949","REA","561","Wilf","Real Estate Finance",3,"Bandyopadhyay; Arka",0,10,10,0,10,10,"R}1830}2100}FURST}","",""
"90862","2949","REA","P","Beren","Real Estate Finance",3,"Stern; Amit",0,10,10,0,10,10,"T||R}1630}1745}SCW}","",""
"90642","1001","SOC","331","Wilf","Introduction to Sociology",3,"Langer; Sidney",0,30,30,0,5,5,"T||R}1500}1615}FURST}F304","SYSC","Sy Syms-UG Nat/Soc Sci Req"
"93305","1730","SOC","251","Wilf","American Jewish Communities",3,"Staff",0,25,25,0,0,0,"W}1815}2045}TBA}","HBSI","YC-HBSI Requirement"
"90872","1934","SOC","362","Wilf","Sociology of Mass Media",3,"Goldman; Eric",0,20,20,0,5,5,"T}1845}2115}FURST}F306","HBSI","YC-HBSI Requirement"
"93163","2402","SOC","461","Wilf","Health and Society",3,"Troy; Tevi",0,5,5,0,5,5,"W}1845}2115}TBA}","HBSI||HONR","YC-HBSI Requirement||Honors Course"
"93164","2611","SOC","231","Wilf","Cultural Anthropology",3,"Katz; Jill C.",0,25,25,0,5,5,"M||W}1500}1615}TBA}","HBSI","YC-HBSI Requirement"
"90789","3701","SOC","261","Wilf","Social Psychology",3,"Schnall; Eliezer H.",0,5,5,0,5,5,"M||W}1845}2000}GLUECK}G307","SYSC","Sy Syms-UG Nat/Soc Sci Req"
"91659","1001","SOCI","B","Beren","Introduction to Sociology",3,"Deutsch; Nicole Erica",0,33,33,0,10,10,"M||W}1025}1140}SCW}518","FNDT||SYSC","ST-Foundations &amp; Contemporary||Sy Syms-UG Nat/Soc Sci Req"
"90611","1001","SOCI","C","Beren","Introduction to Sociology",3,"Staff; ",0,20,20,0,0,0,"M||W}1155}1310}LEX215}","FNDT||SYSC","ST-Foundations &amp; Contemporary||Sy Syms-UG Nat/Soc Sci Req"
"91560","1001","SOCI","E","Beren","Introduction to Sociology",3,"Hauser; Orlee",0,33,33,0,10,10,"M}1510}1625}SCW}418::W}1535}1650}SCW}418","FNDT||SYSC","ST-Foundations &amp; Contemporary||Sy Syms-UG Nat/Soc Sci Req"
"91559","1001","SOCI","F","Beren","Introduction to Sociology",3,"Hauser; Orlee",0,40,40,0,10,10,"M}1640}1755}TBA}::W}1700}1815}TBA}","FNDT||SYSC","ST-Foundations &amp; Contemporary||Sy Syms-UG Nat/Soc Sci Req"
"93185","2302","SOCI","D1","Beren","Sociology of Deviance",3,"Hauser; Orlee",0,35,35,0,10,10,"M||W}1325}1440}TBA}","FNDT||SYSC","ST-Foundations &amp; Contemporary||Sy Syms-UG Nat/Soc Sci Req"
"93177","2403","SOCI","F","Beren","Introduction to Public Health",3,"Michelson; Naomi",0,30,30,0,10,10,"M}1640}1755}TBA}::W}1700}1815}TBA}","FNDT||SYSC","ST-Foundations &amp; Contemporary||Sy Syms-UG Nat/Soc Sci Req"
"93204","2407","SOCI","G","Beren","Epidemiology",3,"Staff",0,30,30,0,10,10,"M}1805}1920}TBA}::W}1820}1935}TBA}","FNDT||SYSC","ST-Foundations &amp; Contemporary||Sy Syms-UG Nat/Soc Sci Req"
"93201","2802","SOCI","E","Beren","Social Movements",3,"Staff; ",0,20,20,0,0,0,"M}1510}1625}TBA}::W}1535}1650}TBA}","",""
"92039","2802","SOCI","J","Beren","Social Movements",3,"Luders; Joseph",0,10,10,0,10,10,"T||R}0900}1015}TBA}","FNDT||SYSC","ST-Foundations &amp; Contemporary||Sy Syms-UG Nat/Soc Sci Req"
"91663","3003","SOCI","L","Beren","Methods of Social Research",3,"Katz; Jill C.",0,25,25,0,10,10,"T||R}1150}1305}TBA}","FNDT||SYSC","ST-Foundations &amp; Contemporary||Sy Syms-UG Nat/Soc Sci Req"
"91719","3701","SOCI","L","Beren","Social Psychology",3,"Staff",0,5,5,0,3,3,"T||R}1150}1305}TBA}","FNDT||SYSC","ST-Foundations &amp; Contemporary||Sy Syms-UG Nat/Soc Sci Req"
"91723","4930","SOCI","M","Beren","Topic in Sociology: Power &amp; Resentment",3,"Levin-Areddy; Adaam James",0,30,30,0,10,10,"T||R}1335}1450}LEX215}LX314","FNDT||SYSC","ST-Foundations &amp; Contemporary||Sy Syms-UG Nat/Soc Sci Req"
"93200","1010","SPEE","B","Beren","Speech Communication",3,"Kokkinos; Jerry",0,20,20,0,0,0,"M||W}1025}1140}TBA}","",""
"91593","1010","SPEE","E","Beren","Speech Communication",3,"Russell; Reuven",0,18,18,0,10,10,"M}1510}1625}SCW}501::W}1535}1650}SCW}501","SCW1","ST-Modes of Expression"
"91606","1010","SPEE","F","Beren","Speech Communication",3,"Russell; Reuven",0,18,18,0,10,10,"M}1640}1755}SCW}501::W}1700}1815}SCW}501","SCW1","ST-Modes of Expression"
"91612","1010","SPEE","G","Beren","Speech Communication",3,"Russell; Reuven",0,18,18,0,10,10,"M}1805}1920}SCW}501::W}1820}1935}SCW}501","SCW1","ST-Modes of Expression"
"91678","1010","SPEE","L","Beren","Speech Communication",3,"Russell; Reuven",0,18,18,0,10,10,"T||R}1150}1305}SCW}501","SCW1","ST-Modes of Expression"
"91631","1010","SPEE","M","Beren","Speech Communication",3,"Russell; Reuven",0,18,18,0,10,10,"T||R}1335}1450}SCW}501","SCW1","ST-Modes of Expression"
"91575","1010","SPEE","N","Beren","Speech Communication",3,"Russell; Reuven",0,18,18,0,10,10,"T||R}1500}1615}SCW}501","SCW1","ST-Modes of Expression"
"91643","1010","SPEE","P","Beren","Speech Communication",3,"Russell; Reuven",0,18,18,0,10,10,"T||R}1630}1745}SCW}501","SCW1","ST-Modes of Expression"
"91649","2090","SPEE","TBA","Beren","Play Production",2,"Schechter; Jessica Susan",0,15,15,0,5,5,"}N/A}N/A}TBA}","",""
"91623","3000","SPAU","A","Beren","Survey of Communication Disorders",3,"Wexler Gurfein; Melissa",0,35,35,0,10,10,"M||W}0900}1015}LEX215}LX718","",""
"91565","3001","SPAU","C","Beren","Development of Speech and Language",3,"Granik; Elyse Rachel",0,25,25,0,10,10,"M||W}1155}1310}LEX215}LX405","",""
"91625","3009","SPAU","F","Beren","Anatomy and Physiology of Speech and Hearing",3,"Granik; Elyse Rachel",0,25,25,0,10,10,"M}1640}1755}SCW}102::W}1700}1815}SCW}102","",""
"91624","3015","SPAU","D1","Beren","Introduction to Speech Science",3,"Granik; Elyse Rachel",0,25,25,0,10,10,"M||W}1325}1440}TBA}","",""
"91566","3112","SPAU","B","Beren","Phonetics",3,"Fuld; Heidi",0,25,25,0,10,10,"M||W}1025}1140}LEX215}LX405","",""
"91664","3320","SPAU","E","Beren","Aural Rehabilitation",3,"Granik; Elyse Rachel",0,25,25,0,10,10,"M}1510}1625}LEX215}LX405::W}1535}1650}LEX215}LX405","",""
"91626","3938","SPAU","C","Beren","Clinical Methods",3,"Fuld; Heidi",0,25,25,0,10,10,"M||W}1155}1310}LEX215}LX402","",""
"90648","1021","STA","231","Wilf","Introduction to Statistics",3,"Grivoyannis; Elias C.",0,35,35,0,5,5,"M||W}1500}1615}FURST}F213","EXQM","YC-EXQM Requirement"
"90613","1021","STAT","A","Beren","Introduction to Statistics",3,"Rao; Liteshwar",0,20,20,0,0,0,"M||W}0900}1015}LEX215}LX402","SCW2","ST-Quantitative Skills"
"91638","1021","STAT","E","Beren","Introduction to Statistics",3,"Cho; Hyun-Wook",0,30,30,0,10,10,"M}1510}1625}TBA}::W}1535}1650}TBA}","SCW2","ST-Quantitative Skills"
"91613","1021","STAT","TBD","Beren","Introduction to Statistics",3,"Staff; ",0,32,32,0,10,10,"}N/A}N/A}TBA}","SCW2","ST-Quantitative Skills"
"91874","5241","TALS","DMN","Beren","Hullin I",6,"Berger; Gedalyah A.",0,20,20,0,0,0,"M||T||W||R}1400}1600}SCW}BEIT MDRSH::M||T||W||R}1601}1730}SCW}815","",""
"91875","6700","TALS","MNP","Beren","Independent Study - Talmud",1,"Berger; Gedalyah A.",0,5,5,0,0,0,"M||W}1400}1730}SCW}BEIT MDRSH","",""
"93329","6900","TALS","AKL","Beren","Top: Masekhet Shechita",3,"Nachbar; Duvie Noach",0,20,20,0,0,0,"M||T||W||R}0900}1130}SCW}BEIT MDRSH::M||T||W||R}1145}1300}SCW}615","",""
"91877","6900","TALS","MNP","Beren","Topics: Shabbos I",3,"Schwartz; Ezra Y.",0,20,20,0,0,0,"T||R}1400}1459}TBA}::T||R}1500}1730}TBA}","",""
"90499","6124","TAX","331","Wilf","Federal Income Taxation I",3,"Trey; Jeffrey",0,30,30,0,10,10,"T||R}1500}1615}GLUECK}G516","",""
"90498","6124","TAX","341","Wilf","Federal Income Taxation I",3,"Trey; Jeffrey",0,30,30,0,11,11,"T||R}1630}1745}GLUECK}G308","",""
"90427","6124","TAX","K","Beren","Federal Income Taxation I",3,"Trey; Jeffrey",0,30,30,0,5,5,"T||R}1025}1140}LEX215}LX312","",""
