"90495","1001","ACC","231","Wilf","Accounting Principles I","3","Wax; Laurie Faye","0","30","30","0","10","10","M||W}1500}1615}FURST}F210","SYBC","Sy Syms-UG Business Core","","","IDS1010","","Introduction to financial accounting: the accounting cycle; preparation of financial statements; accounting for cash and temporary investments; receivables; inventories; and long-lived assets. International financial reporting standards are studied throughout the course as are ethical considerations for new topics as they are introduced. Prerequisite(s): IDS 1010 or equivalent may be taken as a prerequisite or corequisite."
"90580","1001","ACC","232","Wilf","Accounting Principles I","3","Lefkowitz; Miriam","0","30","30","0","10","10","M||W}1500}1615}BELFHL}B203","SYBC","Sy Syms-UG Business Core","","","IDS1010","","Introduction to financial accounting: the accounting cycle; preparation of financial statements; accounting for cash and temporary investments; receivables; inventories; and long-lived assets. International financial reporting standards are studied throughout the course as are ethical considerations for new topics as they are introduced. Prerequisite(s): IDS 1010 or equivalent may be taken as a prerequisite or corequisite."
"93188","1001","ACC","233","Wilf","Accounting Principles I","3","Staff","0","20","20","0","0","0","M||W}1430}1545}FURST}","SYBC","Sy Syms-UG Business Core","","","IDS1010","","Introduction to financial accounting: the accounting cycle; preparation of financial statements; accounting for cash and temporary investments; receivables; inventories; and long-lived assets. International financial reporting standards are studied throughout the course as are ethical considerations for new topics as they are introduced. Prerequisite(s): IDS 1010 or equivalent may be taken as a prerequisite or corequisite."
"90519","1001","ACC","241","Wilf","Accounting Principles I","3","Crawford; Constance J.","0","25","25","0","10","10","M||W}1630}1745}FURST}F212","HONR","Honors Course","","","IDS1010","","Introduction to financial accounting: the accounting cycle; preparation of financial statements; accounting for cash and temporary investments; receivables; inventories; and long-lived assets. International financial reporting standards are studied throughout the course as are ethical considerations for new topics as they are introduced. Prerequisite(s): IDS 1010 or equivalent may be taken as a prerequisite or corequisite."
"90505","1001","ACC","242","Wilf","Accounting Principles I","3","Resnik; Jim","0","30","30","0","10","10","M||W}1630}1745}FURST}F210","SYBC","Sy Syms-UG Business Core","","","IDS1010","","Introduction to financial accounting: the accounting cycle; preparation of financial statements; accounting for cash and temporary investments; receivables; inventories; and long-lived assets. International financial reporting standards are studied throughout the course as are ethical considerations for new topics as they are introduced. Prerequisite(s): IDS 1010 or equivalent may be taken as a prerequisite or corequisite."
"93222","1001","ACC","243","Wilf","Accounting Principles I","3","Lefkowitz; Miriam","0","30","30","0","10","10","M||W}1630}1745}BELFHL}","SYBC","Sy Syms-UG Business Core","","","IDS1010","","Introduction to financial accounting: the accounting cycle; preparation of financial statements; accounting for cash and temporary investments; receivables; inventories; and long-lived assets. International financial reporting standards are studied throughout the course as are ethical considerations for new topics as they are introduced. Prerequisite(s): IDS 1010 or equivalent may be taken as a prerequisite or corequisite."
"90482","1001","ACC","311","Wilf","Accounting Principles I","3","Mayer; Steve","0","30","30","0","10","10","T||R}1330}1445}FURST}F314","SYBC","Sy Syms-UG Business Core","","","IDS1010","","Introduction to financial accounting: the accounting cycle; preparation of financial statements; accounting for cash and temporary investments; receivables; inventories; and long-lived assets. International financial reporting standards are studied throughout the course as are ethical considerations for new topics as they are introduced. Prerequisite(s): IDS 1010 or equivalent may be taken as a prerequisite or corequisite. Section information text: Not Open to MYP Students"
"90481","1001","ACC","331","Wilf","Accounting Principles I","3","Cohen; Michael H.","0","25","25","0","10","10","T||R}1500}1615}FURST}F314","HONR","Honors Course","","","IDS1010","","Introduction to financial accounting: the accounting cycle; preparation of financial statements; accounting for cash and temporary investments; receivables; inventories; and long-lived assets. International financial reporting standards are studied throughout the course as are ethical considerations for new topics as they are introduced. Prerequisite(s): IDS 1010 or equivalent may be taken as a prerequisite or corequisite."
"90552","1001","ACC","361","Wilf","Accounting Principles I","3","Cohen; Michael H.","0","30","30","0","10","10","T||R}1845}2000}BELFHL}B218","SYBC","Sy Syms-UG Business Core","","","IDS1010","","Introduction to financial accounting: the accounting cycle; preparation of financial statements; accounting for cash and temporary investments; receivables; inventories; and long-lived assets. International financial reporting standards are studied throughout the course as are ethical considerations for new topics as they are introduced. Prerequisite(s): IDS 1010 or equivalent may be taken as a prerequisite or corequisite."
"90465","1001","ACC","A","Beren","Accounting Principles I","3","Hyman; Cody Alyssa","0","30","30","0","5","5","M||W}0900}1015}LEX215}","SYBC","Sy Syms-UG Business Core","","","IDS1010","","Introduction to financial accounting: the accounting cycle; preparation of financial statements; accounting for cash and temporary investments; receivables; inventories; and long-lived assets. International financial reporting standards are studied throughout the course as are ethical considerations for new topics as they are introduced. Prerequisite(s): IDS 1010 or equivalent may be taken as a prerequisite or corequisite."
"90441","1001","ACC","B","Beren","Accounting Principles I","3","Rotenstein; Aliza","0","30","30","0","15","15","M||W}1025}1140}LEX215}LX313","SYBC","Sy Syms-UG Business Core","","","IDS1010","","Introduction to financial accounting: the accounting cycle; preparation of financial statements; accounting for cash and temporary investments; receivables; inventories; and long-lived assets. International financial reporting standards are studied throughout the course as are ethical considerations for new topics as they are introduced. Prerequisite(s): IDS 1010 or equivalent may be taken as a prerequisite or corequisite."
"90433","1001","ACC","D1","Beren","Accounting Principles I","3","Rotenstein; Aliza","0","25","25","0","15","15","M||W}1325}1440}LEX215}LX210","HONR","Honors Course","","","IDS1010","","Introduction to financial accounting: the accounting cycle; preparation of financial statements; accounting for cash and temporary investments; receivables; inventories; and long-lived assets. International financial reporting standards are studied throughout the course as are ethical considerations for new topics as they are introduced. Prerequisite(s): IDS 1010 or equivalent may be taken as a prerequisite or corequisite."
"90497","1002","ACC","341","Wilf","Accounting Principles II","3","Mayer; Steve","0","30","30","0","10","10","T||R}1630}1745}FURST}F314","SYBC","Sy Syms-UG Business Core","","","ACC1001;;IDS1015|IDS1020;;IDS1010","","Accounting for current and long-term liabilities; stockholders' equity; statement of cash flows; introduction to management accounting; cost behavior; and break-even analysis. International financial reporting standards are studied throughout the course as are ethical considerations for new topics as they are introduced. Prerequisite(s): ACC 1001; and IDS 1015 or IDS 1020 may be taken as prerequisite or corequisite; and IDS 1010 or equivalent."
"90517","1002","ACC","361","Wilf","Accounting Principles II","3","Mayer; Steve","0","30","30","0","10","10","T||R}1845}2000}FURST}","SYBC","Sy Syms-UG Business Core","","","ACC1001;;IDS1015|IDS1020;;IDS1010","","Accounting for current and long-term liabilities; stockholders' equity; statement of cash flows; introduction to management accounting; cost behavior; and break-even analysis. International financial reporting standards are studied throughout the course as are ethical considerations for new topics as they are introduced. Prerequisite(s): ACC 1001; and IDS 1015 or IDS 1020 may be taken as prerequisite or corequisite; and IDS 1010 or equivalent."
"90431","1002","ACC","D1","Beren","Accounting Principles II","3","Huang; Henry","0","30","30","0","5","5","M}1325}1440}LEX215}::W}1325}1440}TBA}","SYBC","Sy Syms-UG Business Core","","","ACC1001;;IDS1015|IDS1020;;IDS1010","","Accounting for current and long-term liabilities; stockholders' equity; statement of cash flows; introduction to management accounting; cost behavior; and break-even analysis. International financial reporting standards are studied throughout the course as are ethical considerations for new topics as they are introduced. Prerequisite(s): ACC 1001; and IDS 1015 or IDS 1020 may be taken as prerequisite or corequisite; and IDS 1010 or equivalent."
"93350","1003","ACC","231","Wilf","Foundations of Financial Accounting I","3","Staff","0","20","20","0","0","0","M||W}1430}1545}TBA}","KZAS","Katz AS Program","IDS1001;;IDS1011","","","","Companies track their finances and communicate their performance to outsiders according to general accepted accounting principles (GAAP). The course is designed to provide an understanding of financial accounting fundamentals for prospective users managers. Students will develop entry-level skills for segmenting; recording; and reporting basic financial data. They will also develop basic technical skills needed to analyze financial statement. Only open to Katz Associates Program students. Prerequisite(s): IDS 1001; IDS 1011 or equivalent."
"90483","1101","ACC","231","Wilf","Intermediate Accounting I","3","Resnik; Jim","0","30","30","0","10","10","M||W}1500}1615}FURST}F206","","","","","ACC1002;;ENT1020;;FIN1001;;IDS1020;;MAR1001","","Intensive study of the application of generally accepted accounting principles to selected assets: including cash; receivables; inventories; long-lived assets; and intangibles. Prerequisite(s): ACC 1002; and ENT 1020; FIN 1001; IDS 1020; and MAR 1001 may be taken as prerequisite or corequisite."
"90484","1101","ACC","311","Wilf","Intermediate Accounting I","3","Davis; Yehuda","0","30","30","0","10","10","T||R}1330}1445}FURST}","","","","","ACC1002;;ENT1020;;FIN1001;;IDS1020;;MAR1001","","Intensive study of the application of generally accepted accounting principles to selected assets: including cash; receivables; inventories; long-lived assets; and intangibles. Prerequisite(s): ACC 1002; and ENT 1020; FIN 1001; IDS 1020; and MAR 1001 may be taken as prerequisite or corequisite. Section information text: Not Open to MYP Students."
"92084","1101","ACC","331","Wilf","Intermediate Accounting I","3","Davis; Yehuda","0","30","30","0","10","10","T||R}1500}1615}FURST}","","","","","ACC1002;;ENT1020;;FIN1001;;IDS1020;;MAR1001","","Intensive study of the application of generally accepted accounting principles to selected assets: including cash; receivables; inventories; long-lived assets; and intangibles. Prerequisite(s): ACC 1002; and ENT 1020; FIN 1001; IDS 1020; and MAR 1001 may be taken as prerequisite or corequisite."
"90425","1101","ACC","A","Beren","Intermediate Accounting I","3","Rotenstein; Aliza","0","20","20","0","5","5","M||W}0900}1015}LEX215}","","","","","ACC1002;;ENT1020;;FIN1001;;IDS1020;;MAR1001","","Intensive study of the application of generally accepted accounting principles to selected assets: including cash; receivables; inventories; long-lived assets; and intangibles. Prerequisite(s): ACC 1002; and ENT 1020; FIN 1001; IDS 1020; and MAR 1001 may be taken as prerequisite or corequisite."
"90485","2403","ACC","241","Wilf","Management Accounting","3","Huang; Henry","0","30","30","0","10","10","M||W}1630}1745}BELFHL}","","","","","ACC1002","","Techniques used in decision making for management and financial reporting; product and service costing systems; overhead allocation; standard costs for control and analysis; cost-volume-profit analysis; short-term decision making; and performance evaluation. Prerequisite(s): ACC 1002; and foundation courses may be taken as prerequisites or corequisites."
"90581","2625","ACC","261","Wilf","Accounting Information Systems","3","Crawford; Constance J.","0","30","30","0","10","10","M||W}1845}2000}GLUECK}","","","ACC1002;;ACC1101","","","","This course is an introduction to the subject of accounting information systems; including their design; control; and use. The course gives attention to control procedures and methods for manual and computerized systems by major transaction cycles. Prerequisite(s): ACC 1002; Foundation courses and ACC 1101 may be take as a prerequisite or corequisite."
"93223","2625","ACC","262","Wilf","Accounting Information Systems","3","Rava; Ariel","0","30","30","0","10","10","T||R}1500}1615}GLUECK}G417","","","ACC1002;;ACC1101","","","","This course is an introduction to the subject of accounting information systems; including their design; control; and use. The course gives attention to control procedures and methods for manual and computerized systems by major transaction cycles. Prerequisite(s): ACC 1002; Foundation courses and ACC 1101 may be take as a prerequisite or corequisite."
"90466","2625","ACC","L","Beren","Accounting Information Systems","3","Rava; Ariel","0","30","30","0","5","5","T||R}1150}1305}SCW}319","","","ACC1002;;ACC1101","","","","This course is an introduction to the subject of accounting information systems; including their design; control; and use. The course gives attention to control procedures and methods for manual and computerized systems by major transaction cycles. Prerequisite(s): ACC 1002; Foundation courses and ACC 1101 may be take as a prerequisite or corequisite."
"90486","3201","ACC","331","Wilf","Advanced Accounting","3","Mayer; Steve","0","30","30","0","10","10","T||R}1500}1615}FURST}","","","ACC1102;;ACC2403;;FIN1001;;MAR1001;;ENT1020;;IDS1020|IDS1556|ACC3601","","","","Accounting for business combinations and consolidations; foreign operations; segment reporting; interim reporting; and partnerships. Prerequisite(s): ACC 1102; ACC 2403; FIN 1001; MAR 1001; ENT 1020; IDS 1020 and IDS 1556. Not recommended to be taken with ACC 3601."
"90513","3601","ACC","561","Wilf","Princpls of Auditing-Capstone","3","Auslander; Rob Mark","0","30","30","0","10","10","R}1830}2100}BELFHL}B411","","","ACC1102|ACC2403;;ACC3601","","","","Auditing standards and procedures; auditor's reports; the nature of evidence in the audit; evaluation of internal controls; audit sampling; auditing computerized systems; code of professional conduct. Prerequisite(s): ACC 1102 and ACC 2403; and foundation courses. Section information text: ACC 3601 is a required capstone course for SENIORS ONLY who are planning to graduate in Jan 2026; May 2026 or Sep 2026"
"90446","3601","ACC","F","Beren","Principles of Auditing","3","Staff","0","30","30","0","5","5","M||W}1640}1755}LEX215}","","","ACC1102|ACC2403;;ACC3601","","","","Auditing standards and procedures; auditor's reports; the nature of evidence in the audit; evaluation of internal controls; audit sampling; auditing computerized systems; code of professional conduct. Prerequisite(s): ACC 1102 and ACC 2403; and foundation courses. Section information text: ACC 3601 is a required capstone course for SENIORS ONLY who are planning to graduate in January 2026; May 2026 or September 2026."
"90494","3851","ACC","241","Wilf","Financial Statement Analysis","3","Staff","0","10","10","0","3","3","M||W}1630}1745}FURST}F305","HONR","Honors Course","ACC1002;;FIN1001|IDS1131|FIN3851","","","","Designed primarily for non-Accounting majors. Methods of communicating information about financing and operating activities of corporations; and techniques for analyzing and evaluating that information. Prerequisite(s): ACC 1002; FIN 1001 and IDS 1131. Crosslisted with FIN 3851."
"90852","4741","ACC","1","Beren","Accounting Internship","1","Mayer; Steve","0","20","20","0","10","10","}N/A}N/A}OFF}SITE","","","","","","","No course description is available."
"90623","4741","ACC","2","Wilf","Accounting Internship","1","Mayer; Steve","0","30","30","0","0","0","}N/A}N/A}OFF}SITE","","","","","","","Section information text: Internship form required."
"93089","1630","ART","621","Wilf","American Architecture","3","Glassman; Paul","0","15","15","0","5","5","F}1000}1200}TBA}","HONR||INTC||WRIN","Honors Course||YC-INTC Requirement||YC-WRIN Requirement","","","","","The course explores the development of architecture in the United States from early colonial settlements to postmodern practices. Through comparing materials; spaces; and systems of buildings; students acquire an architectural vocabulary and a greater consciousness of the built environment in the United States. Section information text: First Time on Campus students only."
"92427","1831","ART","361","Wilf","Architectural Design Process","3","Glassman; Paul","0","18","18","0","5","5","T}1845}2115}GLUECK}G417","INTC","YC-INTC Requirement","","","","","This studio course introduces visual concepts of built form. Through analysis of canonical buildings; students understand plan; section; and elevation and develop a design methodology for their own work. Students learn basic drafting; graphic techniques; and model building."
"90659","2301","ART","361","Wilf","Principles of Drawing","2","Aurich; Carla","0","12","12","0","5","5","T}1845}2035}MUSS}MU107","","","","","","","Introduction to the materials; skills; and techniques of drawing. The nature and varieties of graphic techniques; drawing disciplines such as perspective; modeling; and foreshortening; exploration of the imaginative and expressive nature of drawing. Projects. For beginning and intermediate students."
"93090","2306","ART","241","Wilf","Digital Drawing","3","Gil; Ramon","0","16","16","0","5","5","M||W}1630}1745}BELFHL}B1111","","","","","","","Have you always enjoyed drawing but would like to learn how to do it on the computer? This class will get you started on using the industry standard vector drawing program; Adobe Illustrator to create imagery and graphics suitable for personal and commercial uses. The goal for the semester will be to create several digital art projects. Students will work their way up to these projects through assignments that will teach basic shapes; coloring; template tracing and artistic problem solving."
"93091","2511","ART","461","Wilf","Beginning Painting I","2","Aurich; Carla","0","12","12","0","5","5","W}1845}2035}MUSS}MU107","","","","","","","The course is an introduction to painting with oils and acrylics."
"90692","3005","ART","231","Wilf","Introduction to Graphic Design","3","Gil; Ramon","0","16","16","0","5","5","M||W}1500}1615}BELFHL}B1111","","","","","","","Students explore concepts of design through expressive typography; conceptual thinking; and visual hierarchy. The focus is on analog idea generation and use Adobe software as the main tool in executing each project in both analog and digital versions."
"93092","3012","ART","332","Wilf","Introduction to Photography","3","Grimaldi; Michael","0","10","10","0","5","5","T}1500}1730}BELFHL}B1111","","","","","","","An introduction to the fundamentals of digital photography. Basic camera operation; editing images; lighting and composition will be covered; with attention to the history of photography as an art form. Adobe Photoshop; Lightroom and other software are utilized to explore possibilities for image correction; manipulation and output."
"91597","1050","ARTS","B","Beren","Introduction to Art","3","Miller; Marlee","0","30","30","0","10","10","M||W}1025}1140}LEX215}LX717","INTR||SYHM","ST-Interpreting Lit &amp; Arts||Sy Syms-UG Humanities Req","","","","","A study of selected masterpieces of Western civilization in painting; sculpture; and architecture; from antiquity to the 20th century. For non Majors. Not open to those who took ARTS 1051 or ARTS 1052."
"91564","1051","ARTS","L","Beren","History of Art I","3","Wisse; Jacob","0","30","30","0","10","10","T||R}1150}1305}TBA}","INTR||SYHM","ST-Interpreting Lit &amp; Arts||Sy Syms-UG Humanities Req","","","","","Introduction to the history of art and architecture of the West. Topics include ancient Egypt; Mesopotamia; Greece; Rome; the early medieval world; the Romanesque; Gothic; and early Renaissance periods. For Majors and non Majors. Not open to students who have taken ARTS 1050."
"93209","1432","ARTS","J","Beren","Late 19th Century Art","3","Young; Marnin","0","30","30","0","10","10","T||R}0900}1015}TBA}","INTR||SYHM","ST-Interpreting Lit &amp; Arts||Sy Syms-UG Humanities Req","","","","","History of art and architecture from the middle to the end of the 19th century. Emphasis on Realism; Impressionism; and Post-Impressionism."
"91950","1637","ARTS","FRI","Beren","NYC Architecture and Urban Design","3","Novick; Aviva","0","15","15","0","10","10","F}0930}1200}LEX215}LX717","INTR","ST-Interpreting Lit &amp; Arts","","","","","The architecture of New York; its building types; and various styles. Site visits and study in light of the history of the city; significant social and economic events; and patrons responsible for commissions."
"93088","1973","ARTS","K","Beren","Topics in Art History: Masterpieces of Art Across the Ages","3","Wisse; Jacob","0","30","30","0","10","10","T||R}1025}1140}LEX215}LX717","INTR||SYHM","ST-Interpreting Lit &amp; Arts||Sy Syms-UG Humanities Req","","","","","May be repeated; as subject matter varies from term to term. Some courses offered abroad. Interpreting Literature and the Arts. For Majors and non Majors. Section information text: This course serves as an introduction to art and visual culture through twenty-five of its greatest and most enduring masterpieces. By focusing on extraordinary paintings; sculptures and buildings produced from classical antiquity to the twentieth century; students will experience art as a window into significant world cultures; each work providing a multifaceted lens into the intellectual; political; religious and social context in which it was conceived. Several visits to local museums will provide firsthand encounters with masterworks and the remarkable artists who created them. For non-Majors. Not open to those who took ARTS 1050 or 1051 or 1052."
"93208","1974","ARTS","N","Beren","Topics in Art History: Civic Art &amp; Culture: Modern Era","3","Wisse; Jacob","0","15","15","0","10","10","T||R}1500}1615}TBA}","HONR||INTR||SYHM","Honors Course||ST-Interpreting Lit &amp; Arts||Sy Syms-UG Humanities Req","","","","","May be repeated; as subject matter varies from term to term. Some courses offered abroad. Section information text: This course explores the character and development of civic art and visual culture across Europe and America from the Renaissance to the modern era &ndash; i.e.; from the fifteenth century to the twentieth century. By considering political; economic; religious and cultural factors; students will analyze the various ways in which art was inspired by local traditions and ideals and how civic identity was; in turn; molded and expressed through the visual arts."
"91569","2201","ARTS","A","Beren","Principles of Design","3","Creede; Mary Therese","0","10","10","0","0","0","M||W}0900}1015}LEX215}LX801","MSEL","ST-ENG Media Studies Elec","","","","","Elements and principles of two-dimensional visual expression; such as line; space; color; and shape; with emphasis on compositional movement. Studio projects; weekly sketchbook assignments and written art reviews. Foundations level course to be taken early in the Studio Art sequence. Required for Studio Art Majors"
"91555","2301","ARTS","K","Beren","Principles of Drawing","3","Tullius; Traci","0","10","10","0","0","0","T||R}1025}1140}LEX215}LX804","","","","","","","Introduction to basic drawing skills via study of the still life and clothed model. Fundamental drawing concepts including: Perspective; effective use of line; mass and value are explored through diverse graphic media. Foundations level course to be taken early in the Studio Art sequence. Required for Studio Art Majors"
"93207","2511","ARTS","B","Beren","Painting Fundamentals","3","Creede; Mary Therese","0","10","10","0","0","0","M||W}1025}1140}LEX215}LX804","","","","","","","Introduction of basic acrylic painting techniques. Fundamental concepts and skills including color mixing; use of tools and media; rendering form; spatial relationships and composition will be covered through a variety of projects; primarily from the still life. Foundations level course to be taken early in the Studio Art sequence. Required for Studio Art majors."
"93206","2703","ARTS","D1","Beren","Model Making","3","Creede; Mary Therese","0","10","10","0","10","10","M||W}1325}1440}LEX215}LX804","","","","","","","This course focuses on model making and its implementation as a three-dimensional communication tool in application to various design disciplines. Starting with scale drawing as a foundation; and with an emphasis on materials and techniques; the entire design and construction process will be explored from sketch models through finished color renditions."
"93205","2901","ARTS","L","Beren","Printmaking","3","Tullius; Traci","0","10","10","0","10","10","T||R}1150}1305}LEX215}LX803","","","","","","","Introduction to a variety of printmaking techniques: including relief; intaglio; monotype and serigraphy with an emphasis on contemporary practices and materials."
"91581","3009","ARTS","B","Beren","Introduction to Computer Design","3","Singer; Emily A.","0","10","10","0","10","10","M||W}1025}1140}LEX215}LX809","MSEL","ST-ENG Media Studies Elec","","","","","Students acquire a basic proficiency in the software programs essential to graphic design and visual communication: Adobe Photoshop; Illustrator and InDesign. This course is the prerequisite for several intermediate level design courses and should be taken early in the Studio Art sequence."
"91699","3012","ARTS","KLT","Beren","Digital Photography","3","Grimaldi; Michael","0","10","10","0","10","10","T}1030}1300}LEX215}LX809","MSEL","ST-ENG Media Studies Elec","","","","","An introduction to the fundamentals of digital photography. Basic camera operation; editing images; lighting and composition will be covered. Adobe Photoshop; Lightroom and other software are utilized to explore possibilities for image correction; manipulation and output."
"93211","3014","ARTS","C","Beren","Typography","3","Singer; Emily A.","0","10","10","0","10","10","M||W}1155}1310}LEX215}LX809","MSEL","ST-ENG Media Studies Elec","ARTS3009","","","","Introduction to the fundamentals of typography: Typographic terms and technologies; compositions and systems. Projects utilize hand-made studio processes as well as computer technology. Focus on typography as an expressive medium that can create and support content through a variety of projects. Prerequisite(s): ARTS 3009 or permission of instructor."
"91598","4974","ARTS","CLB","Beren","Pre-Senior Project","0","Tullius; Traci","0","12","12","0","10","10","W}1441}1534}LEX215}LX804","","","","","","","Students will conceptualize and prepare for the execution of their senior project; including project proposal approval by the Chair. This course is graded on a P/N basis."
"91608","4975","ARTS","TBA","Beren","Senior Project","1","Tullius; Traci","0","12","12","0","10","10","}N/A}N/A}TBA}","","","ARTS4974","","","","Mandatory exit project in which the student creates a culminating portfolio piece in her area of specialization. Required for studio art majors. Prerequisite(s): ARTS 4974."
"93093","2110","BIB","311","Wilf","Joshua/Judges","2","Carmy; Shalom","0","20","20","0","5","5","T}1305}1445}TBA}","","","","","","","Selections from the Early Prophets; with classical commentaries; emphasis on historiographic study and the use of archaeological findings. First semester: conquest of Canaan and early Judges; second semester: later Judges and the establishment of the Monarchy. For advanced students."
"93094","2110","BIB","511","Wilf","Joshua/Judges","2","Carmy; Shalom","0","20","20","0","5","5","R}1305}1445}TBA}","","","","","","","Selections from the Early Prophets; with classical commentaries; emphasis on historiographic study and the use of archaeological findings. First semester: conquest of Canaan and early Judges; second semester: later Judges and the establishment of the Monarchy. For advanced students."
"93095","2700","BIB","311","Wilf","Psalms","2","Angel; Joseph L.","0","15","15","0","5","5","T}1305}1445}TBA}","HONR","Honors Course","","","","","No course description is available."
"93096","2700","BIB","511","Wilf","Psalms","2","Angel; Joseph L.","0","25","25","0","5","5","R}1305}1445}TBA}","","","","","","","No course description is available."
"93097","2810","BIB","311","Wilf","Prophecies for Bayit Sheini: Chaggai; Zechariah; Malachi","2","Grunhaus; Naomi Cohen","0","25","25","0","5","5","T}1305}1445}TBA}","","","","","","","This course explores the period of Shivat Zion - the return to the Land of Israel after Galut Bavel; with the building of Bayit Sheini and Jewish resettlement of the land. Following this last historical period discussed in Tanakh; the Tanakh was officially closed; or 'canonized'. The course examines the prophetic works associated with this period - Chaggai; Zechariah; and Malachi - accompanied by discussion of historical aspects of the period as noted in the Book of Ezra."
"93098","2810","BIB","511","Wilf","Prophecies for Bayit Sheini: Chaggai; Zechariah; Malachi","2","Grunhaus; Naomi Cohen","0","25","25","0","5","5","R}1305}1445}TBA}","","","","","","","This course explores the period of Shivat Zion - the return to the Land of Israel after Galut Bavel; with the building of Bayit Sheini and Jewish resettlement of the land. Following this last historical period discussed in Tanakh; the Tanakh was officially closed; or 'canonized'. The course examines the prophetic works associated with this period - Chaggai; Zechariah; and Malachi - accompanied by discussion of historical aspects of the period as noted in the Book of Ezra."
"93326","6095","BIBL","ABC","Beren","Peshat and Derash in Medieval Ashkenazic Exegesis","2","Levine; Michelle J.","0","5","5","0","0","0","M||W}0900}1100}SCW}BEIT MDRSH::M||W}1116}1245}SCW}606","","","","","","","This course will study 11th 12th centuries northern French Jewish biblical commentaries; Rashi and Rashbam; with the goal of eliciting their programmatic methodological agendas in analyzing biblical texts and the interpretative criteria which they develop to guide them in their exegesis. As illustrative examples of this exegetical school of thought; the unique relationship between the commentaries of the grandfather and grandson; Rashi and Rashbam; will be the focus of analysis. Emphasis will be placed on their insights into the peshat of the biblical text; especially their literary analysis of the narrative and poetry of the Bible."
"91870","6700","BIBL","MNP","Beren","Independent Study - Bible","3","Price; Nechama Esther","0","5","5","0","0","0","M||W}0900}1100}SCW}BEIT MDRSH::M||W}1116}1245}SCW}606","","","","","","","An independent study is an individualized project/course in an area of Tanach conducted under the guidance and supervision of a faculty advisor with the approval of the Program Director."
"93327","6900","BIBL","JKL","Beren","Top: Villains of Genesis","3","Price; Nechama Esther","0","20","20","0","0","0","T||R}0900}1030}SCW}606::T||R}1045}1245}SCW}BEIT MDRSH","","","","","","","In each of these topic classes the women will learn how to analyze the text of Tanakh and its commentators. The classes will teach full books of Tanakh; or focus on the style of a commentator; focus on specific topics within Tanakh; and teach them skills required to be learners and teachers of Tanakh. This course will also analyze the stories of the four Imahot: Sarah; Rivkah; Rachal and Leah. We will learn in depth their stories and reflect on their greater role within the context of Sefer Bereishit. May be repeated for credit if topic is different."
"91954","1105","BBLE","L","Beren","Introduction to Genesis: Personal Development in the Bible Part I","2","Schechter; Shoshana","0","30","30","0","10","10","T||R}1150}1305}SCW}718","JS1||JS7","Beren JS - Elementary||Beren JS - Fundamentals","","","","","Previously offered as BIBL 1171. Section information text: By assignment only."
"91955","1120","BBLE","K","Beren","Genesis","2","Schechter; Shoshana","0","30","30","0","10","10","T||R}1025}1140}SCW}301","JS5||JS7","Beren JS - Upper-Inter-Adv||Beren JS - Fundamentals","","","","","No course description is available."
"91956","1125","BBLE","K","Beren","Genesis Part I","2","Bloom; Danielle","0","20","20","0","10","10","T||R}1025}1140}TBA}","JS3||JS7","Beren JS - Intermediate||Beren JS - Fundamentals","","","","","Previously offered as BIBL 1201-1210 or BIBL 1209H."
"91960","1205","BBLE","C","Beren","Introduction to Exodus Part I","2","Weissman; Avital Nechama","0","30","30","0","10","10","M||W}1155}1310}TBA}","JS2||JS7","Beren JS - Lower intermediate||Beren JS - Fundamentals","","","","","Previously offered as BIBL 1303. Section information text: By assignment only."
"91959","1205","BBLE","M","Beren","Introduction to Exodus Part I","2","Bloom; Danielle","0","30","30","0","3","3","T||R}1335}1450}SCW}102","JS2||JS7","Beren JS - Lower intermediate||Beren JS - Fundamentals","","","","","Previously offered as BIBL 1303. Section information text: By assignment only."
"91962","1320","BBLE","C","Beren","Leviticus","2","Weiss; Moriah","0","30","30","0","10","10","M||W}1155}1310}SCW}KOCH","JS3||JS7","Beren JS - Intermediate||Beren JS - Fundamentals","","","","","Previously offered as BIBL 1405; 1406; 1407; 1408; 1409 and 1410."
"92464","1405","BBLE","A","Beren","Numbers: Biblical Skills Part I","2","Weissman; Avital Nechama","0","20","20","0","10","10","M||W}0900}1015}SCW}607","JS2||JS7","Beren JS - Lower intermediate||Beren JS - Fundamentals","BBLE1205;;BBLE1210|HEBR1001","","","","Students will develop a general understanding of the first half of the Book of Numbers while developing an in-depth knowledge of chosen topics. Selected textual issues will be analyzed using classical and modern commentators with a focus on developing the skills and vocabulary to analyze the pesukim and commentators in Hebrew. Prerequisite(s): BBLE 1205; BBLE 1210 or HEBR 1001."
"91964","1420","BBLE","L","Beren","Numbers","2","Bloom; Danielle","0","30","30","0","10","10","T||R}1150}1305}TBA}","JS6||JS7","Beren JS - Advanced||Beren JS - Fundamentals","","","","","No course description is available."
"91966","2125","BBLE","C","Beren","Judges","2","Twersky; Sara Enna","0","30","30","0","10","10","M||W}1155}1310}SCW}601","JS3||JS7","Beren JS - Intermediate||Beren JS - Fundamentals","","","","","Previously offered as BIBL 2121; 2122; 2123; 2125; 2126."
"91967","2220","BBLE","K","Beren","Samuel I","2","Rosensweig; Smadar","0","15","15","0","3","3","T||R}1025}1140}SCW}406","JS6||JS7","Beren JS - Advanced||Beren JS - Fundamentals","","","","","Previously offered as BBLE 2148; 2149; 2152-2158; 2160. Section information text: Conducted in Hebrew and cross-listed with HEBR 1240."
"93249","2335","BBLE","E","Beren","Kings II","2","Shmalo; Mahnaz Yeroushalmi","0","30","30","0","10","10","M}1510}1625}TBA}::W}1535}1650}TBA}","JS3||JS7","Beren JS - Intermediate||Beren JS - Fundamentals","","","","","No course description is available."
"91970","2520","BBLE","K","Beren","Jeremiah","2","Holtz; Shalom E.","0","30","30","0","10","10","T||R}1025}1140}SCW}306","JS6||JS7","Beren JS - Advanced||Beren JS - Fundamentals","","","","","Previously offered as BIBL 2555 or BIBL 2556."
"93250","2620","BBLE","M","Beren","Ezekiel","2","Danzig; David","0","30","30","0","10","10","T||R}1335}1450}TBA}","JS3||JS7","Beren JS - Intermediate||Beren JS - Fundamentals","","","","","Using cutting edge research about recently discovered ancient texts from communities of Judean exiles in Babylonia; modern Iraq; this course explores the intriguing Book of Ezekiel in its Babylonian historical; cultural; and religious context. Students will engage in a fun; exciting; discussion-based class and achieve deep understandings of the text of Ezekiel and this pivotal time in Jewish history; when Israelite religion began to transform into early Judaism. Formerly offered as BIBL 2605 and BIBL 2606."
"93251","2740","BBLE","B","Beren","Minor Prophets: Jonah","2","Twersky; Sara Enna","0","30","30","0","10","10","M||W}1025}1140}TBA}","JS3||JS7","Beren JS - Intermediate||Beren JS - Fundamentals","","","","","No course description is available."
"91971","2745","BBLE","AB","Beren","Minor Prophets: Haggai; Zechariah; and Malachi","2","Besser; Rachel","0","30","30","0","10","10","M||W}0900}1140}TBA}","JS5||JS7","Beren JS - Upper-Inter-Adv||Beren JS - Fundamentals","","","","","Previously offered as BIBL 2805 and 2806. Section information text: Beit Midrash"
"93252","3220","BBLE","P","Beren","Proverbs","2","Staff","0","30","30","0","10","10","T||R}1630}1745}TBA}","JS3||JS7","Beren JS - Intermediate||Beren JS - Fundamentals","","","","","Formerly offered as BIBL 3257 and BIBL 3258."
"93253","4146","BBLE","D1","Beren","Nahmanides on Genesis: Strategies of Biblical Portraiture","2","Levine; Michelle Alyssa","0","30","30","0","10","10","M||W}1325}1440}TBA}","HONR||JS6||JS7","Honors Course||Beren JS - Advanced||Beren JS - Fundamentals","","","","","This course will study the commentary of Rabbi Moses ben Nahman (Ramban) on biblical narrative; with a particular focus on the stories of the Book of Genesis. Students will be able to reconstruct broad portraitures of the diverse biblical figures by integrating Ramban's individual interpretations into an amalgamated characterization. Students will reflect critically on the exegetical method of this foremost thirteenth century Spanish commentator in his analysis of the essential components of biblical stories: plot structure; character; dialogue; and theme. Students will demonstrate an understanding of Ramban's literary approach to the study of biblical narrative in relation to modern literary tools and methodology. This course aims to investigate the influence of Ramban's multicultural background on his own interpretations of key facets of biblical stories. Students will be able to speculate about extratextual influences that often form the basis for Ramban's analyses of biblical stories; considering historical and cultural influences; eliciting theological and philosophical underpinnings; and demonstrating underlying polemical considerations. Section information text: Beit Midrash"
"93254","4150","BBLE","B","Beren","Isaac Abravanel on the Torah","2","Feder; Hindy","0","30","30","0","10","10","M||W}1025}1140}TBA}","JS6||JS7","Beren JS - Advanced||Beren JS - Fundamentals","","","","","No course description is available."
"93255","4225","BBLE","L","Beren","Tribes of Israel","2","Price; Nechama Esther","0","30","30","0","10","10","T||R}1150}1305}TBA}","JS6||JS7","Beren JS - Advanced||Beren JS - Fundamentals","","","","","Previously offered as BIBL 1190."
"91978","4230","BBLE","M","Beren","Themes in the Bible: Women in the Bible","2","Rosensweig; Smadar","0","30","30","0","10","10","T||R}1335}1450}SCW}401","JS6||JS7","Beren JS - Advanced||Beren JS - Fundamentals","","","","","Previously offered as BIBL 1159 or BIBL 1160. Section information text: Beit Midrash"
"93256","4240","BBLE","E","Beren","Clothing in the Bible","2","Levine; Michelle Alyssa","0","20","20","0","10","10","M}1510}1625}TBA}::W}1535}1650}TBA}","HONR||JS6||JS7","Honors Course||Beren JS - Advanced||Beren JS - Fundamentals","","","","","This course will examine the symbolical role of clothing at pivotal junctures in a biblical story for advancing the narrative's plot and for shaping the dynamics of relationships between the biblical figures. Examples to be studied include: the first couple's clothing; Esau's clothing; Joseph's tunic; and clothing in the Books of Esther and Ruth. Clothing within legal contexts; such as the Kohen's garments; will also be studied."
"93281","4245","BBLE","GHW","Beren","Living Torah: Text; Tradition; and Relevance I","2","Goldwicht; Meir","0","30","30","0","10","10","W}1820}2020}SCW}718","JS4||JS7","Beren JS - Inter-Upper-Inter||Beren JS - Fundamentals","","","","","This course explores Tanach and Jewish philosophy through the lens of Chazal; highlighting their relevance to modern life. Students develop analytical skills; deepen their connection to Torah; and gain the knowledge and confidence to carry forward the Jewish tradition."
"90837","1011","BIO","241","Wilf","Principles of Biology I Lecture","3","Maitra; Radhashree","0","54","54","0","5","5","M||W}1630}1745}BELFHL}B218","NAWO||SYSC","YC-NAWO Requirement||Sy Syms-UG Nat/Soc Sci Req","","BIO1013|BIO1011R","","","Introduction to the various biological concepts and mechanisms of living beings at the molecular and cellular levels. Topics include: building blocks of living units; biochemistry of molecules; enzyme kinetics; cellular energetics and metabolism. For majors. (Lecture 3 hours.) Corequisite(s): BIO 1013. Previously offered as BIO 1011R."
"90838","1013","BIO","261","Wilf","Principles of Biology I Lab","1","Stumpf; Kristin Michelle","0","16","16","0","5","5","M}1845}2115}BELFHL}B1415","","","","BIO1011","","","Introduction to scientific inquiry and basic biological techniques. Laboratory exercises demonstrate biological concepts including biochemistry of molecules; enzyme kinetics; cellular anatomy and physiology; cellular energetics and metabolism (complementary to the Principles of Biology lecture). Techniques covered include spectrophotometry; microscopy; chromatography; gel electrophoresis; and other basic skills. For majors. Laboratory fee. Previously offered as BIO 1011L or BIO 1011Y. Corequisite(s): BIO 1011."
"90840","1013","BIO","361","Wilf","Principles of Biology I Lab","1","Stumpf; Kristin Michelle","0","16","16","0","5","5","T}1845}2115}BELFHL}B1415","","","","BIO1011","","","Introduction to scientific inquiry and basic biological techniques. Laboratory exercises demonstrate biological concepts including biochemistry of molecules; enzyme kinetics; cellular anatomy and physiology; cellular energetics and metabolism (complementary to the Principles of Biology lecture). Techniques covered include spectrophotometry; microscopy; chromatography; gel electrophoresis; and other basic skills. For majors. Laboratory fee. Previously offered as BIO 1011L or BIO 1011Y. Corequisite(s): BIO 1011."
"90839","1013","BIO","561","Wilf","Principles of Biology I Lab","1","Stumpf; Kristin Michelle","0","16","16","0","5","5","R}1845}2115}BELFHL}B1415","","","","BIO1011","","","Introduction to scientific inquiry and basic biological techniques. Laboratory exercises demonstrate biological concepts including biochemistry of molecules; enzyme kinetics; cellular anatomy and physiology; cellular energetics and metabolism (complementary to the Principles of Biology lecture). Techniques covered include spectrophotometry; microscopy; chromatography; gel electrophoresis; and other basic skills. For majors. Laboratory fee. Previously offered as BIO 1011L or BIO 1011Y. Corequisite(s): BIO 1011."
"90745","1372","BIO","231","Wilf","Bioinformatics","4","Viswanathan; Rajalakshmi","0","4","4","0","5","5","M||W}1500}1615}BELFHL}B1610::M}1845}2045}BELFHL}B1610","HONR","Honors Course","CHE1046;;CHE1047;;BIO1012|BIO1014|CHE1372","","","","Bioinformatics is a field at the intersection of Biology; Chemistry and Computer Science. Students will use the tools of bioinformatics to find similarities in gene sequences; protein structures; and to infer evolutionary relationships and predict properties based on 3D structure of proteins. Prerequisite(s): CHE 1046; CHE 1047; BIO 1012 and BIO 1014. Crosslisted with CHE 1372."
"90716","1376","BIO","341","Wilf","Principles of Biochemistry","3","Catrina; Irina Elena","0","8","8","0","5","5","T||R}1630}1745}BELFHL}B1410","","","BIO1012|CHE1213;;BIO1377|CHE1377;;CHE1376","","","","Structure and function of biomolecules; kinetics and mechanism of enzymes; bioenergetics and metabolism; membrane structure and dynamics; signal transduction. Prerequisite(s): BIO 1012 and CHE 1213. The associated lab; BIO 1377 or CHE 1377; may be taken with this course or after. Crosslisted with CHE 1376."
"90746","1377","BIO","361","Wilf","Principles of Biochemistry Lab","2","Catrina; Irina Elena","0","6","6","0","5","5","T}1845}2145}BELFHL}B1417","","","","","BIO1376|CHE1376","","Illustration of the properties of biochemical substances; design and analysis of experiments. Techniques include chromatography; electrophoresis; differential centrifugation; and various types of enzyme assays; including spectrophotometric and radioactive. Prerequisite(s): BIO 1376 or CHE 1376 may be taken as prerequisite or corequisite."
"90748","3513","BIO","331","Wilf","Genetics","4","Steinhauer; Josefa M.","0","24","24","0","5","5","T||R}1500}1615}BELFHL}B1510::R}1845}2115}BELFHL}B1407","","","BIO1012|BIO1014","","","","This course spans Mendelian and non-Mendelian genetics; linkage and recombination; mitosis and meiosis; sex linkage and sex chromosomes; mutations; cancer; behavioral genetics; and pedigrees. Laboratory exercises complement lectures. Laboratory fee. Prerequisite(s): BIO 1012 and BIO 1014."
"90921","3728","BIO","231","Wilf","Human Physiology","4","Lemos Duarte; Mariana","0","20","20","0","5","5","M||W}1500}1615}BELFHL}B205::M}1845}2115}BELFHL}B1417","","","","","BIO1012|BIO3728C","","Physicochemical principles involved in life processes. Lectures and laboratory illustrate these principles in the physiological systems of humans. (lecture: 3 hours; lab: 3 hours) Laboratory fee. Prerequisite(s): BIO 1012 may be taken as a prerequisite or corequisite. Previously offered as BIO 3728C."
"92113","3804","BIO","261","Wilf","Psychobiology","3","Wang; Junshi","0","15","15","0","5","5","M}1845}2115}FURST}F208","NAWO","YC-NAWO Requirement","PSY1010|PSY3804","","","","Mind and body: the nervous system and endocrine glands in relation to psychological processes; physiological basis of perception; motivation; emotions; and learning. Prerequisite(s): PSY 1010. May count towards BIO major but not minor. Crosslisted with PSY 3804."
"90770","4023","BIO","261","Wilf","Microbiology","4","Maitra; Radhashree","0","24","24","0","5","5","M}1845}2025}BELFHL}B1410::W}1845}2205}BELFHL}B1417","","","","","BIO1012|BIO1014;;CHE1045|BIO4023C","","Topics include prokaryotic cell structure and function; microbial nutrition; growth and control; microbial metabolism; bacteriophages; and microbial genetics. Laboratory exercises complement lectures. Laboratory fee. May count towards Public Health Minor. Prerequisite(s): BIO 1012 and BIO 1014; and CHE 1045 may be taken as prerequisite or corequisite. Previously offered as BIO 4023C."
"93165","4901","BIO","IND","Wilf","Research in Biology","1","Staff","0","0","0","0","0","0","}N/A}N/A}TBA}","","","","","","","Research can be done with ANY professor. Meet with the Yeshiva College academic dean. Laboratory fee on an individual basis. May be taken three times for credit towards degree."
"93099","4930","BIO","242","Wilf","Topics in Biology: Stem Cell Biology","2","Lemos Duarte; Mariana","0","24","24","0","5","5","M}1630}1810}TBA}","","","BIO1012|BIO1014","","","change based on topic. See Section Information Text in Self Service for details. Section information text:","Seminar in which students make presentations on selected subjects from current developments in the fields of microbiology; endocrinology; animal behavior; embryology; ecology; and environmental studies. Prerequisite(s): change based on topic. See Section Information Text in Self Service for details. Section information text: Prerequisites: BIO 1012 and BIO 1014."
"93100","4930","BIO","342","Wilf","Topics in Biology: Jewish Bioethics I","2","Reichman; Edward","0","20","20","0","5","5","T}1630}1810}TBA}","","","BIO1012|BIO1014","","","change based on topic. See Section Information Text in Self Service for details. Section information text:","Seminar in which students make presentations on selected subjects from current developments in the fields of microbiology; endocrinology; animal behavior; embryology; ecology; and environmental studies. Prerequisite(s): change based on topic. See Section Information Text in Self Service for details."
"91627","1006","BIOL","B","Beren","Human Genetics","3","Golin; John Euster","0","40","40","0","10","10","M||W}1025}1140}SCW}601","SCW3||SYSC","ST-Science &amp; Technology||Sy Syms-UG Nat/Soc Sci Req","","","","","An introduction to Human Genetics. Topics include inheritance patterns of single genes and multi gene traits; the genetic basis of disease and behavior; the development of DNA technology and its application to law and medicine. Replaces Human Biology; Lab no longer required. Science and Technology for non-Science majors only."
"91686","1006","BIOL","D1","Beren","Human Genetics","3","Golin; John Euster","0","40","40","0","10","10","M||W}1325}1440}SCW}102","SCW3||SYSC","ST-Science &amp; Technology||Sy Syms-UG Nat/Soc Sci Req","","","","","An introduction to Human Genetics. Topics include inheritance patterns of single genes and multi gene traits; the genetic basis of disease and behavior; the development of DNA technology and its application to law and medicine. Replaces Human Biology; Lab no longer required. Science and Technology for non-Science majors only."
"93198","1006","BIOL","F","Beren","Human Genetics","3","Martinez; Lucia","0","20","20","0","0","0","T||R}1630}1745}TBA}","","","","","","","An introduction to Human Genetics. Topics include inheritance patterns of single genes and multi gene traits; the genetic basis of disease and behavior; the development of DNA technology and its application to law and medicine. Replaces Human Biology; Lab no longer required. Science and Technology for non-Science majors only."
"91979","1011","BIOL","B","Beren","Principles of Biology I Lecture","3","Loewy; Brenda","0","40","40","0","0","0","M||W}1025}1140}SCW}KOCH","SCW3||SYSC","ST-Science &amp; Technology||Sy Syms-UG Nat/Soc Sci Req","","BIOL1013","","","Introduction to the various biological concepts and mechanisms of living beings at the molecular and cellular levels. Topics include: building blocks of living units; biochemistry of molecules; enzyme kinetics; cellular energetics and metabolism. For majors. (Lecture 3 hours.) Previously offered as BIOL 1011R. Corequisite(s): BIOL 1013."
"91981","1011","BIOL","D1","Beren","Principles of Biology I Lecture","3","Loewy; Brenda","0","40","40","0","0","0","M||W}1325}1440}SCW}KOCH","SCW3||SYSC","ST-Science &amp; Technology||Sy Syms-UG Nat/Soc Sci Req","","BIOL1013","","","Introduction to the various biological concepts and mechanisms of living beings at the molecular and cellular levels. Topics include: building blocks of living units; biochemistry of molecules; enzyme kinetics; cellular energetics and metabolism. For majors. (Lecture 3 hours.) Previously offered as BIOL 1011R. Corequisite(s): BIOL 1013."
"92062","1012","BIOL","K","Beren","Principles of Biology II Lecture","3","Katz; Amanda M.","0","36","36","0","0","0","T||R}1025}1140}SCW}","SCW3","ST-Science &amp; Technology","BIOL1011|BIOL1013","BIOL1014","","","Study of various biological concepts at the molecular; cellular; and organismal levels. Topics include: cellular reproduction; genetics; molecular biology; regulation; population biology; evolution; animal physiology; and animal development. For majors. (Lecture 3 hours.) Previously offered as BIOL 1012R. Prerequisite(s): BIOL 1011 and BIOL 1013. Corequisite(s): BIOL 1014."
"91785","1013","BIOL","CDM","Beren","Principles of Biology I Lab","1","Bassman; Bill Radley","0","18","18","0","10","10","M}1210}1440}SCW}LB444","","","","BIOL1011","","","Introduction to scientific inquiry and basic biological techniques. Laboratory exercises demonstrate biological concepts including biochemistry of molecules; enzyme kinetics; cellular anatomy and physiology; cellular energetics and metabolism (complementary to the Principles of Biology lecture). Techniques covered include spectrophotometry; microscopy; chromatography; gel electrophoresis; and other basic skills. For majors. Laboratory fee. Previously offered as BIOL 1011L or BIOL 1011Y. Corequisite(s): BIOL 1011."
"91782","1013","BIOL","EFM","Beren","Principles of Biology I Lab","1","Bassman; Bill Radley","0","18","18","0","10","10","M}1530}1800}SCW}LB444","","","","BIOL1011","","","Introduction to scientific inquiry and basic biological techniques. Laboratory exercises demonstrate biological concepts including biochemistry of molecules; enzyme kinetics; cellular anatomy and physiology; cellular energetics and metabolism (complementary to the Principles of Biology lecture). Techniques covered include spectrophotometry; microscopy; chromatography; gel electrophoresis; and other basic skills. For majors. Laboratory fee. Previously offered as BIOL 1011L or BIOL 1011Y. Corequisite(s): BIOL 1011."
"91783","1013","BIOL","EFW","Beren","Principles of Biology I Lab","1","Bassman; Bill Radley","0","18","18","0","10","10","W}1535}1805}SCW}LB444","","","","BIOL1011","","","Introduction to scientific inquiry and basic biological techniques. Laboratory exercises demonstrate biological concepts including biochemistry of molecules; enzyme kinetics; cellular anatomy and physiology; cellular energetics and metabolism (complementary to the Principles of Biology lecture). Techniques covered include spectrophotometry; microscopy; chromatography; gel electrophoresis; and other basic skills. For majors. Laboratory fee. Previously offered as BIOL 1011L or BIOL 1011Y. Corequisite(s): BIOL 1011."
"91786","1013","BIOL","LMT","Beren","Principles of Biology I Lab","1","Bassman; Bill Radley","0","18","18","0","10","10","T}1215}1445}SCW}LB444","","","","BIOL1011","","","Introduction to scientific inquiry and basic biological techniques. Laboratory exercises demonstrate biological concepts including biochemistry of molecules; enzyme kinetics; cellular anatomy and physiology; cellular energetics and metabolism (complementary to the Principles of Biology lecture). Techniques covered include spectrophotometry; microscopy; chromatography; gel electrophoresis; and other basic skills. For majors. Laboratory fee. Previously offered as BIOL 1011L or BIOL 1011Y. Corequisite(s): BIOL 1011."
"91787","1013","BIOL","MNR","Beren","Principles of Biology I Lab","1","Alayev; Anya","0","18","18","0","10","10","R}1345}1615}SCW}LB444","","","","BIOL1011","","","Introduction to scientific inquiry and basic biological techniques. Laboratory exercises demonstrate biological concepts including biochemistry of molecules; enzyme kinetics; cellular anatomy and physiology; cellular energetics and metabolism (complementary to the Principles of Biology lecture). Techniques covered include spectrophotometry; microscopy; chromatography; gel electrophoresis; and other basic skills. For majors. Laboratory fee. Previously offered as BIOL 1011L or BIOL 1011Y. Corequisite(s): BIOL 1011."
"91985","1014","BIOL","CDW","Beren","Principles of Biology II Lab","1","Bassman; Bill Radley","0","18","18","0","8","8","W}1210}1440}SCW}LB444","","","BIOL1011|BIOL1013","BIOL1012|BIOL1012Y","","","Survey and analysis of biological concepts at the organismal level. Overview of organisms; from prokaryotic cells through mammals; with focus on animal structure and function. Laboratory techniques include microscopy and dissections of model organisms. For majors. Laboratory fee. Prerequisite(s): BIOL 1011 and BIOL 1013. Corequisite(s): BIOL 1012 Previously offered as BIOL 1012Y."
"93264","1014","BIOL","NPT","Beren","Principles of Biology II Lab","1","Bassman; Bill Radley","0","18","18","0","10","10","T}1515}1745}SCW}LB444","","","BIOL1011|BIOL1013","BIOL1012|BIOL1012Y","","","Survey and analysis of biological concepts at the organismal level. Overview of organisms; from prokaryotic cells through mammals; with focus on animal structure and function. Laboratory techniques include microscopy and dissections of model organisms. For majors. Laboratory fee. Prerequisite(s): BIOL 1011 and BIOL 1013. Corequisite(s): BIOL 1012 Previously offered as BIOL 1012Y."
"91667","1060","BIOL","L","Beren","Biology and Public Health","3","Katz; Amanda M.","0","32","32","0","10","10","T||R}1150}1305}SCW}1015","SCW3||SYSC","ST-Science &amp; Technology||Sy Syms-UG Nat/Soc Sci Req","","","","","The goal of this course is to educate students on the convergence of Biology and Public Health. Students will engage with diseases whose impact on the individual impacts society and diseases where societal norms and standards influence understanding and progression. We will discuss our current methods for assessing and understanding the burden of disease on our society. Recent experiences with Covid-19 and public health will be used as a springboard to discuss many of the intersections of public health and biology and a segue into other important topics of public health including; but not limited to; vaccines; obesity; diabetes; mental health; AIDS. Understanding biology and public health necessitates the understanding of certain biological concepts as well as the understanding that while 'the science' can inform decisions; public health requires that we also understand the impacted populations; recognizing that different communities may behave differently; and public health needs to adapt to as many people within a given society. Special attention will be paid to the disparity in public health issues and responses in various local and global communities. Previously offered as SCIE 1060 or PUB 1060. Science and Technology for non-science majors. Not for Bio majors/minors. Section information text: Science and Technology for non-science majors. Not for BIO major/minor."
"91788","1376","BIOL","E","Beren","Principles of Biochemistry","3","Staff","0","25","25","0","10","10","M}1510}1625}TBA}::W}1535}1650}TBA}","","","","","CHEM1213;;CHEM1215|CHEM1376","","Structure and function of biomolecules; kinetics and mechanism of enzymes; bioenergetics and metabolism; membrane structure and dynamics; signal transduction. Prerequisite(s): CHEM 1213 or permission of the instructor; and CHEM 1215 may be taken as a prerequisite or corequisite. Same as CHEM 1376. Section information text: May count towards SCW Cell and Molecular track."
"91891","2105","BIOL","B","Beren","Basic Immunology: Implications in Health and Disease","2","Markovics; Sharon","0","18","18","0","0","0","M||W}1050}1140}SCW}406","","","BIOL1012","","","","This course focuses on basic immunologic principles; bodily defenses; sex based differences in immunity; and malfunctions of the system which trigger illness and disease. Prerequisite(s): BIOL 1012. Section information text: May count towards SCW Cell and Molecular track"
"91773","2730","BIOL","FE","Beren","Human Anatomy","4","Mollin; Jeffrey R.","0","18","18","0","0","0","M}1500}1640}SCW}LB441::W}1510}1650}SCW}LB441::M}1645}1800}SCW}518::W}1700}1815}SCW}518","SYSC","Sy Syms-UG Nat/Soc Sci Req","","","BIOL1012|BIOL1014","","A regional approach to the study of the human body; with special focus on human locomotory anatomy. Laboratory emphasizes mammalian (cat) dissection. (lecture: 3 hours; lab: 4 hours). Laboratory fee. Prerequisite(s): BIOL 1012 and BIOL 1014 may be taken as prerequisites or corequisites."
"91774","2730","BIOL","FL","Beren","Human Anatomy","4","Mollin; Jeffrey R.","0","18","18","0","10","10","T||R}1150}1330}SCW}LB441::M}1645}1800}SCW}518::W}1700}1815}SCW}518","SYSC","Sy Syms-UG Nat/Soc Sci Req","","","BIOL1012|BIOL1014","","A regional approach to the study of the human body; with special focus on human locomotory anatomy. Laboratory emphasizes mammalian (cat) dissection. (lecture: 3 hours; lab: 4 hours). Laboratory fee. Prerequisite(s): BIOL 1012 and BIOL 1014 may be taken as prerequisites or corequisites."
"91932","3207","BIOL","LMT","Beren","Cell Biology","4","Katz; Amanda M.","0","18","18","0","10","10","T||R}1150}1305}SCW}815::T}1345}1615}SCW}","SYSC","Sy Syms-UG Nat/Soc Sci Req","","","BIOL1012|BIOL1014;;CHEM1045|BIOL3207C","","Basic architecture of cellular organelles and components; dynamics of growth; nutrition; cell cycle; metabolism; and metabolic regulation; specialized cell functions. Prerequisite(s): BIOL 1012 and BIOL 1014; and CHEM 1045 may be taken as prerequisite or corequisite. Previously offered as BIOL 3207C. Section information text: May count towards SCW Cell and Molecular track."
"91583","3221","BIOL","EFM","Beren","Nutrition","3","Weinreb; Raizy","0","26","26","0","10","10","M}1530}1800}SCW}601","","","","","","","Clinical nutrition; directed to common medical disorders; relevant physiology; nutritional implications; and therapy. Nutrition in gastrointestinal disorders; diabetes; cancer; and AIDS are discussed. This course does not count toward the Biology major or minor. Previously offered as BIOL 3221B. Section information text: Does not count towards Biology major/minor"
"91576","3241","BIOL","E","Beren","Pharmacology","2","Weiss; Richard Bruce","0","30","30","0","10","10","M}1510}1600}SCW}718::W}1535}1625}SCW}718","","","BIOL1012","","","","Major aspects of pharmacology: pharmacokinetics; pharmacodynamics; mechanisms of action; physiologic effects; as well as adverse effects of drugs. Course is organized by drug class according to either organ system or therapeutic category. Prerequisite(s): BIOL 1012. Section information text: May count towards SCW Cell and Molecular track"
"91776","3513","BIOL","D1B","Beren","Genetics","4","Staff","0","18","18","0","10","10","M||W}1025}1140}SCW}LB343::M||W}1325}1440}SCW}1015","SYSC","Sy Syms-UG Nat/Soc Sci Req","BIOL1012|BIOL1014|BIOL3513C","","","","This course spans Mendelian and non-Mendelian genetics; linkage and recombination; mitosis and meiosis; sex linkage and sex chromosomes; mutations; cancer; behavioral genetics; and pedigrees. Laboratory exercises complement lectures. Laboratory fee. Prerequisite(s): BIOL 1012 and BIOL 1014. Previously offered as BIOL 3513C. Section information text: May count towards SCW Cell and Molecular track."
"93265","3521","BIOL","KL","Beren","Molecular Biology","4","Alayev; Anya","0","18","18","0","0","0","T}1025}1140}TBA}::T||R}1150}1305}TBA}","","","BIOL1012|BIOL1014|BIOL3521C","","","","This course focuses on understanding structure and function of cellular macromolecules. Specific topics studies include: DNA structure and topology; molecular bonding; genome structure and integrity; DNA replication and repair; genetic code and it's maintenance; gene transcription and translation; RNA structure; RNA and protein stability. Prerequisite(s): BIOL 1012 and BIOL 1014. Previously offered as BIOL 3521C. Section information text: May count towards SCW Cell and Molecular track."
"91778","3728","BIOL","CA","Beren","Human Physiology","4","Weiss; Richard Bruce","0","18","18","0","10","10","M||W}0900}1015}SCW}LB343::M||W}1155}1310}SCW}518","SYSC","Sy Syms-UG Nat/Soc Sci Req","","","BIOL1012|BIOL3728C","","Physicochemical principles involved in life processes. Lectures and laboratory illustrate these principles in the physiological systems of humans. (lecture: 3 hours; lab: 3 hours) Laboratory fee. Prerequisite(s): BIOL 1012 may be taken as a prerequisite or corequisite. Previously offered as BIOL 3728C. Section information text: May count towards Neuro track"
"91779","3728","BIOL","CD1","Beren","Human Physiology","4","Weiss; Richard Bruce","0","18","18","0","10","10","M||W}1155}1310}SCW}518::M||W}1325}1440}SCW}LB343","SYSC","Sy Syms-UG Nat/Soc Sci Req","","","BIOL1012|BIOL3728C","","Physicochemical principles involved in life processes. Lectures and laboratory illustrate these principles in the physiological systems of humans. (lecture: 3 hours; lab: 3 hours) Laboratory fee. Prerequisite(s): BIOL 1012 may be taken as a prerequisite or corequisite. Previously offered as BIOL 3728C. Section information text: May count towards Neuro track."
"91986","3730","BIOL","M","Beren","Modern Reproductive Medicine and Science","2","Vigodner; Margarita","0","30","30","0","10","10","T||R}1340}1430}SCW}815","","","BIOL1012|BIOL1014","","","","The course focuses on different aspects of human reproduction and reproductive health. Topics include spermatogenesis; oogenesis; menstrual cycle; fertile window and fertilization; breastfeeding; breast and ovarian disorders; infertility; assisted reproductive techniques (e. g. in vitro fertilization). Prerequisite(s): BIOL 1012 and BIOL 1014. Section information text: May count towards SCW Cell and Molecular track"
"91668","3735","BIOL","A","Beren","Biology of Women&#39;s Health","2","Markovics; Sharon","0","25","25","0","10","10","M||W}0925}1015}SCW}406","","","BIOL1012","","","","Biology of conditions affecting women's health. Topics covered include reproduction; cardiovascular disease; osteoporosis; cancer; and autoimmune diseases. Articles from medical journals and clinical trial data are discussed. May count towards Women's Studies minor. Prerequisite(s): BIOL 1012. Section information text: May count towards Women's Studies minor"
"93266","3830","BIOL","M","Beren","Neurobiology","3","Staff","0","18","18","0","0","0","T||R}1335}1450}TBA}","","","BIOL1012|BIOL1014","","","","Nerve cells and their organization into complex nervous systems; major concepts in neurobiology; including impulse conduction; synaptic transmission; sensory processing; motor function; and memory. Labs include discussion of the properties of human stem cells; neural stem cells and ways to derive; differentiate and maintain them in vitro; an overview of the approaches for deriving 3D mini human brain cultures (also called cerebral organoids) and how this technology may inform the way we study basic biology and developmental diseases. (lecture: 3 hours; lab: 3 hours) Laboratory fee. Prerequisite(s): BIOL 1012 and BIOL 1014. Section information text: May count towards SCW Neuro track."
"91780","4023","BIOL","NJ","Beren","Microbiology","4","Schuck; Alyssa Gabrielle","0","18","18","0","10","10","T||R}0900}1015}SCW}LB343::T||R}1500}1615}SCW}718","","","","","BIOL1012|BIOL1014;;CHEM1010|CHEM1045|BIOL4023C","","Topics include prokaryotic cell structure and function; microbial nutrition; growth and control; microbial metabolism; bacteriophages; and microbial genetics. Laboratory exercises complement lectures. Laboratory fee. May count towards Public Health Minor. Prerequisite(s): BIOL 1012 and BIOL 1014; and CHEM 1010 or CHEM 1045 may be taken as prerequisite or corequisite. Previously offered as BIOL 4023C. Section information text: May count towards SCW Cell and Molecular track. May count towards Public Health Minor."
"91781","4023","BIOL","NK","Beren","Microbiology","4","Schuck; Alyssa Gabrielle","0","18","18","0","10","10","T||R}1025}1140}SCW}LB343::T||R}1500}1615}SCW}718","","","","","BIOL1012|BIOL1014;;CHEM1010|CHEM1045|BIOL4023C","","Topics include prokaryotic cell structure and function; microbial nutrition; growth and control; microbial metabolism; bacteriophages; and microbial genetics. Laboratory exercises complement lectures. Laboratory fee. May count towards Public Health Minor. Prerequisite(s): BIOL 1012 and BIOL 1014; and CHEM 1010 or CHEM 1045 may be taken as prerequisite or corequisite. Previously offered as BIOL 4023C. Section information text: May count towards SCW Cell and Molecular track. May count towards Public Health Minor."
"92430","4741","BIOL","1","Beren","Internship","1","Staff","0","0","0","0","0","0","}N/A}N/A}TBA}","","","","","","","Internships provide students with opportunities to gain practical; career-related experience in a variety of supervised settings. Internships are supervised by a staff person at the internship site and overseen by a faculty advisor. May be repeated for a maximum of three credits."
"92987","4901","BIOL","1","Beren","Independent Study","1","Vigodner; Margarita","0","0","0","0","0","0","}N/A}N/A}TBA}","","","BIOL1012|BIOL1014","","","","Research in a laboratory under the guidance of a faculty member at Stern College for Women. This work does not count toward the Chemistry or Biochemistry major. With faculty approval; the research may count toward the Elective category of the General Education requirements. Prerequisite(s): BIOL 1012 and BIOL 1014."
"93014","4901","BIOL","2","Beren","Independent Study","1","De Oliveira; Anderson Garbuglio","0","0","0","0","0","0","}N/A}N/A}TBA}","","","BIOL1012|BIOL1014","","","","Research in a laboratory under the guidance of a faculty member at Stern College for Women. This work does not count toward the Chemistry or Biochemistry major. With faculty approval; the research may count toward the Elective category of the General Education requirements. Prerequisite(s): BIOL 1012 and BIOL 1014."
"93015","4901","BIOL","3","Beren","Independent Study","1","Alayev; Anya","0","0","0","0","0","0","}N/A}N/A}TBA}","","","BIOL1012|BIOL1014","","","","Research in a laboratory under the guidance of a faculty member at Stern College for Women. This work does not count toward the Chemistry or Biochemistry major. With faculty approval; the research may count toward the Elective category of the General Education requirements. Prerequisite(s): BIOL 1012 and BIOL 1014."
"93017","4901","BIOL","4","Beren","Independent Study","1","Schuck; Alyssa Gabrielle","0","0","0","0","0","0","}N/A}N/A}TBA}","","","BIOL1012|BIOL1014","","","","Research in a laboratory under the guidance of a faculty member at Stern College for Women. This work does not count toward the Chemistry or Biochemistry major. With faculty approval; the research may count toward the Elective category of the General Education requirements. Prerequisite(s): BIOL 1012 and BIOL 1014."
"93267","4930","BIOL","B","Beren","Topics in Biology: History of Medicine","1","Subar; Milayna","0","20","20","0","0","0","M||W}1025}1140}TBA}","SCW3","ST-Science &amp; Technology","BIOL1011","","","","Selected subjects from current developments in a variety of biological disciplines; such as kinesiology; public health; immunology and disease; medical genetics; environmental issues; biotechnology. 1-credit Journal Clubs are graded on a P/F basis. Prerequisite(s): BIOL 1011. Section information text: &ldquo;This non-majors course traces the evolution of medical knowledge from ancient ideas about the body and disease to modern scientific medicine; highlighting intersections between the humanities and sciences. Organized across three periods- from ancient to modern; the 19th&ndash;20th centuries; and the 21st century- the course explores how observation; experimentation; the scientific method; and the interpretation of data have driven advances in theory and practice. Emphasis is placed on understanding major developments; key turning points; and the evidence shaping contemporary medicine; with the goal of strengthening health literacy and understanding how modern medical practice has taken shape.&rdquo;"
"91645","4930","BIOL","QRT","Beren","Topics in Biology: Kinesiology","1","Staff","0","20","20","0","10","10","T}1800}1940}SCW}301","","","BIOL1011","","","","Selected subjects from current developments in a variety of biological disciplines; such as kinesiology; public health; immunology and disease; medical genetics; environmental issues; biotechnology. 1-credit Journal Clubs are graded on a P/F basis. Prerequisite(s): BIOL 1011. Section information text: Pre-req BIOL 1012; Pre or co-req; strongly recommended: BIOL 2730 (Humans Anatomy)"
"91789","4930","BIOL","TBA","Beren","Topics in Biology: Preventive Medicine","1","Staff","0","18","18","0","10","10","}N/A}N/A}TBA}","","","BIOL1011","","","","Selected subjects from current developments in a variety of biological disciplines; such as kinesiology; public health; immunology and disease; medical genetics; environmental issues; biotechnology. 1-credit Journal Clubs are graded on a P/F basis. Prerequisite(s): BIOL 1011."
"90825","1010","BUS","211","Wilf","Business Communication I","3","Staff; ","0","20","20","0","10","10","M||W}1330}1500}FURST}","","","","","","","This course seeks to develop the communication skills that are critical to success within any profession; especially in business related careers. All interactions in business require communications skills; whether written or oral. It is; therefore; especially important for students contemplating careers in business to develop communications skills that will enhance their career development and success. This course will provide students with an opportunity to explore; understand and practice those skills. This course is the first course in a two-course series required for all Syms students only. Students who have already taken First Year Writing (FYWR) should take the old Bus Comm course (FYSM 1012). Section information text: Not Open to MYP Students."
"90550","1010","BUS","232","Wilf","Business Communication I","3","Staff","0","20","20","0","10","10","M||W}1500}1615}FURST}F304","","","","","","","This course seeks to develop the communication skills that are critical to success within any profession; especially in business related careers. All interactions in business require communications skills; whether written or oral. It is; therefore; especially important for students contemplating careers in business to develop communications skills that will enhance their career development and success. This course will provide students with an opportunity to explore; understand and practice those skills. This course is the first course in a two-course series required for all Syms students only. Students who have already taken First Year Writing (FYWR) should take the old Bus Comm course (FYSM 1012)."
"90574","1010","BUS","311","Wilf","Business Communication I","3","Staff; ","0","20","20","0","10","10","T||R}1330}1445}BELFHL}B207","","","","","","","This course seeks to develop the communication skills that are critical to success within any profession; especially in business related careers. All interactions in business require communications skills; whether written or oral. It is; therefore; especially important for students contemplating careers in business to develop communications skills that will enhance their career development and success. This course will provide students with an opportunity to explore; understand and practice those skills. This course is the first course in a two-course series required for all Syms students only. Students who have already taken First Year Writing (FYWR) should take the old Bus Comm course (FYSM 1012). Section information text: Not Open to MYP Students."
"90566","1010","BUS","331","Wilf","Business Communication I","3","Salama Weingard; Sasha","0","20","20","0","10","10","T||R}1500}1615}BELFHL}B205","","","","","","","This course seeks to develop the communication skills that are critical to success within any profession; especially in business related careers. All interactions in business require communications skills; whether written or oral. It is; therefore; especially important for students contemplating careers in business to develop communications skills that will enhance their career development and success. This course will provide students with an opportunity to explore; understand and practice those skills. This course is the first course in a two-course series required for all Syms students only. Students who have already taken First Year Writing (FYWR) should take the old Bus Comm course (FYSM 1012)."
"93190","1010","BUS","332","Wilf","Business Communication I","3","Simmons; Ted Andrew","0","20","20","0","0","0","T||R}1430}1545}TBA}","","","","","","","This course seeks to develop the communication skills that are critical to success within any profession; especially in business related careers. All interactions in business require communications skills; whether written or oral. It is; therefore; especially important for students contemplating careers in business to develop communications skills that will enhance their career development and success. This course will provide students with an opportunity to explore; understand and practice those skills. This course is the first course in a two-course series required for all Syms students only. Students who have already taken First Year Writing (FYWR) should take the old Bus Comm course (FYSM 1012)."
"90561","1010","BUS","341","Wilf","Business Communication I","3","Shortell; Joe Thomas","0","20","20","0","10","10","T||R}1630}1745}BELFHL}B205","","","","","","","This course seeks to develop the communication skills that are critical to success within any profession; especially in business related careers. All interactions in business require communications skills; whether written or oral. It is; therefore; especially important for students contemplating careers in business to develop communications skills that will enhance their career development and success. This course will provide students with an opportunity to explore; understand and practice those skills. This course is the first course in a two-course series required for all Syms students only. Students who have already taken First Year Writing (FYWR) should take the old Bus Comm course (FYSM 1012)."
"90549","1010","BUS","342","Wilf","Business Communication I","3","Salama Weingard; Sasha","0","20","20","0","10","10","T||R}1630}1745}BELFHL}B207","","","","","","","This course seeks to develop the communication skills that are critical to success within any profession; especially in business related careers. All interactions in business require communications skills; whether written or oral. It is; therefore; especially important for students contemplating careers in business to develop communications skills that will enhance their career development and success. This course will provide students with an opportunity to explore; understand and practice those skills. This course is the first course in a two-course series required for all Syms students only. Students who have already taken First Year Writing (FYWR) should take the old Bus Comm course (FYSM 1012)."
"90548","1010","BUS","361","Wilf","Business Communication I","3","Shortell; Joe Thomas","0","20","20","0","10","10","T||R}1845}2000}BELFHL}","","","","","","","This course seeks to develop the communication skills that are critical to success within any profession; especially in business related careers. All interactions in business require communications skills; whether written or oral. It is; therefore; especially important for students contemplating careers in business to develop communications skills that will enhance their career development and success. This course will provide students with an opportunity to explore; understand and practice those skills. This course is the first course in a two-course series required for all Syms students only. Students who have already taken First Year Writing (FYWR) should take the old Bus Comm course (FYSM 1012)."
"90460","1010","BUS","D1","Beren","Business Communication I","3","Staff","0","20","20","0","10","10","M}1325}1440}SCW}::W}1325}1440}SCW}","","","","","","","This course seeks to develop the communication skills that are critical to success within any profession; especially in business related careers. All interactions in business require communications skills; whether written or oral. It is; therefore; especially important for students contemplating careers in business to develop communications skills that will enhance their career development and success. This course will provide students with an opportunity to explore; understand and practice those skills. This course is the first course in a two-course series required for all Syms students only. Students who have already taken First Year Writing (FYWR) should take the old Bus Comm course (FYSM 1012)."
"90461","1010","BUS","K","Beren","Business Communication I","3","Feinstein; Neil","0","20","20","0","10","10","T||R}1025}1140}SCW}","","","","","","","This course seeks to develop the communication skills that are critical to success within any profession; especially in business related careers. All interactions in business require communications skills; whether written or oral. It is; therefore; especially important for students contemplating careers in business to develop communications skills that will enhance their career development and success. This course will provide students with an opportunity to explore; understand and practice those skills. This course is the first course in a two-course series required for all Syms students only. Students who have already taken First Year Writing (FYWR) should take the old Bus Comm course (FYSM 1012)."
"92538","1010","BUS","N","Beren","Business Communication I","3","Siegel-Mevorah; Audrey Iris","0","20","20","0","10","10","T||R}1500}1615}SCW}306","","","","","","","This course seeks to develop the communication skills that are critical to success within any profession; especially in business related careers. All interactions in business require communications skills; whether written or oral. It is; therefore; especially important for students contemplating careers in business to develop communications skills that will enhance their career development and success. This course will provide students with an opportunity to explore; understand and practice those skills. This course is the first course in a two-course series required for all Syms students only. Students who have already taken First Year Writing (FYWR) should take the old Bus Comm course (FYSM 1012)."
"90468","1010","BUS","P","Beren","Business Communication I","3","Siegel-Mevorah; Audrey Iris","0","20","20","0","10","10","T||R}1630}1745}SCW}306","","","","","","","This course seeks to develop the communication skills that are critical to success within any profession; especially in business related careers. All interactions in business require communications skills; whether written or oral. It is; therefore; especially important for students contemplating careers in business to develop communications skills that will enhance their career development and success. This course will provide students with an opportunity to explore; understand and practice those skills. This course is the first course in a two-course series required for all Syms students only. Students who have already taken First Year Writing (FYWR) should take the old Bus Comm course (FYSM 1012)."
"90590","1020","BUS","231","Wilf","Business Communication II","3","Staff; ","0","20","20","0","10","10","M||W}1500}1615}FURST}","","","BUS1010","","","","This course seeks to develop the communication skills that are critical to success within any profession; especially in business related careers. All interactions in business require communications skills; whether written or oral. It is; therefore; especially important for students contemplating careers in business to develop communications skills that will enhance their career development and success. This course will provide students with an opportunity to explore; understand and practice those skills. This course is the first course in a two-course series required for all Syms students. Prerequisite(s): BUS 1010."
"93227","1020","BUS","232","Wilf","Business Communication II","3","Spear; Marc","0","20","20","0","10","10","M||W}1500}1615}TBA}","HONR","Honors Course","BUS1010","","","","This course seeks to develop the communication skills that are critical to success within any profession; especially in business related careers. All interactions in business require communications skills; whether written or oral. It is; therefore; especially important for students contemplating careers in business to develop communications skills that will enhance their career development and success. This course will provide students with an opportunity to explore; understand and practice those skills. This course is the first course in a two-course series required for all Syms students. Prerequisite(s): BUS 1010."
"90558","1020","BUS","331","Wilf","Business Communication II","3","Shortell; Joe Thomas","0","20","20","0","10","10","T||R}1500}1615}FURST}F212","","","BUS1010","","","","This course seeks to develop the communication skills that are critical to success within any profession; especially in business related careers. All interactions in business require communications skills; whether written or oral. It is; therefore; especially important for students contemplating careers in business to develop communications skills that will enhance their career development and success. This course will provide students with an opportunity to explore; understand and practice those skills. This course is the first course in a two-course series required for all Syms students. Prerequisite(s): BUS 1010."
"90559","1020","BUS","361","Wilf","Business Communication II","3","Salama Weingard; Sasha","0","20","20","0","10","10","T||R}1330}1500}BELFHL}","","","BUS1010","","","","This course seeks to develop the communication skills that are critical to success within any profession; especially in business related careers. All interactions in business require communications skills; whether written or oral. It is; therefore; especially important for students contemplating careers in business to develop communications skills that will enhance their career development and success. This course will provide students with an opportunity to explore; understand and practice those skills. This course is the first course in a two-course series required for all Syms students. Prerequisite(s): BUS 1010. Section information text: Not Open to MYP Students."
"90853","1020","BUS","B","Beren","Business Communication II","3","Spear; Marc","0","20","20","0","25","25","M}1025}1140}LEX215}LX312::W}1025}1140}LEX215}LX506","","","BUS1010","","","","This course seeks to develop the communication skills that are critical to success within any profession; especially in business related careers. All interactions in business require communications skills; whether written or oral. It is; therefore; especially important for students contemplating careers in business to develop communications skills that will enhance their career development and success. This course will provide students with an opportunity to explore; understand and practice those skills. This course is the first course in a two-course series required for all Syms students. Prerequisite(s): BUS 1010."
"93247","1020","BUS","C1","Beren","Business Communication II","3","Spear; Marc","0","20","20","0","25","25","M||W}1155}1310}LEX215}LX312","","","BUS1010","","","","This course seeks to develop the communication skills that are critical to success within any profession; especially in business related careers. All interactions in business require communications skills; whether written or oral. It is; therefore; especially important for students contemplating careers in business to develop communications skills that will enhance their career development and success. This course will provide students with an opportunity to explore; understand and practice those skills. This course is the first course in a two-course series required for all Syms students. Prerequisite(s): BUS 1010."
"92942","4741","BUS","3","Wilf","Business Internship","0","Mayer; Steve","0","45","45","0","0","0","}N/A}N/A}OFF}SITE","","","","","","","Sy Syms School of Business Juniors and Seniors may take Business Internship for 1 to 3 credits. Students must apply to the Sy Syms Advising Office within the first two weeks of the semester."
"90855","4741","BUS","4","Beren","Business Internship","0","Mayer; Steve","0","15","15","0","10","10","}N/A}N/A}OFF}SITE","","","","","","","Sy Syms School of Business Juniors and Seniors may take Business Internship for 1 to 3 credits. Students must apply to the Sy Syms Advising Office within the first two weeks of the semester."
"90572","1800","BLW","261","Wilf","Business as Human Enterprise","3","Pava; Moses L.","0","25","25","0","10","10","M}1845}2000}BELFHL}B430","HONR","Honors Course","","","","","This course will examine the varied roles of business in a democratic society. Specifically; we will study the historical purpose or purposes of business; the role of law and ethics; corporate social responsibility; business sustainability; business and technology; triple bottom line reporting; social entrepreneurship; and the future of business in the post-modern world. Syms honors only. This is a semi-online course."
"90467","1800","BLW","P","Beren","Business as Human Enterprise","3","Pava; Moses L.","0","25","25","0","5","5","T}1630}1745}LEX215}LX313","HONR","Honors Course","","","","","This course will examine the varied roles of business in a democratic society. Specifically; we will study the historical purpose or purposes of business; the role of law and ethics; corporate social responsibility; business sustainability; business and technology; triple bottom line reporting; social entrepreneurship; and the future of business in the post-modern world. Syms honors only. This is a semi-online course."
"93189","2021","BLW","211","Wilf","Ethical and Legal Environment in Business","3","Staff","0","20","20","0","0","0","M||W}1300}1415}TBA}","","","","","","","Substantive law and practical issues as they relate to business; theories of jurisprudence; business ethics and Halakhah as they interface with the law and practical business decisions; the legal process; federal and state court systems; alternative dispute resolution; constitutional law; administrative agencies; criminal law and procedure; torts; products liability; contracts. For all majors."
"90487","2021","BLW","212","Wilf","Ethical and Legal Environment in Business","3","Rayskin; Alexander","0","30","30","0","10","10","M||W}1330}1500}FURST}","SYBC","Sy Syms-UG Business Core","","","","","Substantive law and practical issues as they relate to business; theories of jurisprudence; business ethics and Halakhah as they interface with the law and practical business decisions; the legal process; federal and state court systems; alternative dispute resolution; constitutional law; administrative agencies; criminal law and procedure; torts; products liability; contracts. For all majors. Section information text: Not Open to MYP Students."
"90527","2021","BLW","242","Wilf","Ethical and Legal Environment in Business","3","Feldman; Daniel","0","30","30","0","10","10","M||W}1630}1745}GLUECK}G419","SYBC","Sy Syms-UG Business Core","","","","","Substantive law and practical issues as they relate to business; theories of jurisprudence; business ethics and Halakhah as they interface with the law and practical business decisions; the legal process; federal and state court systems; alternative dispute resolution; constitutional law; administrative agencies; criminal law and procedure; torts; products liability; contracts. For all majors."
"90569","2021","BLW","311","Wilf","Ethical and Legal Environment in Business","3","Greenberg; Robert Jay","0","30","30","0","10","10","T||R}1330}1500}FURST}","SYBC","Sy Syms-UG Business Core","","","","","Substantive law and practical issues as they relate to business; theories of jurisprudence; business ethics and Halakhah as they interface with the law and practical business decisions; the legal process; federal and state court systems; alternative dispute resolution; constitutional law; administrative agencies; criminal law and procedure; torts; products liability; contracts. For all majors. Section information text: Not Open to MYP Students."
"90506","2021","BLW","341","Wilf","Ethical and Legal Environment in Business","3","Greenberg; Robert Jay","0","30","30","0","10","10","T||R}1630}1745}BELFHL}B411","SYBC","Sy Syms-UG Business Core","","","","","Substantive law and practical issues as they relate to business; theories of jurisprudence; business ethics and Halakhah as they interface with the law and practical business decisions; the legal process; federal and state court systems; alternative dispute resolution; constitutional law; administrative agencies; criminal law and procedure; torts; products liability; contracts. For all majors."
"90438","2021","BLW","D1","Beren","Ethical and Legal Environment in Business","3","Greenberg; Robert Jay","0","30","30","0","10","10","M||W}1325}1440}LEX215}LX209","SYBC","Sy Syms-UG Business Core","","","","","Substantive law and practical issues as they relate to business; theories of jurisprudence; business ethics and Halakhah as they interface with the law and practical business decisions; the legal process; federal and state court systems; alternative dispute resolution; constitutional law; administrative agencies; criminal law and procedure; torts; products liability; contracts. For all majors."
"93274","1012","CHE","241","Wilf","Scientific Literacy","3","Yang; Jin","0","24","24","0","5","5","M||W}1630}1745}BELFHL}B823","","","","","","","Science is the principle means by which we come to understand our environment; the planet and the universe. Science also has the ability not only to affect our day-to-day lives; but also to shape our future as individuals and as societies. The responsible citizen must be able to educate himself/herself about scientific matters that have the potential to impact civilization. This course aims to (1) expose students to current issues in modern science that have potential to impact daily life and (2) to give students the skills necessary to educate themself and engage in discourse about scientific developments in the modern age. Students will explore a variety of scientific topics through various modern media including primary scientific literature; popular science columns; documentary films; podcasts; blogs and social media. Students will learn how to critically analyze information in each of these media and how to analyze issues related to the application of scientific breakthroughs to our daily life. Finally; students learn about the government agencies that adjudicate and regulate how science interacts with society in our daily lives. Previously offered as SCI 1012. Not for majors."
"90771","1045","CHE","231","Wilf","General Chemistry Lecture","3","Yang; Jin","0","50","50","0","5","5","M||W}1500}1615}BELFHL}B430::W}1750}1840}BELFHL}B430","NAWO||SYSC","YC-NAWO Requirement||Sy Syms-UG Nat/Soc Sci Req","","","","","This two course sequence explores the fundamental concepts of chemistry on both the atomic and macroscopic scales. Topics include atomic structure and stoichiometry; properties of gases; liquids; and solids; thermochemistry; quantum theory and the electronic structure of atoms; the periodic table and periodic properties; chemical bonding and molecular orbital theory; properties of solutions; thermodynamics; acid-base and solubility equilibria; chemical kinetics; electrochemistry; and nuclear chemistry."
"93101","1122","CHE","331","Wilf","Chemical Analysis","4","Jiang; Jianfeng","0","6","6","0","5","5","T||R}1500}1615}BELFHL}B1610::R}1845}2145}BELFHL}B1610","","","CHE1046|CHE1122C","","","","This one-semester course introduces science majors and pre-health students to the principles and practice of analytical chemistry. The course begins with an introduction to analytical chemistry; including the analytical process; sampling; sources of error; statistics; and data interpretation. The course also covers major types of analyses; including wet methods; spectroscopy; chromatography; and potentiometric techniques. Classroom topics; discussions and problem solving exercises are closely coordinated with laboratory analyses. Prerequisite(s): CHE 1046. Previously offered as CHE 1122C."
"90752","1213","CHE","341","Wilf","Organic Chemistry I Lecture","3","Jiang; Jianfeng","0","36","36","0","5","5","T||R}1630}1745}BELFHL}B807::T}1750}1840}BELFHL}B1607","SYSC","Sy Syms-UG Nat/Soc Sci Req","CHE1046","CHE1215|CHE1213R","","","Organic chemistry explores the rich chemistry of carbon. Topics include the structure; synthesis; properties; and reaction mechanisms of the main classes of organic compounds; including compounds of biological importance. Prerequisite(s): CHE 1046; Corequisite(s): CHE 1215. Previously offered as CHE 1213R."
"90842","1215","CHE","261","Wilf","Organic Chemistry I Lab","2","Jackowski; Anna Catherine","0","12","12","0","5","5","M}1845}2205}BELFHL}B1607","","","","CHE1213|CHE1215L","","","Emphasizes basic techniques in separation; purification; identification and preparation of organic compounds. Corequisite(s): CHE 1213. Previously offered as CHE 1215L."
"90754","1215","CHE","621","Wilf","Organic Chemistry I Lab","2","Jackowski; Anna Catherine","0","12","12","0","5","5","F}1000}1320}BELFHL}B1607","","","","CHE1213|CHE1215L","","","Emphasizes basic techniques in separation; purification; identification and preparation of organic compounds. Corequisite(s): CHE 1213. Previously offered as CHE 1215L."
"90755","1372","CHE","231","Wilf","Bioinformatics","4","Viswanathan; Rajalakshmi","0","4","4","0","5","5","M||W}1500}1615}BELFHL}B1610::M}1845}2045}BELFHL}B1610","HONR","Honors Course","CHE1046;;BIO1012;;BIO1014|BIO1372","","","","Bioinformatics is a field at the intersection of Biology; Chemistry and Computer Science. Students will use the tools of bioinformatics to find similarities in gene sequences; protein structures; and to infer evolutionary relationships and predict properties based on 3D structure of proteins. Prerequisite(s): CHE 1046; BIO 1012; and BIO 1014. Crosslisted with BIO 1372."
"90714","1376","CHE","341","Wilf","Principles of Biochemistry","3","Catrina; Irina Elena","0","8","8","0","5","5","T||R}1630}1745}BELFHL}B1410","","","BIO1012;;BIO1014|CHE1213;;BIO1377|CHE1377;;BIO1376","","","","Structure and function of biomolecules; kinetics and mechanism of enzymes; bioenergetics and metabolism; membrane structure and dynamics; signal transduction. Prerequisite(s): BIO 1012; BIO 1014 and CHE 1213. The associated lab; BIO 1377 or CHE 1377; may be taken with this course or after. Crosslisted with BIO 1376."
"90788","1377","CHE","361","Wilf","Principles of Biochemistry Lab","2","Catrina; Irina Elena","0","6","6","0","5","5","T}1845}2145}BELFHL}B1417","","","","","BIO1376|CHE1376","","Laboratory experiments are designed to illustrate methods of purification; separation; and characterization of proteins; acid-base titration of amino acids; bio membranes; enzyme kinetics; molecular modeling; computational chemistry; and bioinformatics of biologically relevant molecules. Prerequisite(s): BIO 1376 or CHE 1376 may be taken as a prerequisite (or corequisite with permission of instructor)."
"90757","1415","CHE","241","Wilf","Physical Chemistry I","3","Viswanathan; Rajalakshmi","0","12","12","0","5","5","M||W}1630}1745}BELFHL}B1610::M}1750}1840}BELFHL}B1610","SYSC","Sy Syms-UG Nat/Soc Sci Req","CHE1046|MAT1412","","","","Physical chemistry explores the underlying physical and mathematical relationships that interconnect a diverse range of chemical concepts. The first semester considers the fundamentals of chemical thermodynamics; thermochemistry; chemical equilibria; phases of matter; aqueous solutions; electrochemistry; and the kinetic molecular theory of gases. Prerequisite(s): CHE 1046 and MAT 1412."
"91798","1010","CHEM","KLT","Beren","Essentials of Chemistry","4","Lavinda; Olga","0","16","16","0","10","10","T||R}1025}1140}SCW}319::T}1145}1325}SCW}LB541","SCW3||SYSC","ST-Science &amp; Technology||Sy Syms-UG Nat/Soc Sci Req","","","","","Introduces students to the essential theories and principles of general chemistry and their application to modern society. Topics include chemical reactions; atomic and molecular structure; stoichiometry; bonding; the periodic table; acid-base theory; equilibrium; properties of gases; liquids and solids; and kinetics. The lecture course emphasizes problem-solving techniques while the laboratory portion introduces students to the methods of scientific investigation and basic laboratory techniques. One semester lecture/lab course; (lecture: 3 hours; lab: 2 hours) Laboratory fee. May count towards Science and Tech; not for BIOL or CHEM majors. Recommended for SPAU majors."
"91803","1045","CHEM","K","Beren","General Chemistry Lecture","3","Rapp; Chaya","0","28","28","0","10","10","T||R}1025}1140}SCW}518","HONR||SCW3","Honors Course||ST-Science &amp; Technology","","","","","Lecture course for students going into the biological; chemical; health; or physical sciences. Atomic structure and stoichiometry; properties of gases; liquids; and solids; thermochemistry; quantum theory; electronic structures of atoms and molecules; chemical bonding; properties of solutions; thermodynamics; chemical equilibria including acid base and solubility; kinetics; electrochemistry; nuclear chemistry. Laboratory experiments enhance understanding of principles taught in lectures. (lecture: 3 hours; recitation: 1 hour)."
"91804","1045","CHEM","LEW","Beren","General Chemistry Lecture","3","Rapp; Chaya","0","25","25","0","10","10","T||R}1150}1305}SCW}518::W}1600}1650}SCW}607","SCW3||SYSC","ST-Science &amp; Technology||Sy Syms-UG Nat/Soc Sci Req","","","","","Lecture course for students going into the biological; chemical; health; or physical sciences. Atomic structure and stoichiometry; properties of gases; liquids; and solids; thermochemistry; quantum theory; electronic structures of atoms and molecules; chemical bonding; properties of solutions; thermodynamics; chemical equilibria including acid base and solubility; kinetics; electrochemistry; nuclear chemistry. Laboratory experiments enhance understanding of principles taught in lectures. (lecture: 3 hours; recitation: 1 hour)."
"91805","1045","CHEM","LFW","Beren","General Chemistry Lecture","3","Rapp; Chaya","0","25","25","0","10","10","T||R}1150}1305}SCW}518::W}1700}1750}SCW}607","SCW3||SYSC","ST-Science &amp; Technology||Sy Syms-UG Nat/Soc Sci Req","","","","","Lecture course for students going into the biological; chemical; health; or physical sciences. Atomic structure and stoichiometry; properties of gases; liquids; and solids; thermochemistry; quantum theory; electronic structures of atoms and molecules; chemical bonding; properties of solutions; thermodynamics; chemical equilibria including acid base and solubility; kinetics; electrochemistry; nuclear chemistry. Laboratory experiments enhance understanding of principles taught in lectures. (lecture: 3 hours; recitation: 1 hour)."
"91806","1045","CHEM","LPT","Beren","General Chemistry Lecture","3","Rapp; Chaya","0","25","25","0","10","10","T||R}1150}1305}SCW}518::T}1640}1750}SCW}607","SCW3||SYSC","ST-Science &amp; Technology||Sy Syms-UG Nat/Soc Sci Req","","","","","Lecture course for students going into the biological; chemical; health; or physical sciences. Atomic structure and stoichiometry; properties of gases; liquids; and solids; thermochemistry; quantum theory; electronic structures of atoms and molecules; chemical bonding; properties of solutions; thermodynamics; chemical equilibria including acid base and solubility; kinetics; electrochemistry; nuclear chemistry. Laboratory experiments enhance understanding of principles taught in lectures. (lecture: 3 hours; recitation: 1 hour)."
"91807","1213","CHEM","KAM","Beren","Organic Chemistry I Lecture","3","Drori; Ran","0","30","30","0","10","10","M}0930}1020}SCW}KOCH::T||R}1025}1140}SCW}607","SYSC","Sy Syms-UG Nat/Soc Sci Req","CHEM1046|CHEM1047","CHEM1215","","","The structure; properties; synthesis and reactions of hydrocarbons and alkyl halides; stereochemistry; alkenes and their reactivity; reaction mechanisms; aldehydes and ketones and carbohydrates. (lecture: 3 hours; recitation: 1 hour) Prerequisite(s): CHEM 1046 and CHEM 1047. Corequisite(s): CHEM 1215."
"91808","1213","CHEM","KNT","Beren","Organic Chemistry I Lecture","3","Drori; Ran","0","35","35","0","10","10","T||R}1025}1140}SCW}KOCH::T}1515}1605}SCW}","SYSC","Sy Syms-UG Nat/Soc Sci Req","CHEM1046|CHEM1047","CHEM1215","","","The structure; properties; synthesis and reactions of hydrocarbons and alkyl halides; stereochemistry; alkenes and their reactivity; reaction mechanisms; aldehydes and ketones and carbohydrates. (lecture: 3 hours; recitation: 1 hour) Prerequisite(s): CHEM 1046 and CHEM 1047. Corequisite(s): CHEM 1215."
"91809","1215","CHEM","DFM","Beren","Organic Chemistry I Lab","2","Sharma; Anshu","0","18","18","0","10","10","M}1330}1420}SCW}607::M}1430}1730}SCW}LB543","","","","CHEM1213","","","Laboratory experiments are designed to illustrate methods of separation; purification; identification; and synthesis of organic compounds. Spectroscopic measurements and molecular modeling are included. (Lab: 4 hours) Laboratory fee. Corequisite(s): CHEM 1213."
"91810","1215","CHEM","DFW","Beren","Organic Chemistry I Lab","2","Lavinda; Olga","0","18","18","0","10","10","W}1330}1420}SCW}607::W}1430}1730}SCW}LB543","","","","CHEM1213","","","Laboratory experiments are designed to illustrate methods of separation; purification; identification; and synthesis of organic compounds. Spectroscopic measurements and molecular modeling are included. (Lab: 4 hours) Laboratory fee. Corequisite(s): CHEM 1213."
"91811","1215","CHEM","MPR","Beren","Organic Chemistry I Lab","2","Sharma; Anshu","0","18","18","0","10","10","R}1335}1425}SCW}607::R}1435}1735}SCW}LB543","","","","CHEM1213","","","Laboratory experiments are designed to illustrate methods of separation; purification; identification; and synthesis of organic compounds. Spectroscopic measurements and molecular modeling are included. (Lab: 4 hours) Laboratory fee. Corequisite(s): CHEM 1213."
"91799","1376","CHEM","E","Beren","Biochemistry","3","Staff","0","20","20","0","10","10","M}1510}1625}SCW}102::W}1535}1650}TBA}","","","CHEM1213|CHEM1215","","","","Structure and function of biomolecules; kinetics and mechanism of enzymes; bioenergetics and metabolism; membrane structure and dynamics; signal transduction. Prerequisite(s): CHEM 1213 and CHEM 1215; or permission of the instructor."
"93339","1411","CHEM","NR","Beren","Research in Biophysics","4","Drori; Ran","0","10","10","0","0","0","R}1500}1615}TBA}","HONR","Honors Course","CHEM1046|CHEM1047","","","","The course will give students tools to measure and analyze biophysical processes; such as crystallization; nucleation; diffusion; fluorescence; bio-luminescence; protein expression; thermal imaging and more. Students will use micro-thermography (thermal imaging); temperature-controlled stages; luminometry; chromatography and electrophoresis; and a combination of these techniques to measure and study the biophysical processes. Requires a minimum of 5 hours of lab work per week as assigned. Prerequisite(s): CHEM 1046 and CHEM 1047."
"91801","1415","CHEM","M","Beren","Physical Chemistry I","3","Rapp; Chaya","0","15","15","0","0","0","T||R}1335}1450}SCW}319","SYSC","Sy Syms-UG Nat/Soc Sci Req","CHEM1046;;MATH1412;;PHYS1032|PHYS1052","","","","Thermodynamics; chemical equilibrium; solutions; electrochemistry. Applications to biological and biochemical problems are used to illustrate general principles. Prerequisite(s): CHEM 1046; and MATH 1412; PHYS 1032 or PHYS 1052."
"90678","1300","COM","341","Wilf","Introduction to Computer Science","4","Diament; Judah M.","0","25","25","0","5","5","T||R}1630}1830}GLUECK}G518","EXQM","YC-EXQM Requirement","","","","","This course introduces the application of Computer Science concepts through the development of procedural and object-oriented programs. We will cover the following topics in this course: number systems; built-in data types; variables; arithmetic and logical expressions; conditionals and loops; lists; dictionaries; input and output; and object oriented programming with custom data types. A significant part of this course involves actually writing programs that implement the above topics; for homework and on exams."
"90712","2113","COM","341","Wilf","Computer Organization","4","Staff","0","35","35","0","5","5","T||R}1630}1830}GLUECK}G516","","","COM1300","","","","We will cover the following topics in this course: the C programming language; explicit dynamic memory allocation machine-level representation of programs; processor architecture; program optimization; the memory hierarchy; processes; and more. A significant part of this course involves actually writing programs in assembly language and the C programming language that implement the above topics; for homework and on exams. Prerequisite(s): COM 1300."
"90677","2512","COM","231","Wilf","Networking and Communications","3","Staff","0","25","25","0","5","5","M||W}1500}1615}GLUECK}G516","","","COM3610","","","","Fundamentals of networking and communications; network concepts; hardware; software; and programming. Data communications; wide and local area networks; communications architecture and protocols. Prerequisite(s): COM 3610."
"90672","2545","COM","231","Wilf","Algorithms","4","Leff; Avraham","0","12","12","0","5","5","F}1000}1050}GLUECK}G417::M||W}1500}1615}GLUECK}G417","","","COM1320","","","","This course introduces several broad algorithmic approaches to solving problems; many interesting and practical algorithms within several problem domains; and formal and empirical methods of assessing the computational complexity of algorithms. The following topics in this course will be covered: union-find and dynamic connectivity; bottom-up merge sort; graph implementations and their repercussions on various graph algorithms; and many more. Students will learn to compare algorithmic approaches; both empirically (by timing; or tracking primitive operations) and formally. A significant part of this course involves actually writing or understanding programs that implement the above topics; for homework and on exams. Prerequisite(s): COM 1320."
"90687","2545","COM","241","Wilf","Algorithms","4","Leff; Avraham","0","12","12","0","5","5","F}1000}1050}GLUECK}G417::M||W}1630}1745}GLUECK}G417","","","COM1320","","","","This course introduces several broad algorithmic approaches to solving problems; many interesting and practical algorithms within several problem domains; and formal and empirical methods of assessing the computational complexity of algorithms. The following topics in this course will be covered: union-find and dynamic connectivity; bottom-up merge sort; graph implementations and their repercussions on various graph algorithms; and many more. Students will learn to compare algorithmic approaches; both empirically (by timing; or tracking primitive operations) and formally. A significant part of this course involves actually writing or understanding programs that implement the above topics; for homework and on exams. Prerequisite(s): COM 1320."
"90698","3563","COM","341","Wilf","Database Implementation","3","Leff; Avraham","0","40","40","0","5","5","T||R}1630}1745}GLUECK}G417","HONR","Honors Course","COM2546;;COM3610;;COM3580","","","","Topics covered in this course include data independence; relationships; logical and physical organization; schema and subschema; hierarchical; network; and relational modes; examples of implementation of various models; first; second; and third normal forms of data relations; canonical schema; data description languages: forms; applications; examples; design strategies; query facilities: relational algebra; calculus; data structures for establishing relations; query functions; file organization; index organization; file security; data integrity and reliability. Prerequisite(s): COM 2546; COM 3610; and COM 3580."
"90709","3640","COM","351","Wilf","Programming Languages","3","Sacknovitz; Akiva","0","45","45","0","5","5","T||R}1800}1915}GLUECK}G519","","","","","COM2545","","This course introduces concepts and implementations of programming language features; as they appear in different concrete languages; as well as some theory pertaining to programming language design and/or implementation. The topics covered in this course include: describing syntax and semantics via regular expressions and context-free grammars; parsers; names; scopes and bindings; expressions and assignment statements; control structures; subprograms and their implementation; object-oriented programming. These topics are covered both conceptually and via practical coding exercises in various programming languages. Prerequisite(s): COM 2545 may be taken as a prerequisite or corequisite."
"90726","3760","COM","231","Wilf","Artificial Intelligence","3","Rosenfeld; Avi","0","50","50","0","5","5","M||W}1500}1615}GLUECK}G518","","","COM2546","","","","The course situates the study of Artificial Intelligence (AI) first in the broader context of popular culture; Philosophy of Mind; and Cognitive Psychology and then treats in-depth methods for automated reasoning; automatic problem solvers and planners; knowledge representation mechanisms; game playing; machine learning; and statistical pattern recognition. The class is a recommended for all scientists and engineers with a genuine curiosity about the fundamental obstacles to getting machines to perform tasks such as deduction; learning; and planning and navigation. Strong programming skills and a good grasp of the English language are expected; students will be asked to complete both programming assignments and writing assignments. Prerequisite(s): COM 2546."
"90693","3800","COM","331","Wilf","Distributed Systems","3","Diament; Judah M.","0","35","35","0","5","5","T||R}1500}1615}GLUECK}G518","","","COM2545|COM3610","COM3820","","","Distributed systems enable the aggregation of many networked computers to construct highly available and scalable services. This course will introduce the core challenges of; and approaches to; building distributed systems. Aspects of cloud computing will be examined in some depth. Prerequisite(s): COM 2545 and COM 3610. Corequisite(s): COM 3820."
"90695","3820","COM","341","Wilf","Parallel Algorithms and Programming","3","Sacknovitz; Akiva","0","45","45","0","5","5","T||R}1630}1745}GLUECK}","","","COM2546|COM3610","","","","This course will examine basic choices and tradeoffs made in parallel systems; with a strong focus on concurrent programming and parallel algorithm design. Prerequisite(s): COM 2546 and COM 3610."
"92940","3905","COM","231","Wilf","Individual and Group Projects","2","Natarajan; Ramesh","0","5","5","0","0","0","T}1500}1615}BELFHL}B1103","HONR","Honors Course","","","","","In this course students will apply their computer science skills to engage in theoretical or real-world collaborative research and development projects. Projects are defined in collaboration with academic; industrial; and research partners. Students will work both independently and in groups to address a problem or topic assigned at the beginning of the term. Students will learn to research and solve theoretical or real-world problems; work with multiple stakeholders; document and report progress; and present findings. Student grades will be determined by active participation in project meetings and project planning; fulfilling project requirements and keeping to project milestone schedule (e.g. research reports; weekly progress reports; system design; coding); and an end of semester project report and presentation."
"90681","4010","COM","432","Wilf","Advanced Machine Learning","3","Bouneffouf; Jay","0","15","15","0","5","5","W}1500}1745}GLUECK}G517","HONR","Honors Course","","","COM3760|COM3920;;COM3800","","Advanced machine learning; sometimes called Machine Learning Engineering; is the implementation of machine learning algorithms and the productionization of a system or product that uses the models. This course focuses on learning applied skills that enable you to build and deploy into production real-world ML applications.. Prerequisites(s): COM 3760 and COM 3920; and COM 3800 may be taken as a prerequisite or corequisite."
"92147","1000","COMP","PT","Beren","Spatial Reasoning and Visualization","1","Broder; Alan J.","0","30","30","0","0","0","T}1630}1745}SCW}919","","","","","","","Spatial reasoning is a fundamental skill correlated with success in many STEM fields; including Computer Science. In this course; students will move through ten different modules that strengthen spatial reasoning and visualization. Students will engage in hands-on exercises using blocks; sketching using paper and pencil; and interactive problem-solving tasks to enhance their ability to mentally manipulate and visualize three-dimensional objects. All assigned work will be accomplished during scheduled class time; once a week. Section information text: No pre-requisites. General elective for any major. Only offered as a Pass/Fail course."
"91746","1001","COMP","K","Beren","Introduction to Programming","3","Cohen; Liat","0","25","25","0","10","10","T||R}1025}1140}SCW}918","SCW2","ST-Quantitative Skills","","","","","Design; develop; test; and debug programs using the Python programming language. In addition to core concepts and syntax; cover practical applications such as web; network; and database programming; data extraction; visualization; and analysis; and integration with software products. This course is for non-CS majors; and cannot be used as a prerequisite for any other CS course."
"91694","1300","COMP","CD","Beren","Introduction to Computer Science","4","Broder; Alan J.","0","30","30","0","10","10","M||W}1200}1315}TBA}::M||W}1325}1415}TBA}","SCW2","ST-Quantitative Skills","MATH1160;;MATH1160","","","","This course introduces the application of Computer Science concepts through the development of procedural and object-oriented programs. We will cover the following topics in this course: number systems; built-in data types; variables; arithmetic and logical expressions; conditionals and loops; lists; dictionaries; input and output; and object oriented programming with custom data types. A significant part of this course involves actually writing programs that implement the above topics; for homework and on exams. Prerequisite(s): Three years of high school mathematics and placement by examination; or a grade of C; or higher; in MATH 1160 or 1412; Students who declare a CS major may take MATH 1160 as a corequisite."
"91835","1320","COMP","LM","Beren","Data Structures","4","Cohen; Liat","0","25","25","0","0","0","T||R}1200}1315}SCW}918::T||R}1325}1415}SCW}918","SCW2","ST-Quantitative Skills","COMP1300","","","","This course provides a survey of fundamental data structures and algorithms needed to implement efficient; scalable programs. Topics include: arrays; stacks and queues; linked lists; recursion; binary trees; hash tables; and heaps. A significant part of this course involves actually writing programs that implement the above topics; for homework and on exams; with an emphasis on writing usable data structures that are well-engineered and reliable. Prerequisite(s): COMP 1300."
"91589","1504","COMP","D1","Beren","Discrete Structures","3","Teitelman; Lawrence","0","25","25","0","10","10","M||W}1325}1440}TBA}","","","","","COMP1300","three years of high school mathematics. (lecture: 3 hours; recitation: 1 hour)","Boolean algebra and predicate calculus; proof methods; sets; functions; and relations; combinatorics; graph theory and algorithms; mathematical induction and recursion; probability and average case analysis of algorithms. Prerequisite(s): three years of high school mathematics. (lecture: 3 hours; recitation: 1 hour). Prerequisite(s): COMP 1300 may be taken as a prerequisite or corequisite."
"91933","2113","COMP","P","Beren","Computer Organization","3","Shamash; Ari","0","25","25","0","10","10","T||R}1630}1745}SCW}918","","","COMP1300|COMP2314","","","","We will cover the following topics in this course: the C programming language; explicit dynamic memory allocation machine-level representation of programs; processor architecture; program optimization; the memory hierarchy; processes; and more. A significant part of this course involves actually writing programs in assembly language and the C programming language that implement the above topics; for homework and on exams. Prerequisite(s): COMP 1300. COMP 2314 is recommended."
"91725","2314","COMP","EF","Beren","Linux Programming for Data Analysis","4","Broder; Alan J.","0","25","25","0","10","10","M||W}1510}1625}SCW}919::M||W}1635}1725}SCW}919","","","COMP1300","","","","The Linux Operating System provides the infrastructure that powers the vast majority of the Internet. This course introduces Linux; with a particular focus on writing code and algorithms on the command line; in scripts; and in programming languages; to manipulate massive amounts of data to achieve analytic objectives. The courses cover the following topics: the Linux command line (aka 'the Shell') and built-in features; permissions and processes; regular expressions on the command line and within code; the 'gawk' programming language; version control and automated application building; advanced Python features (such as generators) and its libraries; visualization packages such as matplotlib. There is special emphasis on Hadoop and Spark to build algorithms for massively scalable computations on clusters of Linux computers. Prerequisite(s): COMP 1300."
"91629","2512","COMP","F","Beren","Networking and Communications","3","Teitelman; Lawrence","0","25","25","0","10","10","M}1640}1755}SCW}1019::W}1700}1815}SCW}1019","","","COMP1300","","","","Fundamentals of networking and communications; network concepts; hardware; software; and programming. Data communications; wide and local area networks; communications architecture and protocols. Prerequisite(s): COMP 1300; and one COMP programming course."
"91599","2545","COMP","C","Beren","Algorithms","3","Waxman; Joshua","0","25","25","0","10","10","M||W}1155}1310}SCW}919","","","COMP1320","","","","This course introduces several broad algorithmic approaches to solving problems; many interesting and practical algorithms within several problem domains; and formal and empirical methods of assessing the computational complexity of algorithms. The following topics in this course will be covered: union-find and dynamic connectivity; bottom-up merge sort; graph implementations and their repercussions on various graph algorithms; and many more. Students will learn to compare algorithmic approaches; both empirically (by timing; or tracking primitive operations) and formally. A significant part of this course involves actually writing or understanding programs that implement the above topics; for homework and on exams. Prerequisite(s): COMP 1320."
"91724","3770","COMP","E","Beren","Natural Language Processing","3","Waxman; Joshua","0","20","20","0","10","10","M}1510}1625}SCW}918::W}1535}1650}TBA}","HONR","Honors Course","COMP1320|MATH1412","","","","This course explores algorithms for processing; understanding and producing human language; as well as the linguistic concepts required to make use of those algorithms. The following topics are covered in this course: phonology; morphology; syntax and semantics; basic text processing; minimum edit distance; language models; classification and how it applies to many NLP problems; Naive Bayes and more advanced classifiers; machine learning and deep learning as applied to NLP; NLP problems such as named entity recognition; relation extraction; question answering. Prerequisite(s): COMP 1320 and MATH 1412."
"93191","1010","ECO","231","Wilf","Principles of Economics","3","Staff","0","20","20","0","0","0","M||T}1600}1715}TBA}","","","","","","","The fundamentals of economic analysis with applications. Microeconomic supply and demand analysis; externalities and public goods; competition and monopoly; effects of taxation; macroeconomics topics including measurement of GDP and inflation; money; finance; and long-term growth."
"90719","1010","ECO","241","Wilf","Principles of Economics","3","Grivoyannis; Elias C.","0","35","35","0","5","5","M||W}1630}1745}FURST}","HBSI","YC-HBSI Requirement","","","","","The fundamentals of economic analysis with applications. Microeconomic supply and demand analysis; externalities and public goods; competition and monopoly; effects of taxation; macroeconomics topics including measurement of GDP and inflation; money; finance; and long-term growth."
"90670","1010","ECO","261","Wilf","Principles of Economics","3","David; Karen","0","35","35","0","5","5","M||W}1845}2000}BELFHL}B807","HBSI","YC-HBSI Requirement","","","","","The fundamentals of economic analysis with applications. Microeconomic supply and demand analysis; externalities and public goods; competition and monopoly; effects of taxation; macroeconomics topics including measurement of GDP and inflation; money; finance; and long-term growth."
"90666","1010","ECO","311","Wilf","Principles of Economics","3","Shao; Ran","0","35","35","0","5","5","T||R}1330}1445}BELFHL}B430","HBSI","YC-HBSI Requirement","","","","","The fundamentals of economic analysis with applications. Microeconomic supply and demand analysis; externalities and public goods; competition and monopoly; effects of taxation; macroeconomics topics including measurement of GDP and inflation; money; finance; and long-term growth. Section information text: Not Open to MYP Students"
"90691","1010","ECO","331","Wilf","Principles of Economics","3","Shao; Ran","0","35","35","0","5","5","T||R}1500}1615}BELFHL}B430","HBSI","YC-HBSI Requirement","","","","","The fundamentals of economic analysis with applications. Microeconomic supply and demand analysis; externalities and public goods; competition and monopoly; effects of taxation; macroeconomics topics including measurement of GDP and inflation; money; finance; and long-term growth."
"90930","1101","ECO","341","Wilf","Microeconomic Analysis","3","Shao; Ran","0","20","20","0","0","0","T||R}1630}1745}BELFHL}B430","","","ECO1010;;MAT1412|MAT1410","","","","Application of indifference curve analysis to private decision making and public policy issues; consumer choice; production and cost; economic efficiency under perfect and imperfect competition; input market; game theory; public goods; and externalities. Prerequisite(s): ECO 1010; and MAT 1412 or MAT 1410 or instructor's permission."
"90903","1177","ECO","261","Wilf","Game Theory","3","Hashimoto; Tadashi","0","20","20","0","0","0","M||W}1845}2000}BELFHL}","","","ECO1101","","","","Development of models of rational behavior in interactive situations through the theory of non-cooperative; cooperative; and evolutionary games. Game theory is used for decisions and strategy whenever people interact to strike mutually agreeable deals or to resolve conflicts in such diverse fields as international relations; economics; business; politics; psychology; philosophy; or even evolutionary biology. Prerequisite(s): ECO 1101; or instructor's permission."
"90673","1221","ECO","331","Wilf","Money; Banking; and Financial Markets","3","Kahn; James","0","20","20","0","5","5","T||R}1500}1615}BELFHL}B823","","","ECO1010|FIN2221","","","","This course covers the nature of money; organization and functioning of the commercial banking system; description of financial markets and financial institutions; hedging mechanisms; yield curves; Federal Reserve System and financial intermediaries; the history and current state of banking and financial market regulation; financial panics and crises. Prerequisite(s): ECO 1010 or 1101. Crosslisted with FIN 2221."
"92114","1421","ECO","231","Wilf","Econometrics","3","Staff","0","20","20","0","5","5","M||W}1500}1615}FURST}F317","EXQM","YC-EXQM Requirement","ECO1010|STA1021","","","","Econometrics is where theory meets data. Based on statistics and probability theory; econometrics is the branch of economics that uses economic data to test theoretical relationships; estimate their size and make predictions. As a first course in data analysis; this course will prepare the student for further study of econometrics and for other data analysis fields (e.g. machine learning). Prerequisite(s): ECO 1010 or 1101 and STA 1021."
"93102","2201","ECO","261","Wilf","Labor Economics","3","Grivoyannis; Elias C.","0","20","20","0","5","5","M||W}1845}2000}FURST}","","","ECO1010","","","","Labor's place in the American economy; factors affecting supply and demand for labor; wage determination; unionism as a response to labor problems; industrial relations; public policy toward labor. Prerequisite(s): ECO 1010."
"91652","1010","ECON","D1","Beren","Principles of Economics","3","Staff","0","30","30","0","10","10","M||W}1325}1440}SCW}101","FNDT","ST-Foundations &amp; Contemporary","","","","","The fundamentals of economic analysis with applications. Microeconomic supply and demand analysis; externalities and public goods; competition and monopoly; effects of taxation; macroeconomics topics including measurement of GDP and inflation; money; finance; and long-term growth."
"92555","1010","ECON","N","Beren","Principles of Economics","3","Hashimoto; Tadashi","0","30","30","0","10","10","T||R}1500}1615}TBA}","FNDT","ST-Foundations &amp; Contemporary","","","","","The fundamentals of economic analysis with applications. Microeconomic supply and demand analysis; externalities and public goods; competition and monopoly; effects of taxation; macroeconomics topics including measurement of GDP and inflation; money; finance; and long-term growth."
"93203","1031","ECON","P","Beren","Introduction to Economics I (Microeconomics)","3","Staff; ","0","20","20","0","0","0","T||R}1630}1745}TBA}","","","","","","","This course consists of microeconomics principles and issues. Course content examines and analyzes the determination of price under alternative market structures. Particular emphasis will be placed on understanding the economic behavior of the household; the business firms; and the government."
"93259","1177","ECON","M","Beren","Game Theory","3","Hashimoto; Tadashi","0","30","30","0","10","10","T||R}1335}1450}LEX215}LX313","FNDT","ST-Foundations &amp; Contemporary","ECON1010","","","","Development of models of rational behavior in interactive situations through the theory of non-cooperative; cooperative; and evolutionary games. Game theory is used for decisions and strategy whenever people interact to strike mutually agreeable deals or to resolve conflicts in such diverse fields as international relations; economics; business; politics; psychology; philosophy; or even evolutionary biology. Prerequisite(s): ECON 1010; or instructor's permission."
"91600","1221","ECON","L","Beren","Money; Banking; and Financial Markets","3","Kahn; James","0","15","15","0","0","0","T||R}1150}1305}SCW}319","FNDT","ST-Foundations &amp; Contemporary","ECON1010","","","","This course covers the nature of money; organization and functioning of the commercial banking system; description of financial markets and financial institutions; hedging mechanisms; yield curves; Federal Reserve System and financial intermediaries; the history and current state of banking and financial market regulation; financial panics and crises. Prerequisite(s): ECON 1010 or higher or instructor permission."
"91660","2133","EDUC","B","Beren","Linguistic Tools and Literacy Development in Early Childhood","3","Resnick; Meredith Lee","0","12","12","0","10","10","M||W}1025}1125}SCW}906","","","","","","","This course examines key aspects of language and literacy acquisition across early childhood; with a focus on the developmental foundations that support later reading and writing. Students explore the language and literacy needs of young children from infancy through second grade and explore the Science of Reading (SoR) research base and its application through structured literacy instruction. Core content areas include oral language development; print concepts; phonological and phonemic awareness; early writing; comprehension; effective questioning strategies; and the role of the read-aloud. Emphasis is placed on understanding how these components emerge and develop across diverse early learning contexts. This course includes 25 hours of supervised fieldwork; during which students will observe; participate in; and reflect on effective language and literacy practices in early childhood classrooms. Fieldwork is arranged by the Clinical Fieldwork Supervisor and occurs on weekday mornings (Monday through Friday). Students are responsible for their own transportation. This course is required for all Early Childhood Education majors and serves as the first course in a two-semester literacy sequence."
"91584","2301","EDUC","C","Beren","Lang &amp; Lit in Childhood Edu I","3","Resnick; Meredith Lee","0","25","25","0","10","10","M||W}1155}1255}SCW}906","","","","","","","Exploration of theoretical models and empirical studies related to the sequential development of language acquisition and literacy. Instructional strategies and classroom environments facilitating success in listening; speaking; reading; and writing. The role of literature in the development of literacy. Formal and informal assessments of learning. Instructional issues and methods for teaching English language learners. Exposure to methods of reading/writing remediation and enrichment for special populations. This course includes 25 hours of field work over the course of the semester any morning Monday through Friday. The student will be placed by the Clinical Fieldwork Supervisor in an appropriate classroom that meets the fieldwork requirements for the course. Required for all Childhood Education Majors. Students are responsible for their own transportation."
"91573","2303","EDUC","L","Beren","Teaching Social Studies","3","Hirsch; Miriam Ungar","0","24","24","0","10","10","T||R}1150}1305}SCW}906","","","","","","","Concepts; methods; and strategies for teaching social studies according to NYS Learning Standards at the early childhood and elementary level. Approaches to thematic and interdisciplinary curriculum planning; including inquiry methods for studying - history; economics; civics; geography; global education; and current events -with diverse student populations. Digital and media literacy and arts- based learning experiences included. Required for Early Childhood and Childhood Education Majors."
"91661","2807","EDUC","K","Beren","Literature of Pedagogy","3","Hirsch; Miriam Ungar","0","25","25","0","10","10","T||R}1025}1140}SCW}906","","","","","","","An exploration of classic and contemporary educational texts grounded in the experiences of teachers and teaching. Introduces students to core tenets of educational theory policy; practice and philosophy. Elective for Early Childhood & Childhood. Education majors. Section information text: ST- ENGL major/minor Elec"
"91595","2930","EDUC","DEW","Beren","Senior Seminar in Edu","3","Resnick; Meredith Lee","0","20","20","0","10","10","W}1325}1555}SCW}906","","","","EDUC2940","","","The senior seminar course is the companion course to the full-time childhood education student teaching practicum EDUC 2940. Students will have the opportunity to reflect; discuss; analyze and evaluate their 70 day immersive student teaching experiences within a supportive cohort model. Students will receive direction on preparing for certification exams; career guidance; and professional feedback from supervisors. Corequisite(s): EDUC 2940. Required for Childhood Education Majors."
"91567","2935","EDUC","DEW","Beren","Sr. Sem. in Early Childhood Ed","3","Resnick; Meredith Lee","0","12","12","0","10","10","W}1325}1555}SCW}906","","","","EDUC2945","","","The senior seminar course is the companion course to the full-time early childhood education student teacher practicum EDUC 2945 Students will have the opportunity to reflect discuss analyze and evaluate their 70 day immersive student teaching experiences within a supportive cohort model. Students will receive direction on preparing for certification exams; career guidance and professional feedback from cooperating teachers and supervisors. Corequisite(s): EDUC 2945. Required for Early Childhood Education Majors."
"91596","2940","EDUC","TBA","Beren","Childhood Student Teaching","6","Davis; Jere Eliza","0","15","15","0","10","10","M||T||R}0800}1600}OFF}SITE::W||F}0800}1230}OFF}SITE","","","","EDUC2930","","","Full time 70 day semester long immersive student teaching under the supervision of a teacher of record and a faculty supervisor. Student teaching is three full days and two half days (Wednesday & Friday) Students plan; implement and assess whole class instruction; integrating research-based practices for effective childhood pedagogy; curriculum design; social-emotional learning; and classroom management. Corequisite(s): EDUC 2930."
"91562","2945","EDUC","TBA","Beren","Early Childhood Student Teaching","6","Davis; Jere Eliza","0","12","12","0","10","10","M||T||R}0800}1600}OFF}SITE::W||F}0800}1230}OFF}SITE","","","","EDUC2935","","","Full time 70 day semester long immersive student teaching under the supervision of a certified teacher of record and a faculty supervisor. Student teaching is three full days and two half days (Wednesday & Friday. Students plan; implement and assess whole class instruction; integrating research-based practices for effective early childhood pedagogy; curriculum design; social-emotional learning; and classroom management. Corequisite(s): EDUC 2935 Required for Early Childhood Education Majors."
"93210","3035","EDUC","M","Beren","Education; Leadership and Supervision","3","Hirsch; Miriam Ungar","0","15","15","0","10","10","T||R}1335}1450}SCW}906","","","","","","","Introduces students to fundamental concepts and theories of educational leadership and supervision. Topics include models of leadership; characteristics of educational organizations; women and leadership; decision making; change theory; community building; and communication practices."
"91646","4932","EDUC","NPT","Beren","Topics: Mysteries of Math","3","Alter; Marion","0","20","20","0","10","10","T}1500}1730}SCW}906","","","","","","","Selected topics in Education. EDUC Elective for majors. Section information text: This course emphasizes the 'whys' of mathematics and not just the 'hows' that are usually emphasized in elementary and high school math curriculum. Students will be able to explore topics that enhance their understanding of the system of numbers; geometry; probability; ratio and proportion and logic thus creating a true appreciation of the beauty mathematical reasoning."
"90906","1001","ENG","341","Wilf","Books on Books/Films on Films","3","Geyh; Paula","0","28","28","0","5","5","T||R}1630}1745}BELFHL}B218","INTC||SYHM","YC-INTC Requirement||Sy Syms-UG Humanities Req","","","","","What do literature and film tell us about themselves and each other? How is reading a novel or short story different from 'reading' a film? What happens when a story passes from one medium to another? By addressing these questions; this course will help student to develop a deeper understanding of literature and film and the relationships between them. The course will begin by examining the key elements of literary and cinematic story telling; and how these elements come together to produce the meaning of a story. Then we will explore various approaches used in the analysis of literature and film; including both theoretical texts and close readings of particular works in both media; with the aim of enabling students to create their own compelling interpretations of literature and film."
"93104","1002","ENG","241","Wilf","Diaspora Literature","3","Stewart; Elizabeth","0","28","28","0","5","5","M||W}1630}1745}BELFHL}B515","COWC||SYHM","YC-COWC Requirement||Sy Syms-UG Humanities Req","","","","","No course description is available."
"93105","1006","ENG","341","Wilf","The Monstrous","3","Lavinsky; David","0","28","28","0","5","5","T||R}1630}1745}GLUECK}G416","CUOT||SYHM","YC-CUOT Requirement||Sy Syms-UG Humanities Req","","","","","Werewolves; dragons; giants; witches; demons; lepers; anthropophagi (a race of cannibals with eyes in their chests)-the Middle Ages were awash in tales of the monstrous. In this class; we will consider monsters and the monstrous from the perspectives afforded by history writing; travel accounts; early maps of the world; folklore; drama; and literary texts. Though sometimes dismissed as the imaginings of a more credulous era; such material not only drew on classical authors but also continued to have wide currency in early modern England; persisting through the change in religious culture known as the Reformation. Indeed; as the word monster (derived from the Latin verb monstrare; or to show) suggests; stories of the monstrous reveal much about the cultures in which they circulated. Our readings will track medieval and early modern attitudes toward religious identity; birth and reproductive practices; gender; personhood; animality; and the supernatural. Throughout the term; we will make sense of these topics by employing methods; questions; and theoretical propositions from different academic disciplines in the humanities."
"93192","1007","ENG","211","Wilf","Fiction and Artistic Imagination","3","Mandel; Michael Walter","0","20","20","0","0","0","M||W}1300}1415}TBA}","","","","","","","The primary focus of this course is to explore the fiction writer's creative process from different angles; including inspiration; conception; development; revision; and adaptation to the screen. We will be exploring together questions such as the following: What happens during the creative process? What is the relationship between an author's life and the author's fictional works? Where does literary inspiration come from? What do creators of fiction think about as they work? How do short stories and novels get written; rewritten; reimagined? In adapting fictional works; how closely do later writers and filmmakers follow the original work? How do audiences react to changes from the original? Students will read three novels and a selection of short stories as well as some background and critical materials. Also; they will see screen versions of the three novels."
"93106","1017","ENG","231","Wilf","Law and Literature","3","Stewart; Elizabeth","0","28","28","0","5","5","M||W}1500}1615}BELFHL}B515","INTC||SYHM","YC-INTC Requirement||Sy Syms-UG Humanities Req","","","","","Human beings live in the realms of physics (nature) as well as nomos (convention). Laws and the legal system constitute nomos; and language; written and oral; underlies them; language and nomos modify and normalize physics. Thus we all have intimate contact with the world of language and law from the very beginning of our lives. Writing and law have walked hand-in-hand since the very beginnings of human history. Legal opinions; like novels and films; tell stories; stories about the law and the people; places; and things governed and affected by it; the law; like literature; is dependent on narratives as the carriers of the ethics of collective living. It follows then that all who practice law must necessarily also be readers; and thus interpreters; not only of words and sentences but also of narratives. Arguably; law is the area that most immediately demonstrates the practical value of reading and interpreting the written word. And literary narratives; like legal narratives; are the trajectories plotted upon the material reality not only realistically; to describe our reality; but also normatively; to normalize it; and perhaps provocatively; in order to change it. This class explores 1) Law in literature: the ways in which great literature has often helped us think about the law; and to ask; what is Justice? What is moral and what is immoral? Literature describes the ethical component in the law; that is; how people relate to each other. 2) Law as literature: jurists must think fundamentally about whether practicing law means interpreting an original mind or intention; or whether it means garnering norms from living texts; and also whether texts/laws mean different things for different communities. When we read a literary text we must ask ourselves similar questions. 3) Topic: these days we often hear the claim; We are a country of laws; implying that there are other kinds of law that run counter to our Enlightenment notion that ?no one stands above the law. We"
"90908","1033","ENG","311","Wilf","Utopias and Dystopias","3","Geyh; Paula","0","28","28","0","5","5","T||R}1330}1445}BELFHL}B218","CUOT||SYHM","YC-CUOT Requirement||Sy Syms-UG Humanities Req","","","","","Throughout history; great thinkers and social revolutionaries have imagined and created utopias' visionary communities embodying their ideals. Others; questioning the totalitarian impulses they believed lurked behind such utopian projects; have imagined dystopias that demonstrate the ways such projects might go awry. With attention to the shaping influences of social; political; and economic forces; Utopias and Dystopias Across Time will explore utopian and dystopian thought from the 16th-century to the present through works of literature; philosophy; architecture; and film. Course texts will include Le Guin's The Ones Who Walk Away from Omelasand More's Utopia; excerpts from Marx's the 1844 Manuscripts and The Communist Manifesto; excerpts from Bellamy's Looking Backward and Morris's News from Nowhere; excerpts from Robinson's Mars Trilogy; Freud's Civilization and Its Discontents; excerpts from Piercy's Woman on the Edge of Time; and Anderson's Feed. Films will include Modern Times; Pleasantville; and Wall-E. Section information text: Not Open to MYP Students"
"90851","1036","ENG","231","Wilf","Travel Writing","3","Mandel; Michael Walter","0","0","0","0","0","0","M||W}1500}1615}BELFHL}B1410","","","","","","","Explores travel writing within its changing cultural and historical contexts; beginning with the westward migration of refugees in the Trojan War; continuing with works by Marco Polo; Shakespeare; and Swift; and concluding with contemporary narratives of refugees; migrants and asylum seekers. Students will write critical essays and presentations; as well as their own travel narratives. Section information text: Only open to Katz Associates Program students."
"93107","1090","ENG","341","Wilf","Digital Storytelling: Narrative in the New Media Age","3","Puretz; David Eli","0","12","12","0","5","5","T||R}1630}1745}FURST}F311","","","BUS1010|FYWR1020","","","","Students explore storytelling across audio; video; and online platforms while developing literary and journalistic techniques as well as research; interviewing; and production skills. In partnership with the Gottesman Library's Digital Media Studio; students compose fiction; creative nonfiction; and narrative journalism; and conduct long-form interviews; transforming these into compelling multimodal works. Students also examine ethics; distribution strategies; medium-specific choices; and contemporary approaches to narrative. The course culminates in a showcase of student projects shared with the university community. Prerequisite(s): BUS 1010 or FYWR 1020."
"93108","2049","ENG","241","Wilf","Romantic Revolutions","3","Fitzgerald; Lauren","0","20","20","0","5","5","M||W}1630}1745}BELFHL}B813","WRIN","YC-WRIN Requirement","BUS1010|FYWR1020","","","","Study works by famous British Romantic authors - Blake; Wordsworth; Coleridge; Byron; Keats; the Shelleys; and Austen - in the context of the exciting political; scientific; economic; and literary revolutions of their age. Prerequisite(s): BUS 1010 or FYWR 1020."
"93109","2360","ENG","211","Wilf","The Enlightenment","3","Shanafelt; Carrie Deanne","0","28","28","0","5","5","M||W}1330}1445}TBA}","INTC||SYHM","YC-INTC Requirement||Sy Syms-UG Humanities Req","","","","","Continental and English masterpieces by writers and thinkers of the 17th and 18th centuries. Section information text: Not Open to MYP Students."
"93110","2360","ENG","241","Wilf","The Enlightenment","3","Shanafelt; Carrie Deanne","0","15","15","0","5","5","M||W}1630}1745}TBA}","HONR||INTC||SYHM","Honors Course||YC-INTC Requirement||Sy Syms-UG Humanities Req","","","","","Continental and English masterpieces by writers and thinkers of the 17th and 18th centuries."
"93220","2841","ENG","361","Wilf","Arthurian Legends","3","Lavinsky; David","0","18","18","0","5","5","T||R}1845}2000}GLUECK}G416","WRIN","YC-WRIN Requirement","BUS1010|FYWR1020","","","","Examines the myth of King Arthur from its origins in the Middle Ages through later retellings in Victorian and modern literature; as well as contemporary film. The course explores changing representations of Arthurian characters and the ways the legend has been used to address themes such as chivalry; patriotism; romantic love; and social ideals. Prerequisite(s): BUS 1010 or FYWR 1020."
"93111","2920","ENG","621","Wilf","Topics in Lit: Great Works: Frankenstein&rsquo;s Influences","3","Fitzgerald; Lauren","0","15","15","0","5","5","F}1000}1230}BELFHL}B515","CUOT||HONR","YC-CUOT Requirement||Honors Course","","","","","Topics in Literature may vary each semester. May be repeated two times if topic is different. Section information text: This course is part of a new Fall 2026 pilot program centered on Great Works in the Western Tradition; designed for first-time-on-campus students at Stern College and Yeshiva College. The curriculum examines what makes a piece of writing or art &ldquo;great&rdquo; and why it continues to inspire readers and viewers across generations. We will focus on Mary Shelley's Frankenstein ; or; The Prometheus (1818); widely considered the most famous British novel of the 19th century; written when Shelley was only 19. As we read; we&rsquo;ll analyze processes of interpretation and consider why certain passages are regarded as &ldquo;great.&rdquo; The course also explores the influences that shaped Frankenstein ; such as Milton&rsquo;s Paradise Lost ; Enlightenment philosophy; Romantic poetry; and the story of the Golem. By semester&rsquo;s end; you&rsquo;ll gain insight into what makes a work &ldquo;great;&rdquo; appreciate its enduring themes; and understand how it reflects and responds to historical and cultural contexts."
"93112","2920","ENG","622","Wilf","Topics in Lit: Melville/Whitman","3","Sugarman; Fred","0","15","15","0","5","5","F}1000}1230}BELFHL}B203","HONR||INTC","Honors Course||YC-INTC Requirement","","","","","Topics in Literature may vary each semester. May be repeated two times if topic is different. Section information text: First Time on Campus students only."
"93113","2960","ENG","331","Wilf","Art of Film: 1896-1968","3","Geyh; Paula","0","20","20","0","5","5","T||R}1500}1615}BELFHL}B218","","","FYWR1020|BUS1010","","","","This course explores the analysis of film; film genres and their conventions; key ideas in film theory; and important artistic and technological turning points in the history of cinema. Prerequisite(s): FYWR 1020 or BUS 1010."
"90690","3005","ENG","261","Wilf","Advanced Seminar","3","Stewart; Elizabeth","0","15","15","0","5","5","M}1800}2030}BELFHL}B515","","","BUS1010|FYWR1020;;ENG2010","","","","An intensive seminar for upper level students on research and writing in the discipline. This course explores the kinds of research and writing associated with literary studies; from traditional academic projects to more creative writing possibilities. It focuses on a few main texts studied intensively from a variety of approaches. In that sense; it builds on the work of English 2010; while preparing students for the senior colloquium in their final Spring semester through discussion leading and presentations. Writing exercises throughout the semester will culminate in a final paper or a creative project. Students should plan to take this course in the fall semester of their final year. In certain cases; they may take it the previous year; but they should be well into their English studies. Prerequisite(s): BUS 1010 or FYWR 1020; and ENG 2010. For English Seniors only. Section information text: Open to Creative Writing Concentration English majors and all English minors; Writing minors; and Media Studies minors . Required for Literary Studies Concentration English majors."
"93114","4930","ENG","231","Wilf","Topics in Communication: Contemporary World Poetry","3","Trimboli; Brian Michael","0","15","15","0","5","5","M||W}1500}1615}BELFHL}","COWC||SYHM","YC-COWC Requirement||Sy Syms-UG Humanities Req","","","","","Topics in Communication may vary each semester. May be repeated two times if topic is different."
"93115","4930","ENG","331","Wilf","Topics in Communication: Plague Narratives: The Black Death","3","Lavinsky; David","0","15","15","0","5","5","T||R}1500}1615}TBA}","HONR||INTC","Honors Course||YC-INTC Requirement","","","","","Topics in Communication may vary each semester. May be repeated two times if topic is different. Section information text: This interdisciplinary core course explores how plague and other pandemics have been represented in literature; art; and public discourse from classical antiquity to the modern era; with an emphasis on the black death. Study of original source materials and primary texts will be guided by modern scholarship in a number of areas related to public health and the history of disease; including an emerging body of work in the field of medical humanities."
"91605","1010","ENGL","M","Beren","Essentials of Writing","3","Fiehn; Charlotte","0","15","15","0","10","10","T||R}1335}1450}LEX215}LX402","","","","","","","Introduction to basic writing skills. By assignment only. Section information text: Advisor Approval required."
"91571","1100","ENGL","A","Beren","Composition and Rhetoric","3","Payne; Katherine Elaine","0","18","18","0","10","10","M||W}0900}1015}LEX215}LX717","SCW1","ST-Modes of Expression","","","","","Introduction to academic argument and the thesis/claim/evidence form of essay writing; including thesis development; writing process and revision; analytical and research methods. Counts for Modes of Expression requirement."
"91556","1100","ENGL","B","Beren","Composition and Rhetoric","3","Snider; Sarah","0","18","18","0","10","10","M||W}1025}1140}LEX215}LX420","SCW1","ST-Modes of Expression","","","","","Introduction to academic argument and the thesis/claim/evidence form of essay writing; including thesis development; writing process and revision; analytical and research methods. Counts for Modes of Expression requirement."
"91570","1100","ENGL","C","Beren","Composition and Rhetoric","3","Snider; Sarah","0","18","18","0","10","10","M||W}1155}1310}LEX215}LX420","SCW1","ST-Modes of Expression","","","","","Introduction to academic argument and the thesis/claim/evidence form of essay writing; including thesis development; writing process and revision; analytical and research methods. Counts for Modes of Expression requirement."
"91610","1100","ENGL","D1","Beren","Composition and Rhetoric","3","Staff","0","18","18","0","10","10","M||W}1325}1440}LEX215}LX506","SCW1","ST-Modes of Expression","","","","","Introduction to academic argument and the thesis/claim/evidence form of essay writing; including thesis development; writing process and revision; analytical and research methods. Counts for Modes of Expression requirement."
"91630","1100","ENGL","E","Beren","Composition and Rhetoric","3","Payne; Katherine Elaine","0","18","18","0","10","10","M}1510}1625}LEX215}LX209::W}1535}1650}LEX215}LX209","SCW1","ST-Modes of Expression","","","","","Introduction to academic argument and the thesis/claim/evidence form of essay writing; including thesis development; writing process and revision; analytical and research methods. Counts for Modes of Expression requirement."
"90610","1100","ENGL","K1","Beren","Composition and Rhetoric","3","Mandel; Michael Walter","0","20","20","0","0","0","T||R}1025}1140}SCW}","SCW1","ST-Modes of Expression","","","","","Introduction to academic argument and the thesis/claim/evidence form of essay writing; including thesis development; writing process and revision; analytical and research methods. Counts for Modes of Expression requirement. Section information text: Only open to Katz Associates Program Students."
"91620","1100","ENGL","L","Beren","Composition and Rhetoric","3","Staff","0","18","18","0","10","10","T||R}1150}1305}LEX215}LX506","SCW1","ST-Modes of Expression","","","","","Introduction to academic argument and the thesis/claim/evidence form of essay writing; including thesis development; writing process and revision; analytical and research methods. Counts for Modes of Expression requirement."
"91687","1100","ENGL","M","Beren","Composition and Rhetoric","3","Staff","0","18","18","0","10","10","T||R}1335}1450}TBA}","SCW1","ST-Modes of Expression","","","","","Introduction to academic argument and the thesis/claim/evidence form of essay writing; including thesis development; writing process and revision; analytical and research methods. Counts for Modes of Expression requirement."
"91832","1200","ENGL","B","Beren","Freshman Honors Seminar","3","Payne; Katherine Elaine","0","16","16","0","10","10","M||W}1025}1140}TBA}","HONR||SCW1","Honors Course||ST-Modes of Expression","","","","","Introduction to academic argument and the thesis/claim/evidence form of essay writing; including thesis development; writing process and revision; and analytical and research methods. This course is open only to Distinguished Scholars; who substitute it for Composition and Rhetoric. Counts towards Modes of Expression requirement. Three hours of lecture plus conferences."
"91757","1200","ENGL","L","Beren","Freshman Honors Seminar","3","Nachumi; Nora","0","16","16","0","10","10","T||R}1150}1305}TBA}","HONR||SCW1","Honors Course||ST-Modes of Expression","","","","","Introduction to academic argument and the thesis/claim/evidence form of essay writing; including thesis development; writing process and revision; and analytical and research methods. This course is open only to Distinguished Scholars; who substitute it for Composition and Rhetoric. Counts towards Modes of Expression requirement. Three hours of lecture plus conferences."
"91756","1200","ENGL","N","Beren","Freshman Honors Seminar","3","Fiehn; Charlotte","0","16","16","0","10","10","T||R}1500}1615}LEX215}LX210","HONR||SCW1","Honors Course||ST-Modes of Expression","","","","","Introduction to academic argument and the thesis/claim/evidence form of essay writing; including thesis development; writing process and revision; and analytical and research methods. This course is open only to Distinguished Scholars; who substitute it for Composition and Rhetoric. Counts towards Modes of Expression requirement. Three hours of lecture plus conferences."
"93212","1501","ENGL","GHM","Beren","News Writing and Reporting","3","Gewirtz; Jason Bradley","0","15","15","0","5","5","M}1800}2030}TBA}","","","ENGL1100|ENGL1200","","","","Fundamentals of journalism; featuring news writing skills and reporting techniques. Prerequisite(s): ENGL 1100 or ENGL 1200."
"91936","1720","ENGL","D1","Beren","Topics in Media Studies: Media Revolutions","3","Freedman; Jeffrey","0","2","2","0","5","5","M||W}1325}1440}LEX215}LX314","","","ENGL1100|ENGL1200","","","","This is an introductory topics course in media studies. Topics will vary each semester. Previous topics include online journalism and advertising; writing for online media applications; and content creation. Prerequisite(s): ENGL 1100 or ENGL 1200. May be repeated if topic is different."
"93213","1800","ENGL","D1","Beren","Introduction to Creative Writing","3","Snider; Sarah","0","15","15","0","5","5","M||W}1325}1440}TBA}","","","ENGL1100","","","","A creative writing course that introduces students to multiple genres. Presupposes no prior experience with college-level creative writing. Students are encouraged to take this course prior to other creative writing classes; and they are required to take it before taking an advanced creative writing class. Open to all; though individual professors may alter the class and its requirements for students in the creative writing concentration. May count towards Creative Writing Track and Writing Minor. Prerequisite(s): ENGL 1100 or 1200."
"93214","1812","ENGL","E","Beren","Screenwriting","3","Mintz; Erik","0","15","15","0","5","5","M}1510}1625}TBA}::W}1535}1650}TBA}","","","ENGL1100|ENGL1200","","","","The course teaches the process of learning to apply one's vision to a cinematic medium within a specific story genre. Topics: dramatic subject matter; developing the scene; plot construction; creating and developing characters; dialogue; writing subtext and subplots; how to market and sell a script.Prerequisite(s): ENGL 1100 or ENGL 1200."
"91579","2000","ENGL","C","Beren","Textual Methods and Theory","3","O&#39;Malley; Seamus","0","20","20","0","10","10","M||W}1155}1310}TBA}","INTR||SYHM","ST-Interpreting Lit &amp; Arts||Sy Syms-UG Humanities Req","ENGL1100|ENGL1200","","","","Who decides what texts mean? Are some interpretations better than others? Does the author's intention matter? How does language work? In this foundational course; we will study texts of the cultures around us; as well as literature. May count towards Interpreting Literature and the Arts; Prerequisite(s): ENGL 1100 or ENGL 1200. Required for the English Major and Minor."
"93215","2004","ENGL","B","Beren","Survey of British Literature II","3","O&#39;Malley; Seamus","0","30","30","0","10","10","M||W}1025}1140}TBA}","INTR||SYHM","ST-Interpreting Lit &amp; Arts||Sy Syms-UG Humanities Req","ENGL1100|ENGL1200","","","","History of British literature and culture focusing on major works from Milton through 1870. Interpreting Literature and the Arts; IIB Intro. Prerequisite(s): ENGL 1100 or ENGL 1200."
"93216","2590","ENGL","D1","Beren","African American Literature","3","Payne; Katherine Elaine","0","30","30","0","10","10","M||W}1325}1440}TBA}","INTR||SYHM","ST-Interpreting Lit &amp; Arts||Sy Syms-UG Humanities Req","ENGL1100|ENGL1200","","","","The course offers an overview of literature written by African Americans from the mid-19th century to the present. Readings include works of autobiography; fiction; poetry; and non-fiction by: Harriet Jacobs; Booker T. Washington; W.E.B. DuBois; Zora Neale Hurston; Langston Hughes; Richard Wright; Ralph Ellison; Martin Luther King Jr; Rita Dove; and Toni Morrison. Prerequisite(s): ENGL 1100 or ENGL 1200."
"91942","2700","ENGL","NPT","Beren","Introduction to Film","3","Nachumi; Nora","0","20","20","0","10","10","T}1500}1740}SCW}1015","INTR||SYHM","ST-Interpreting Lit &amp; Arts||Sy Syms-UG Humanities Req","ENGL1100|ENGL1200","","","","Studies how meaning is produced in cinema and teaches how to analyze a diverse range of filmmaking practices. Covers key concepts and theories of cinema as an aesthetic medium and as a social practice. Prerequisite(s): ENGL 1100 or ENGL 1200."
"93217","2820","ENGL","N","Beren","Literature and the Environment","3","Peters; Ann","0","20","20","0","10","10","T||R}1500}1615}TBA}","HONR||INTR","Honors Course||ST-Interpreting Lit &amp; Arts","ENGL1100|ENGL1200","","","","Introduces central literary environmental texts and debates within the field of eco-criticism. Examines how the environment; be it natural or humanly constructed; informs our language and literature; and how literature can influence attitudes towards nature and its preservation (and/or conservation.) Prerequisite(s): ENGL 1100 or ENGL 1200."
"93218","2880","ENGL","M","Beren","Parents and Children","3","Peters; Ann","0","30","30","0","10","10","T||R}1335}1450}TBA}","INTR||SYHM","ST-Interpreting Lit &amp; Arts||Sy Syms-UG Humanities Req","ENGL1100|ENGL1200","","","","The portrayal in literature of the splendors and miseries of having children; of generational conflict; and; of people's changing attitudes; first as young children; then as parents of children and as middle-aged children of aging parents. Prerequisite(s): ENGL 1100 or ENGL 1200."
"93199","2920","ENGL","J","Beren","Topics in Literature: Women &amp; Literature","3","Mandel; Michael Walter","0","20","20","0","0","0","T||R}0900}1015}TBA}","","","ENGL1100|ENGL1200","","","","This is an introductory topics course in literature. Topics will vary each semester and will explore coherent literary themes. Previous topics have included secular and sacred poetry; American countercultures; magic in American literature; and literature related to painting and film. May be repeated if topic is different. Prerequisite(s): ENGL 1100 or ENGL 1200."
"91762","2920","ENGL","K","Beren","Topics in Literature: Jane Austen in her Time","3","Nachumi; Nora","0","20","20","0","10","10","T||R}1025}1140}TBA}","HONR||INTR","Honors Course||ST-Interpreting Lit &amp; Arts","ENGL1100|ENGL1200","","","","This is an introductory topics course in literature. Topics will vary each semester and will explore coherent literary themes. Previous topics have included secular and sacred poetry; American countercultures; magic in American literature; and literature related to painting and film. May be repeated if topic is different. Prerequisite(s): ENGL 1100 or ENGL 1200."
"91945","2920","ENGL","L","Beren","Topics in Literature: Great Books","3","Fiehn; Charlotte","0","30","30","0","10","10","T||R}1150}1305}LEX215}LX210","INTR||SYHM","ST-Interpreting Lit &amp; Arts||Sy Syms-UG Humanities Req","ENGL1100|ENGL1200","","","","This is an introductory topics course in literature. Topics will vary each semester and will explore coherent literary themes. Previous topics have included secular and sacred poetry; American countercultures; magic in American literature; and literature related to painting and film. May be repeated if topic is different. Prerequisite(s): ENGL 1100 or ENGL 1200."
"93219","3733","ENGL","E","Beren","The Development of the British Novel III","3","O&#39;Malley; Seamus","0","30","30","0","10","10","M}1510}1625}TBA}::W}1535}1650}TBA}","INTR||SYHM","ST-Interpreting Lit &amp; Arts||Sy Syms-UG Humanities Req","ENGL1100|ENGL1200;;ENGL1100|ENGL1200","","","","Treats twentieth-century experiments in fiction. Authors may include Conrad; Joyce; Lawrence; Woolf; Lessing; Byatt; Coetzee; and Rushdie. Prerequisite(s): ENGL 1100 or ENGL 1200; and at least one English literature course or an A in ENGL 1100 or ENGL 1200."
"90551","1020","ENT","211","Wilf","Principles of Strategy","3","Levine; Jeremy Louis","0","30","30","0","10","10","M||W}1330}1500}FURST}","SYBC","Sy Syms-UG Business Core","","","IDS1010","","What makes some companies successful while others fail? How can a company successfully grow? Principles of Strategy will answer these two fundamental questions; providing students with skills needed for careers in strategy consulting; venture capital; finance; the startup world; and business development. Using building blocks from economics; finance and marketing; the course is grounded in a conceptual understanding of strategy; with application to real-world companies. Prerequisite(s): IDS 1010 may be taken as a prerequisite or corequisite. Section information text: Not Open to MYP Students."
"90539","1020","ENT","231","Wilf","Principles of Strategy","3","Levine; Jeremy Louis","0","25","25","0","10","10","M||W}1500}1615}FURST}F307","HONR","Honors Course","","","IDS1010","","What makes some companies successful while others fail? How can a company successfully grow? Principles of Strategy will answer these two fundamental questions; providing students with skills needed for careers in strategy consulting; venture capital; finance; the startup world; and business development. Using building blocks from economics; finance and marketing; the course is grounded in a conceptual understanding of strategy; with application to real-world companies. Prerequisite(s): IDS 1010 may be taken as a prerequisite or corequisite."
"92537","1020","ENT","311","Wilf","Principles of Strategy","3","Sandler; Jim H.","0","30","30","0","10","10","T||R}1330}1500}BELFHL}","SYBC","Sy Syms-UG Business Core","","","IDS1010","","What makes some companies successful while others fail? How can a company successfully grow? Principles of Strategy will answer these two fundamental questions; providing students with skills needed for careers in strategy consulting; venture capital; finance; the startup world; and business development. Using building blocks from economics; finance and marketing; the course is grounded in a conceptual understanding of strategy; with application to real-world companies. Prerequisite(s): IDS 1010 may be taken as a prerequisite or corequisite. Section information text: Not Open to MYP Students."
"90543","1020","ENT","331","Wilf","Principles of Strategy","3","Sandler; Jim H.","0","30","30","0","10","10","T||R}1500}1615}FURST}F313","SYBC","Sy Syms-UG Business Core","","","IDS1010","","What makes some companies successful while others fail? How can a company successfully grow? Principles of Strategy will answer these two fundamental questions; providing students with skills needed for careers in strategy consulting; venture capital; finance; the startup world; and business development. Using building blocks from economics; finance and marketing; the course is grounded in a conceptual understanding of strategy; with application to real-world companies. Prerequisite(s): IDS 1010 may be taken as a prerequisite or corequisite."
"90626","1020","ENT","332","Wilf","Principles of Strategy","3","Inger; Debra","0","30","30","0","10","10","T||R}1500}1615}FURST}F214","SYBC","Sy Syms-UG Business Core","","","IDS1010","","What makes some companies successful while others fail? How can a company successfully grow? Principles of Strategy will answer these two fundamental questions; providing students with skills needed for careers in strategy consulting; venture capital; finance; the startup world; and business development. Using building blocks from economics; finance and marketing; the course is grounded in a conceptual understanding of strategy; with application to real-world companies. Prerequisite(s): IDS 1010 may be taken as a prerequisite or corequisite."
"90563","1020","ENT","341","Wilf","Principles of Strategy","3","Staff","0","25","25","0","10","10","T||R}1630}1745}FURST}F214","HONR","Honors Course","","","IDS1010","","What makes some companies successful while others fail? How can a company successfully grow? Principles of Strategy will answer these two fundamental questions; providing students with skills needed for careers in strategy consulting; venture capital; finance; the startup world; and business development. Using building blocks from economics; finance and marketing; the course is grounded in a conceptual understanding of strategy; with application to real-world companies. Prerequisite(s): IDS 1010 may be taken as a prerequisite or corequisite."
"90582","1020","ENT","361","Wilf","Principles of Strategy","3","Staff","0","30","30","0","10","10","T||R}1845}2000}FURST}F313","HONR||SYBC","Honors Course||Sy Syms-UG Business Core","","","IDS1010","","What makes some companies successful while others fail? How can a company successfully grow? Principles of Strategy will answer these two fundamental questions; providing students with skills needed for careers in strategy consulting; venture capital; finance; the startup world; and business development. Using building blocks from economics; finance and marketing; the course is grounded in a conceptual understanding of strategy; with application to real-world companies. Prerequisite(s): IDS 1010 may be taken as a prerequisite or corequisite."
"90453","1020","ENT","J","Beren","Principles of Strategy","3","Poczter; Sharon L.","0","25","25","0","10","10","T||R}0900}1015}LEX215}LX314","HONR","Honors Course","","","IDS1010","","What makes some companies successful while others fail? How can a company successfully grow? Principles of Strategy will answer these two fundamental questions; providing students with skills needed for careers in strategy consulting; venture capital; finance; the startup world; and business development. Using building blocks from economics; finance and marketing; the course is grounded in a conceptual understanding of strategy; with application to real-world companies. Prerequisite(s): IDS 1010 may be taken as a prerequisite or corequisite."
"90454","1020","ENT","K","Beren","Principles of Strategy","3","Poczter; Sharon L.","0","30","30","0","10","10","T||R}1025}1140}LEX215}LX314","SYBC","Sy Syms-UG Business Core","","","IDS1010","","What makes some companies successful while others fail? How can a company successfully grow? Principles of Strategy will answer these two fundamental questions; providing students with skills needed for careers in strategy consulting; venture capital; finance; the startup world; and business development. Using building blocks from economics; finance and marketing; the course is grounded in a conceptual understanding of strategy; with application to real-world companies. Prerequisite(s): IDS 1010 may be taken as a prerequisite or corequisite."
"90464","1020","ENT","L","Beren","Principles of Strategy","3","Inger; Debra","0","30","30","0","10","10","T||R}1150}1305}LEX215}","SYBC","Sy Syms-UG Business Core","","","IDS1010","","What makes some companies successful while others fail? How can a company successfully grow? Principles of Strategy will answer these two fundamental questions; providing students with skills needed for careers in strategy consulting; venture capital; finance; the startup world; and business development. Using building blocks from economics; finance and marketing; the course is grounded in a conceptual understanding of strategy; with application to real-world companies. Prerequisite(s): IDS 1010 may be taken as a prerequisite or corequisite."
"90540","2110","ENT","241","Wilf","Organizational Behavior","3","Kristal; Ariella Sara","0","30","30","0","10","10","M||W}1630}1745}FURST}F309","","","ENT1020","","","","This course is directed toward the attainment of three interdependent objectives: 1) to develop an understanding of organization effectiveness as a key element of strategy implementation in complex organizations; 2) to understand how organizational planning; design; control; and human resource decisions are interdependent and critical to building and sustaining successful organizations; and 3) to develop a sensitivity to the realities of organizations in real-world situations. These include how decisions affect individuals in organizations and their consequent commitment to implementation efforts. Prerequisite(s): ENT 1020."
"90455","2110","ENT","D1","Beren","Organizational Behavior","3","Kristal; Ariella Sara","0","30","30","0","5","5","M||W}1325}1440}SCW}518","","","ENT1020","","","","This course is directed toward the attainment of three interdependent objectives: 1) to develop an understanding of organization effectiveness as a key element of strategy implementation in complex organizations; 2) to understand how organizational planning; design; control; and human resource decisions are interdependent and critical to building and sustaining successful organizations; and 3) to develop a sensitivity to the realities of organizations in real-world situations. These include how decisions affect individuals in organizations and their consequent commitment to implementation efforts. Prerequisite(s): ENT 1020."
"90634","2621","ENT","241","Wilf","Applied Research","3","Oh; Travis","0","10","10","0","5","5","M||W}1630}1745}FURST}F312","","","MAR1001|IDS1131","","","","Marketing research methods is a critical component of any marketing strategy as it allows for the collection and analysis of data to inform decision making and improve marketing efforts. By using both qualitative and quantitative research techniques; students will learn to gather and interpret information about consumers; markets; and competitors to identify opportunities and make data-driven decisions. This course will also cover the ethical considerations involved in conducting research and the importance of using valid and reliable research methods. By the end of the course; students will have the skills and knowledge necessary to conduct effective marketing research and use the results to inform and improve their marketing strategies. Prerequisite(s): MAR 1001 and IDS 1131."
"93271","2800","ENT","J","Beren","Entrepreneurial Leadership","3","Finkel; Mark","0","0","0","0","0","0","T||R}0900}1015}TBA}","","","ENT1020|MAN1020","","","","This course will focus on what it takes to develop the next generation of entrepreneurs; managers and leaders. We will discuss and review companies that include startups; family businesses; multi-national companies and high-tech firms; and analyze the leadership skills that their managers and employees possess. We will identify what made them successful companies; and what did not; and why. Prerequisite(s): ENT 1020 or MAN 1020. (Sy Syms Honors Only)."
"90585","3015","ENT","341","Wilf","Leadership","3","Joel; Richard M.","0","30","30","0","15","15","T||R}1630}1745}FURST}F313","","","ENT1020","","","","Emphasis is on the development of interpersonal competencies to allow individuals to effectively work as managers or professionals in the rapidly changing; team-oriented; culturally diverse and technologically integrated global climate facing modern organizations. The course provides students the opportunity to understand the major leadership concepts; theories and models and the applicability of these theories; to understand the fundamental ways leadership is practiced in organizations; and to understand the unique dimensions of one's own leadership style; strengths and weaknesses; and methods to improve. Prerequisite(s): ENT 1020."
"93246","3015","ENT","M","Beren","Leadership","3","Hernandez-Lagos; Pablo Ignacio","0","30","30","0","5","5","T||R}1335}1450}TBA}","","","ENT1020","","","","Emphasis is on the development of interpersonal competencies to allow individuals to effectively work as managers or professionals in the rapidly changing; team-oriented; culturally diverse and technologically integrated global climate facing modern organizations. The course provides students the opportunity to understand the major leadership concepts; theories and models and the applicability of these theories; to understand the fundamental ways leadership is practiced in organizations; and to understand the unique dimensions of one's own leadership style; strengths and weaknesses; and methods to improve. Prerequisite(s): ENT 1020."
"90628","3502","ENT","341","Wilf","Creative and Innovative Product Development","3","Goldstein; Johanna","0","15","15","0","5","5","T||R}1630}1745}BELFHL}B211","","","MAR1001;;ENT1020|MAN1020","","","","A key element of successful business enterprise is good design. In the world of fashion; Coco Chanel revolutionized the industry with her innovative design elements. Apple has become one of the world's most admired companies because its corporate executives place a premium on beauty and functionality of product design. This course provides an understanding of the product design process and its importance in the business world. Students will learn how to develop the ability to think more creatively about marketplace challenges. This course is targeted to students who want to discover and improve upon their innovative and creative skills in the business environment. Prerequisite(s): MAR 1001; and ENT 1020 or MAN 1020."
"90578","3720","ENT","231","Wilf","Business Strategy (Capstone)","3","Allen; Robert","0","30","30","0","10","10","M||W}1500}1615}BELFHL}B209","","","","","ENT2110|ENT3780;;ENT3015","","Defines and analyzes the formulation and implementation of corporate objectives and strategies; uses cases and/or computer simulations to develop policy skills. Prerequisite(s): ENT 2110 and ENT 3780; and Foundation courses; and ENT 3015 may be taken as a prerequisite or corequisite."
"90541","3780","ENT","331","Wilf","Principles of Entrepreneurship","3","Finkel; Mark","0","30","30","0","10","10","T||R}1500}1615}BELFHL}B207","","","ENT1020","","","","New venture initiation and development; the practical approach to developing and implementing procedures and techniques for starting an enterprise. Class discussions based on readings and case studies. Prerequisite(s): ENT 1020."
"90456","3780","ENT","K","Beren","Principles of Entrepreneurship","3","Finkel; Mark","0","30","30","0","15","15","T||R}1025}1140}LEX215}LX405","","","ENT1020","","","","New venture initiation and development; the practical approach to developing and implementing procedures and techniques for starting an enterprise. Class discussions based on readings and case studies. Prerequisite(s): ENT 1020."
"90544","3784","ENT","361","Wilf","Angel and Venture Capital Investing","3","Bellows; Moshe Z.","0","5","5","0","10","10","T}1900}2130}TBA}","","","FIN1001|IDS1131;;ENT1020|MAN1020","","","","This course explores the fundamentals of angel and venture investing. From sourcing deals; opportunity evaluation; deal structure; follow on and exit; this course; taught by two industry veterans with broad pedigree and experience; shares practical; experiential; soft and hard skills of the start-up ecosystem. Crosslisted with FIN 3784. Prerequisite(s): FIN 1001 and IDS 1131; and ENT 1020 or MAN 1020."
"90457","3784","ENT","RT","Beren (Online)","Angel and Venture Capital Investing","3","Bellows; Moshe Z.","0","7","7","0","15","15","T}1900}2130}ON}LINE","","","FIN1001|IDS1131;;ENT1020|MAN1020","","","","This course explores the fundamentals of angel and venture investing. From sourcing deals; opportunity evaluation; deal structure; follow on and exit; this course; taught by two industry veterans with broad pedigree and experience; shares practical; experiential; soft and hard skills of the start-up ecosystem. Crosslisted with FIN 3784. Prerequisite(s): FIN 1001 and IDS 1131; and ENT 1020 or MAN 1020."
"93193","4930","ENT","211","Wilf","Topics: Crypto to AI","1","Rao; Liteshwar","0","20","20","0","0","0","M||W}1300}1415}TBA}","","","ENT1020|MAN1020","","","","This course is an opportunity for students to get hands on experience and exposure to emerging phenomena; processes and technologies in the startup industry. It will introduce students to an innovative business acceleration framework and integrated planning tools; applied in context of real-world startups. Students will learn how to leverage these frameworks; models and tools to develop and create competitive acceleration of the business in market; students will engage in projects with Israeli startups participating in YU Innovation Lab. This is an advanced class that requires an appropriate student engagement. Prerequisite(s): ENT 1020 or MAN 1020. See Section Information Text in Self Service for details."
"90586","4930","ENT","261","Wilf","Topics: Strategic Project Management","1","Kauffman; Bret David","0","30","30","0","10","10","M}1845}2130}BELFHL}B207","","","ENT1020|MAN1020","","","","This course is an opportunity for students to get hands on experience and exposure to emerging phenomena; processes and technologies in the startup industry. It will introduce students to an innovative business acceleration framework and integrated planning tools; applied in context of real-world startups. Students will learn how to leverage these frameworks; models and tools to develop and create competitive acceleration of the business in market; students will engage in projects with Israeli startups participating in YU Innovation Lab. This is an advanced class that requires an appropriate student engagement. Prerequisite(s): ENT 1020 or MAN 1020. See Section Information Text in Self Service for details. Section information text: Prerequisites: ENT 1020; MAR 1001; IDS 1020"
"93221","4930","ENT","461","Wilf","Topics: Scaling AI startups","1","Lewis; Adam","0","30","30","0","10","10","W}1845}2130}BELFHL}B207","","","ENT1020|MAN1020","","","","This course is an opportunity for students to get hands on experience and exposure to emerging phenomena; processes and technologies in the startup industry. It will introduce students to an innovative business acceleration framework and integrated planning tools; applied in context of real-world startups. Students will learn how to leverage these frameworks; models and tools to develop and create competitive acceleration of the business in market; students will engage in projects with Israeli startups participating in YU Innovation Lab. This is an advanced class that requires an appropriate student engagement. Prerequisite(s): ENT 1020 or MAN 1020. See Section Information Text in Self Service for details."
"90570","1001","FIN","241","Wilf","Principles of Finance","3","Levitchi; Lora Carmen","0","30","30","0","10","10","M||W}1630}1745}GLUECK}G418","SYBC","Sy Syms-UG Business Core","","","ACC1001|ACC1004;;IDS1015|IDS1020;;IDS1131","","An introductory survey of the fundamentals of financial management; financial analysis; securities markets; and personal financial planning. This course provides a general understanding of the capital markets; sources; and uses of capital; present value techniques; valuation; capital asset pricing; and capital budgeting. This course meets the Business Core requirement for the Sy Syms School of Business. Prerequisite(s): ACC 1001 or ACC 1004; and IDS 1015 or IDS 1020 may be taken as prerequisite or corequisite; and IDS 1131 may be taken as prerequisite or corequisite."
"93224","1001","FIN","242","Wilf","Principles of Finance","3","Mehl; Sidney","0","30","30","0","10","10","T||R}1630}1745}GLUECK}","SYBC","Sy Syms-UG Business Core","","","ACC1001|ACC1004;;IDS1015|IDS1020;;IDS1131","","An introductory survey of the fundamentals of financial management; financial analysis; securities markets; and personal financial planning. This course provides a general understanding of the capital markets; sources; and uses of capital; present value techniques; valuation; capital asset pricing; and capital budgeting. This course meets the Business Core requirement for the Sy Syms School of Business. Prerequisite(s): ACC 1001 or ACC 1004; and IDS 1015 or IDS 1020 may be taken as prerequisite or corequisite; and IDS 1131 may be taken as prerequisite or corequisite."
"90488","1001","FIN","261","Wilf","Principles of Finance","3","Levitchi; Lora Carmen","0","30","30","0","10","10","M||W}1845}2000}GLUECK}G518","SYBC","Sy Syms-UG Business Core","","","ACC1001|ACC1004;;IDS1015|IDS1020;;IDS1131","","An introductory survey of the fundamentals of financial management; financial analysis; securities markets; and personal financial planning. This course provides a general understanding of the capital markets; sources; and uses of capital; present value techniques; valuation; capital asset pricing; and capital budgeting. This course meets the Business Core requirement for the Sy Syms School of Business. Prerequisite(s): ACC 1001 or ACC 1004; and IDS 1015 or IDS 1020 may be taken as prerequisite or corequisite; and IDS 1131 may be taken as prerequisite or corequisite."
"90510","1001","FIN","341","Wilf","Principles of Finance","3","Mehl; Sidney","0","30","30","0","10","10","T||R}1630}1745}BELFHL}","SYBC","Sy Syms-UG Business Core","","","ACC1001|ACC1004;;IDS1015|IDS1020;;IDS1131","","An introductory survey of the fundamentals of financial management; financial analysis; securities markets; and personal financial planning. This course provides a general understanding of the capital markets; sources; and uses of capital; present value techniques; valuation; capital asset pricing; and capital budgeting. This course meets the Business Core requirement for the Sy Syms School of Business. Prerequisite(s): ACC 1001 or ACC 1004; and IDS 1015 or IDS 1020 may be taken as prerequisite or corequisite; and IDS 1131 may be taken as prerequisite or corequisite."
"90507","1001","FIN","342","Wilf","Principles of Finance","3","Gu; Lifeng","0","30","30","0","10","10","T||R}1630}1745}BELFHL}","SYBC","Sy Syms-UG Business Core","","","ACC1001|ACC1004;;IDS1015|IDS1020;;IDS1131","","An introductory survey of the fundamentals of financial management; financial analysis; securities markets; and personal financial planning. This course provides a general understanding of the capital markets; sources; and uses of capital; present value techniques; valuation; capital asset pricing; and capital budgeting. This course meets the Business Core requirement for the Sy Syms School of Business. Prerequisite(s): ACC 1001 or ACC 1004; and IDS 1015 or IDS 1020 may be taken as prerequisite or corequisite; and IDS 1131 may be taken as prerequisite or corequisite."
"90426","1001","FIN","K","Beren","Principles of Finance","3","Dakhli; Anne Hanane","0","30","30","0","5","5","T||R}1025}1140}LEX215}LX420","SYBC","Sy Syms-UG Business Core","","","ACC1001|ACC1004;;IDS1015|IDS1020;;IDS1131","","An introductory survey of the fundamentals of financial management; financial analysis; securities markets; and personal financial planning. This course provides a general understanding of the capital markets; sources; and uses of capital; present value techniques; valuation; capital asset pricing; and capital budgeting. This course meets the Business Core requirement for the Sy Syms School of Business. Prerequisite(s): ACC 1001 or ACC 1004; and IDS 1015 or IDS 1020 may be taken as prerequisite or corequisite; and IDS 1131 may be taken as prerequisite or corequisite."
"90443","1001","FIN","N","Beren","Principles of Finance","3","Dakhli; Anne Hanane","0","30","30","0","5","5","T||R}1500}1615}LEX215}LX313","SYBC","Sy Syms-UG Business Core","","","ACC1001|ACC1004;;IDS1015|IDS1020;;IDS1131","","An introductory survey of the fundamentals of financial management; financial analysis; securities markets; and personal financial planning. This course provides a general understanding of the capital markets; sources; and uses of capital; present value techniques; valuation; capital asset pricing; and capital budgeting. This course meets the Business Core requirement for the Sy Syms School of Business. Prerequisite(s): ACC 1001 or ACC 1004; and IDS 1015 or IDS 1020 may be taken as prerequisite or corequisite; and IDS 1131 may be taken as prerequisite or corequisite."
"90508","1408","FIN","231","Wilf","Corporate Finance","3","Coiculescu; Gabriela","0","25","25","0","20","20","M||W}1500}1615}FURST}","","","","","FIN1001;;IDS1131|IDS1020;;ACC1002","","Introduction to the principles and techniques of corporate financial management; including financial analysis; firm value optimization and valuation models; capital structure; stock valuation leverage; dividend policy; the cost of capital; mergers IPOs and bankruptcy. Problems and applications will use commercially available computer software. Prerequisite(s): FIN 1001; IDS 1131 and IDS 1020; and ACC 1002 may be taken as prerequisite or corequisite.."
"90489","1408","FIN","241","Wilf","Corporate Finance","3","Coiculescu; Gabriela","0","30","30","0","10","10","M||W}1630}1745}FURST}F206","","","","","FIN1001;;IDS1131|IDS1020;;ACC1002","","Introduction to the principles and techniques of corporate financial management; including financial analysis; firm value optimization and valuation models; capital structure; stock valuation leverage; dividend policy; the cost of capital; mergers IPOs and bankruptcy. Problems and applications will use commercially available computer software. Prerequisite(s): FIN 1001; IDS 1131 and IDS 1020; and ACC 1002 may be taken as prerequisite or corequisite.."
"90588","1408","FIN","261","Wilf","Corporate Finance","3","Coiculescu; Gabriela","0","30","30","0","10","10","M||W}1845}2000}FURST}","","","","","FIN1001;;IDS1131|IDS1020;;ACC1002","","Introduction to the principles and techniques of corporate financial management; including financial analysis; firm value optimization and valuation models; capital structure; stock valuation leverage; dividend policy; the cost of capital; mergers IPOs and bankruptcy. Problems and applications will use commercially available computer software. Prerequisite(s): FIN 1001; IDS 1131 and IDS 1020; and ACC 1002 may be taken as prerequisite or corequisite.."
"90435","1408","FIN","F","Beren (Online)","Corporate Finance","3","Rosenfeld; Ahron","0","30","30","0","5","5","M||W}1640}1755}ON}LINE","","","","","FIN1001;;IDS1131|IDS1020;;ACC1002","","Introduction to the principles and techniques of corporate financial management; including financial analysis; firm value optimization and valuation models; capital structure; stock valuation leverage; dividend policy; the cost of capital; mergers IPOs and bankruptcy. Problems and applications will use commercially available computer software. Prerequisite(s): FIN 1001; IDS 1131 and IDS 1020; and ACC 1002 may be taken as prerequisite or corequisite.."
"92487","2221","FIN","331","Wilf","Money and Banking","3","Kahn; James","0","15","15","0","0","0","T||R}1500}1615}BELFHL}B823","","","ECO1010;;ECO1221","","","","Prerequisite(s): ECO 1010 or higher; or permission of the instructor. Crosslisted with ECO 1221."
"92486","2221","FIN","L","Beren","Money and Banking","3","Kahn; James","0","15","15","0","5","5","T||R}1150}1305}SCW}319","","","ECO1010;;ECO1221","","","","Prerequisite(s): ECO 1010 or higher; or permission of the instructor. Crosslisted with ECO 1221."
"90522","2409","FIN","241","Wilf","Advanced Corporate Finance (Capstone)","3","Ravid; S. Abraham","0","25","25","0","10","10","M||W}1630}1745}BELFHL}B411","","","FIN1408;;FIN2409","","","","Focuses on the corporate finance function and decision-making process. Examines advanced and specialized topics in finance. Evaluation of capital expenditure proposals; risk/return; diversification; capital structure; investment and financing decisions; capital markets; cash and credit management; mergers; acquisitions; LBOs; and global financial strategies. Lectures and assignments may utilize case presentations and independent research and writing. Prerequisite(s): FIN 1408; and foundation courses. Section information text: FIN 2409 is a required Capstone course for SENIORS ONLY."
"92836","2409","FIN","461","Wilf","Advanced Corporate Finance (Capstone)","3","Ravid; S. Abraham","0","25","25","0","10","10","W}1845}2115}BELFHL}B825","","","FIN1408;;FIN2409","","","","Focuses on the corporate finance function and decision-making process. Examines advanced and specialized topics in finance. Evaluation of capital expenditure proposals; risk/return; diversification; capital structure; investment and financing decisions; capital markets; cash and credit management; mergers; acquisitions; LBOs; and global financial strategies. Lectures and assignments may utilize case presentations and independent research and writing. Prerequisite(s): FIN 1408; and foundation courses."
"90516","2505","FIN","211","Wilf","Investment Analysis","3","Krausz; Joshua","0","30","30","0","10","10","M||W}1330}1445}BELFHL}B411","","","","","FIN1001;;IDS1131|IDS1020;;ACC1002","","Features and characteristics of available investment opportunities; fundamental principles for choosing sound investment vehicles to meet investor risk/return objectives. Stocks; bonds; warrants; convertibles; preferreds; municipal bonds; treasuries; options; and futures are defined and analyzed. Prerequisite(s): FIN 1001; IDS 1131 and IDS 1020; and ACC 1002 may be taken as prerequisite or corequisite. Section information text: Not Open to MYP Students"
"90490","2505","FIN","231","Wilf","Investment Analysis","3","Krausz; Joshua","0","30","30","0","10","10","M||W}1500}1615}BELFHL}B411","","","","","FIN1001;;IDS1131|IDS1020;;ACC1002","","Features and characteristics of available investment opportunities; fundamental principles for choosing sound investment vehicles to meet investor risk/return objectives. Stocks; bonds; warrants; convertibles; preferreds; municipal bonds; treasuries; options; and futures are defined and analyzed. Prerequisite(s): FIN 1001; IDS 1131 and IDS 1020; and ACC 1002 may be taken as prerequisite or corequisite."
"90589","2505","FIN","331","Wilf","Investment Analysis","3","Gu; Lifeng","0","30","30","0","10","10","T||R}1500}1615}GLUECK}G419","","","","","FIN1001;;IDS1131|IDS1020;;ACC1002","","Features and characteristics of available investment opportunities; fundamental principles for choosing sound investment vehicles to meet investor risk/return objectives. Stocks; bonds; warrants; convertibles; preferreds; municipal bonds; treasuries; options; and futures are defined and analyzed. Prerequisite(s): FIN 1001; IDS 1131 and IDS 1020; and ACC 1002 may be taken as prerequisite or corequisite."
"90447","2505","FIN","NPT","Beren","Investment Analysis","3","Krausz; Joshua","0","30","30","0","5","5","T}1500}1745}LEX215}","","","","","FIN1001;;IDS1131|IDS1020;;ACC1002","","Features and characteristics of available investment opportunities; fundamental principles for choosing sound investment vehicles to meet investor risk/return objectives. Stocks; bonds; warrants; convertibles; preferreds; municipal bonds; treasuries; options; and futures are defined and analyzed. Prerequisite(s): FIN 1001; IDS 1131 and IDS 1020; and ACC 1002 may be taken as prerequisite or corequisite."
"93225","2508","FIN","341","Wilf","Entrepreneurial Finance","3","Harrison; Andy Levi","0","30","30","0","10","10","T||R}1630}1745}TBA}","","","FIN1001|IDS1131","","","","How entrepreneurs secure financing for their business ventures: sources of funding such as investors; venture capital; SBA loans; asset-based financing; lines of credit. Creation of business plans and loan proposals; development of cash-flow projections; and the evaluation of loan requests by lender/investors. Prerequisite(s): FIN 1001 and IDS 1131."
"93248","2508","FIN","M","Beren","Entrepreneurial Finance","3","Dakhli; Anne Hanane","0","30","30","0","5","5","T||R}1335}1450}TBA}","","","FIN1001|IDS1131","","","","How entrepreneurs secure financing for their business ventures: sources of funding such as investors; venture capital; SBA loans; asset-based financing; lines of credit. Creation of business plans and loan proposals; development of cash-flow projections; and the evaluation of loan requests by lender/investors. Prerequisite(s): FIN 1001 and IDS 1131."
"90528","2949","FIN","561","Wilf","Real Estate Finance","3","Bandyopadhyay; Arka","0","30","30","0","10","10","R}1830}2000}FURST}F213","","","FIN1001;;IDS1131|IDS1020","","","","Examines the methods and techniques used by investors; developers; and lenders in evaluating income-producing real estate investment debt and equity investments. Students identify sources of capital and analyze the types of financing available in the real estate industry. Topics include mortgage instruments and notes; mortgage underwriting; the secondary mortgage market; and the construction loan. Prerequisite(s): FIN 1001; IDS 1131 and IDS 1020."
"90449","2949","FIN","P","Beren","Real Estate Finance","3","Stern; Amit","0","15","15","0","5","5","T||R}1630}1745}SCW}301","","","FIN1001;;IDS1131|IDS1020","","","","Examines the methods and techniques used by investors; developers; and lenders in evaluating income-producing real estate investment debt and equity investments. Students identify sources of capital and analyze the types of financing available in the real estate industry. Topics include mortgage instruments and notes; mortgage underwriting; the secondary mortgage market; and the construction loan. Prerequisite(s): FIN 1001; IDS 1131 and IDS 1020."
"90503","3510","FIN","311","Wilf","Options and Futures","3","Gill; Balbinder Singh","0","30","30","0","10","10","T||R}1330}1500}FURST}","","","","","FIN2505","","Comprehensive overview of options and futures and other derivative assets. The market microstructure for derivatives and its evolution; trading applications; exchange operations. Trading mechanics; hedging and speculation; price forecasting; testing and optimizing trading systems; performance spreading; and option pricing theory. Students implement futures pricing; hedging; and valuation using simulation and real-time; Web-based database resources. Prerequisite(s): FIN 2505; and foundation courses may be taken as prerequisites or corequisites. Section information text: Not Open to MYP Students"
"92459","3510","FIN","331","Wilf","Options and Futures","3","Gill; Balbinder Singh","0","30","30","0","10","10","T||R}1500}1615}FURST}F307","","","","","FIN2505","","Comprehensive overview of options and futures and other derivative assets. The market microstructure for derivatives and its evolution; trading applications; exchange operations. Trading mechanics; hedging and speculation; price forecasting; testing and optimizing trading systems; performance spreading; and option pricing theory. Students implement futures pricing; hedging; and valuation using simulation and real-time; Web-based database resources. Prerequisite(s): FIN 2505; and foundation courses may be taken as prerequisites or corequisites."
"90856","3510","FIN","E1","Beren","Options and Futures","3","Rosenfeld; Ahron","0","30","30","0","5","5","M||W}1510}1625}ON}LINE","","","","","FIN2505","","Comprehensive overview of options and futures and other derivative assets. The market microstructure for derivatives and its evolution; trading applications; exchange operations. Trading mechanics; hedging and speculation; price forecasting; testing and optimizing trading systems; performance spreading; and option pricing theory. Students implement futures pricing; hedging; and valuation using simulation and real-time; Web-based database resources. Prerequisite(s): FIN 2505; and foundation courses may be taken as prerequisites or corequisites."
"90496","3720","FIN","361","Wilf","Fixed Income Securities","3","Gill; Balbinder Singh","0","30","30","0","10","10","T||R}1845}2000}GLUECK}","","","","","ACC1002;;FIN1001;;IDS1131;;IDS1020","","Fixed income markets are much more important than equity markets. This course presents basic; non-complex; principles of pricing models for fixed income securities as well as public policy issues related to fixed income markets. Securities covered include government securities; municipal debt; corporate and junk bonds as well as some derivatives; mortgage backed and asset backed securities. The impact of the recent crisis on fixed income markets is analyzed. Prerequisite(s): ACC 1002; FIN 1001; IDS 1131; and IDS 1020 may be taken as prerequisite or corequisite."
"90533","3784","FIN","361","Wilf","Angel and Venture Capital Investing","3","Bellows; Moshe Z.","0","8","8","0","5","5","T}1900}2130}TBA}","","","FIN1001|IDS1131;;ENT1020|MAN1020","","","","This dynamic course explores the fundamentals of angel and venture investing. From sourcing deals; evaluation; structure; follow on and exit; this course; taught by two industry veterans with broad pedigree and experience; shares practical; experiential; soft and hard skills of the start-up ecosystem. Crosslisted with ENT 3784. Prerequisite(s): FIN 1001 and IDS 1131; and ENT 1020 or MAN 1020."
"90448","3784","FIN","RT","Beren","Angel and Venture Capital Investing","3","Bellows; Moshe Z.","0","7","7","0","15","15","T}1900}2130}SCW}102","","","FIN1001|IDS1131;;ENT1020|MAN1020","","","","This dynamic course explores the fundamentals of angel and venture investing. From sourcing deals; evaluation; structure; follow on and exit; this course; taught by two industry veterans with broad pedigree and experience; shares practical; experiential; soft and hard skills of the start-up ecosystem. Crosslisted with ENT 3784. Prerequisite(s): FIN 1001 and IDS 1131; and ENT 1020 or MAN 1020."
"90491","3851","FIN","241","Wilf","Financial Statement Analysis","3","Staff","0","15","15","0","10","10","M||W}1630}1745}FURST}F305","HONR","Honors Course","ACC1002;;FIN1001|IDS1131|ACC3851","","","","Designed primarily for non-Accounting majors. Methods of communicating information about financing and operating activities of corporations; and techniques for analyzing and evaluating that information. Prerequisite(s): ACC 1002; FIN 1001 and IDS 1131. Crosslisted with ACC 3851."
"90660","1020","FYWR","211","Wilf","First Year Writing","3","Trimboli; Brian Michael","0","15","15","0","5","5","M||W}1330}1445}FURST}F210","","","","","","","First Year Writing introduces students to college-level writing and prepares them for all subsequent academic work by also deepening reading comprehension and critical thinking skills. Every section of this course emphasizes the writing process to develop strategies for the invention; exploration; and revision of written work. First Year Writing encourages rhetorical flexibility and helps students integrate and build on outside ideas in order to consider a topic from different viewpoints and learn how to properly document sources. FYWR 1020 is required for all incoming students. Section information text: Not Open to MYP Students."
"90720","1020","FYWR","231","Wilf","First Year Writing","3","Shanafelt; Carrie Deanne","0","15","15","0","5","5","M||W}1500}1615}FURST}","","","","","","","First Year Writing introduces students to college-level writing and prepares them for all subsequent academic work by also deepening reading comprehension and critical thinking skills. Every section of this course emphasizes the writing process to develop strategies for the invention; exploration; and revision of written work. First Year Writing encourages rhetorical flexibility and helps students integrate and build on outside ideas in order to consider a topic from different viewpoints and learn how to properly document sources. FYWR 1020 is required for all incoming students."
"92842","1020","FYWR","232","Wilf","First Year Writing: ESL","3","Silbermintz; Norma","0","15","15","0","5","5","M||W}1500}1615}FURST}F217","","","","","","","First Year Writing introduces students to college-level writing and prepares them for all subsequent academic work by also deepening reading comprehension and critical thinking skills. Every section of this course emphasizes the writing process to develop strategies for the invention; exploration; and revision of written work. First Year Writing encourages rhetorical flexibility and helps students integrate and build on outside ideas in order to consider a topic from different viewpoints and learn how to properly document sources. FYWR 1020 is required for all incoming students."
"90662","1020","FYWR","241","Wilf","First Year Writing","3","Trimboli; Brian Michael","0","15","15","0","5","5","M||W}1630}1745}FURST}F217","","","","","","","First Year Writing introduces students to college-level writing and prepares them for all subsequent academic work by also deepening reading comprehension and critical thinking skills. Every section of this course emphasizes the writing process to develop strategies for the invention; exploration; and revision of written work. First Year Writing encourages rhetorical flexibility and helps students integrate and build on outside ideas in order to consider a topic from different viewpoints and learn how to properly document sources. FYWR 1020 is required for all incoming students."
"90665","1020","FYWR","242","Wilf","First Year Writing:ESL","3","Silbermintz; Norma","0","15","15","0","5","5","M||W}1630}1745}FURST}F217","","","","","","","First Year Writing introduces students to college-level writing and prepares them for all subsequent academic work by also deepening reading comprehension and critical thinking skills. Every section of this course emphasizes the writing process to develop strategies for the invention; exploration; and revision of written work. First Year Writing encourages rhetorical flexibility and helps students integrate and build on outside ideas in order to consider a topic from different viewpoints and learn how to properly document sources. FYWR 1020 is required for all incoming students. Section information text: Students must meet with ESL Coordinator"
"90663","1020","FYWR","331","Wilf","First Year Writing","3","Puretz; David Eli","0","15","15","0","5","5","T||R}1500}1615}FURST}F211","","","","","","","First Year Writing introduces students to college-level writing and prepares them for all subsequent academic work by also deepening reading comprehension and critical thinking skills. Every section of this course emphasizes the writing process to develop strategies for the invention; exploration; and revision of written work. First Year Writing encourages rhetorical flexibility and helps students integrate and build on outside ideas in order to consider a topic from different viewpoints and learn how to properly document sources. FYWR 1020 is required for all incoming students."
"90596","1020","FYWR","333","Wilf","First Year Writing","3","Mandel; Michael Walter","0","20","20","0","0","0","T||R}1430}1545}FURST}F316","KZAS","Katz AS Program","","","","","First Year Writing introduces students to college-level writing and prepares them for all subsequent academic work by also deepening reading comprehension and critical thinking skills. Every section of this course emphasizes the writing process to develop strategies for the invention; exploration; and revision of written work. First Year Writing encourages rhetorical flexibility and helps students integrate and build on outside ideas in order to consider a topic from different viewpoints and learn how to properly document sources. FYWR 1020 is required for all incoming students. Section information text: Only open to Katz Associates Program students."
"90661","1020","FYWR","341","Wilf","First Year Writing","3","Staff","0","15","15","0","5","5","T||R}1630}1745}FURST}F211","","","","","","","First Year Writing introduces students to college-level writing and prepares them for all subsequent academic work by also deepening reading comprehension and critical thinking skills. Every section of this course emphasizes the writing process to develop strategies for the invention; exploration; and revision of written work. First Year Writing encourages rhetorical flexibility and helps students integrate and build on outside ideas in order to consider a topic from different viewpoints and learn how to properly document sources. FYWR 1020 is required for all incoming students."
"90664","1020","FYWR","361","Wilf","First Year Writing","3","Puretz; David Eli","0","15","15","0","5","5","T||R}1845}2000}FURST}F211","","","","","","","First Year Writing introduces students to college-level writing and prepares them for all subsequent academic work by also deepening reading comprehension and critical thinking skills. Every section of this course emphasizes the writing process to develop strategies for the invention; exploration; and revision of written work. First Year Writing encourages rhetorical flexibility and helps students integrate and build on outside ideas in order to consider a topic from different viewpoints and learn how to properly document sources. FYWR 1020 is required for all incoming students."
"90805","1010","HEB","331","Wilf (Online)","Hebrew Level I","2","Staff","0","20","20","0","0","0","R}1500}1615}ON}LINE","","","","","","","The course is designed to introduce students to the foundations of Hebrew grammar and to a basic vocabulary that they will use to develop the ability to understand simple oral and written conversations and short stories; and to produce simple; well-built functional sentences in Hebrew. A variety of Jewish resources will be used to enhance student development of Hebrew language skills as well as their understanding of the major role Hebrew plays in Jewish culture."
"90688","1010","HEB","ONL","Wilf (Online)","Hebrew Level I","2","Staff","0","29","29","0","0","0","}N/A}N/A}ON}LINE","","","","","","","The course is designed to introduce students to the foundations of Hebrew grammar and to a basic vocabulary that they will use to develop the ability to understand simple oral and written conversations and short stories; and to produce simple; well-built functional sentences in Hebrew. A variety of Jewish resources will be used to enhance student development of Hebrew language skills as well as their understanding of the major role Hebrew plays in Jewish culture."
"90811","1020","HEB","ONB","Wilf (Online)","Hebrew Level II","2","Staff","0","20","20","0","0","0","}N/A}N/A}ON}LINE","","","HEB1010","","","","Built upon students' elementary knowledge of Hebrew language this course is designed to continue to develop their lexical and grammatical proficiency. During the course students will encounter increasingly complex grammatical and textual materials that will help them develop a solid reading comprehension ability as well as oral and written communication skills. Classical texts will play a role in expanding students' vocabulary and appreciation of Hebrew in Jewish life. Prerequisite(s): HEB 1010."
"93117","1020","HEB","ONC","Wilf (Online)","Hebrew Level II","2","Staff","0","20","20","0","0","0","}N/A}N/A}ON}LINE","","","HEB1010","","","","Built upon students' elementary knowledge of Hebrew language this course is designed to continue to develop their lexical and grammatical proficiency. During the course students will encounter increasingly complex grammatical and textual materials that will help them develop a solid reading comprehension ability as well as oral and written communication skills. Classical texts will play a role in expanding students' vocabulary and appreciation of Hebrew in Jewish life. Prerequisite(s): HEB 1010."
"90708","1020","HEB","ONL","Wilf (Online)","Hebrew Level II","2","Staff","0","20","20","0","0","0","}N/A}N/A}ON}LINE","","","HEB1010","","","","Built upon students' elementary knowledge of Hebrew language this course is designed to continue to develop their lexical and grammatical proficiency. During the course students will encounter increasingly complex grammatical and textual materials that will help them develop a solid reading comprehension ability as well as oral and written communication skills. Classical texts will play a role in expanding students' vocabulary and appreciation of Hebrew in Jewish life. Prerequisite(s): HEB 1010."
"90807","1030","HEB","331","Wilf (Online)","Hebrew Level III","2","Staff","0","20","20","0","0","0","R}1500}1615}ON}LINE","","","HEB1020","","","","Designed to review and strengthen existing foundations of Hebrew; this course introduces student to increasingly complex textual materials including modern Hebrew poetry. The encounters with these materials will enable students to develop higher level reading comprehension strategies; enlarge their active vocabulary; enhance their grammatical skills; develop their ability to discuss a great variety of Hebrew texts verbally and in writing; and enrich their understanding of modern Israel. Prerequisite(s): HEB 1020."
"93116","1030","HEB","ONA","Wilf (Online)","Hebrew Level III","2","Staff","0","20","20","0","0","0","}N/A}N/A}ON}LINE","","","HEB1020","","","","Designed to review and strengthen existing foundations of Hebrew; this course introduces student to increasingly complex textual materials including modern Hebrew poetry. The encounters with these materials will enable students to develop higher level reading comprehension strategies; enlarge their active vocabulary; enhance their grammatical skills; develop their ability to discuss a great variety of Hebrew texts verbally and in writing; and enrich their understanding of modern Israel. Prerequisite(s): HEB 1020."
"90812","1030","HEB","ONB","Wilf (Online)","Hebrew Level III","2","Staff","0","20","20","0","0","0","}N/A}N/A}ON}LINE","","","HEB1020","","","","Designed to review and strengthen existing foundations of Hebrew; this course introduces student to increasingly complex textual materials including modern Hebrew poetry. The encounters with these materials will enable students to develop higher level reading comprehension strategies; enlarge their active vocabulary; enhance their grammatical skills; develop their ability to discuss a great variety of Hebrew texts verbally and in writing; and enrich their understanding of modern Israel. Prerequisite(s): HEB 1020."
"90808","1030","HEB","ONC","Wilf (Online)","Hebrew Level III","2","Staff","0","32","32","0","0","0","}N/A}N/A}ON}LINE","","","HEB1020","","","","Designed to review and strengthen existing foundations of Hebrew; this course introduces student to increasingly complex textual materials including modern Hebrew poetry. The encounters with these materials will enable students to develop higher level reading comprehension strategies; enlarge their active vocabulary; enhance their grammatical skills; develop their ability to discuss a great variety of Hebrew texts verbally and in writing; and enrich their understanding of modern Israel. Prerequisite(s): HEB 1020."
"90809","1030","HEB","OND","Wilf (Online)","Hebrew Level III","2","Staff","0","20","20","0","0","0","}N/A}N/A}ON}LINE","","","HEB1020","","","","Designed to review and strengthen existing foundations of Hebrew; this course introduces student to increasingly complex textual materials including modern Hebrew poetry. The encounters with these materials will enable students to develop higher level reading comprehension strategies; enlarge their active vocabulary; enhance their grammatical skills; develop their ability to discuss a great variety of Hebrew texts verbally and in writing; and enrich their understanding of modern Israel. Prerequisite(s): HEB 1020."
"90810","1030","HEB","ONE","Wilf (Online)","Hebrew Level III","2","Staff","0","20","20","0","0","0","}N/A}N/A}ON}LINE","","","HEB1020","","","","Designed to review and strengthen existing foundations of Hebrew; this course introduces student to increasingly complex textual materials including modern Hebrew poetry. The encounters with these materials will enable students to develop higher level reading comprehension strategies; enlarge their active vocabulary; enhance their grammatical skills; develop their ability to discuss a great variety of Hebrew texts verbally and in writing; and enrich their understanding of modern Israel. Prerequisite(s): HEB 1020."
"90689","1030","HEB","ONL","Wilf (Online)","Hebrew Level III","2","Staff","0","20","20","0","0","0","}N/A}N/A}ON}LINE","","","HEB1020","","","","Designed to review and strengthen existing foundations of Hebrew; this course introduces student to increasingly complex textual materials including modern Hebrew poetry. The encounters with these materials will enable students to develop higher level reading comprehension strategies; enlarge their active vocabulary; enhance their grammatical skills; develop their ability to discuss a great variety of Hebrew texts verbally and in writing; and enrich their understanding of modern Israel. Prerequisite(s): HEB 1020."
"90844","1040","HEB","341","Wilf","Readings in Biblical Hebrew","3","Adler; Ari","0","20","20","0","0","0","T||R}1630}1745}FURST}F207","","","HEB1030","","","","This course will be based on readings in different genres of biblical texts; through which students will gain and reinforce knowledge of Hebrew language and grammar; and develop greater sophistication in their ability to read. Prerequisite(s): HEB 1030 or by assignment."
"92525","1001","HEBR","C","Beren","Basic Hebrew Language I","2","Perlman; Chani","0","25","25","0","5","5","M||W}1155}1310}SCW}619","","","","","","","The main focus of this course is appreciating the Divine Hebrew word. This will be accomplished through phonetic reading; language acquisition and an understanding of the religious significance of the texts studied. Students will pay close attention to the specific letters and words used in Tanach. This will enable them to understand the text more fully. In doing so; students will process how these texts connect us to our Torah. Section information text: By assignment only."
"92526","1002","HEBR","A","Beren","Basic Hebrew Language II","2","Goldwicht; Hilla","0","20","20","0","5","5","M||W}0900}1015}SCW}818","","","","","","","By utilizing texts that are integral to our daily routines; such as the Shmoneh Esrei (Amidah); we build a language curriculum that is not only practical but deeply meaningful. The Shmoneh Esrei serves as a rich foundation for vocabulary acquisition and grammar development. Each prayer encapsulates a myriad of words and grammatical structures that are relevant to both ancient and modern Hebrew usage. In this course; special emphasis will be given to translating what we know from traditional sources to modern Hebrew usage. By delving into these prayers; learners not only expand their linguistic proficiency but also deepen their understanding of Jewish concepts and values. Section information text: By assignment only."
"92042","1010","HEBR","NT","Beren","Hebrew Level I","1","Staff","0","20","20","0","5","5","T}1500}1615}ON}LINE","","","","","","","By assignment only."
"93263","1010","HEBR","TB1","Beren (Online)","Hebrew Level I","1","Staff","0","20","20","0","5","5","}N/A}N/A}ON}LINE","","","","","","","By assignment only."
"91691","1020","HEBR","NT","Beren (Online)","Hebrew Level II","2","Cohen; Esther","0","20","20","0","5","5","T}1500}1615}ON}LINE","","","HEBR1010|HEBR1010","","","","By assignment only. Prerequisite(s): HEBR 1010. Section information text: Pre-req HEBR 1010."
"91654","1020","HEBR","TB1","Beren (Online)","Hebrew Level II","2","Staff","0","20","20","0","5","5","}N/A}N/A}ON}LINE","","","HEBR1010|HEBR1010","","","","By assignment only. Prerequisite(s): HEBR 1010. Section information text: Pre-req HEBR 1010."
"91658","1030","HEBR","NT","Beren (Online)","Hebrew Level III","2","Staff","0","20","20","0","5","5","T}1500}1615}ON}LINE","","","HEBR1020","","","","By assignment only. Prerequisite(s): HEBR 1020. Section information text: By assignment only."
"91656","1030","HEBR","TB1","Beren (Online)","Hebrew Level III","2","Staff","0","20","20","0","5","5","}N/A}N/A}ON}LINE","","","HEBR1020","","","","By assignment only. Prerequisite(s): HEBR 1020. Section information text: By assignment only."
"91657","1030","HEBR","TB2","Beren (Online)","Hebrew Level III","2","Staff","0","20","20","0","5","5","}N/A}N/A}ON}LINE","","","HEBR1020","","","","By assignment only. Prerequisite(s): HEBR 1020. Section information text: By assignment only."
"91690","1030","HEBR","TB3","Beren (Online)","Hebrew Level III","2","Staff","0","20","20","0","5","5","}N/A}N/A}ON}LINE","","","HEBR1020","","","","By assignment only. Prerequisite(s): HEBR 1020. Section information text: By assignment only."
"92519","1240","HEBR","K","Beren","Topics for Bible in Hebrew","2","Rosensweig; Smadar","0","15","15","0","3","3","T||R}1025}1140}SCW}406","","","HEBR1211|HEBR1221;;BBLE2220","","","","An advanced Bible course conducted entirely in Hebrew using the Ivrit B'Ivrit [Hebrew-in-Hebrew] immersion methodology. Emphasizes Hebrew language proficiency and exegetical skills. Topics vary by semester. Cross-listed with an advanced-level Bible course. May not be repeated for credit. Prerequisite(s): Placement via the Hebrew Placement Exam at the HEBR 1211 or HEBR 1221 level; or departmental permission. Section information text: Cross-listed with BBLE 2220."
"93279","1250","HEBR","B","Beren","Topics in Jewish Thought in Hebrew","2","Goldwicht; Hilla","0","20","20","0","5","5","M||W}1025}1140}SCW}818","","","HEBR1030","","","","This course is a systematic introduction to the central texts; questions; and figures of classical Jewish thought; from the Geonic period through the early modern era. The course is organized around the perennial questions of Jewish theology and philosophy: What are the binding beliefs of the Jewish faith? What can we know about G-d; and how do we speak of the Divine? Why did G-d create the world; and what is the human being's place within it? What is the nature and purpose of Torah and mitzvot? How do teshuvah; tefillah; and the cultivation of character transform a person? What awaits the soul after death; and what will the messianic era bring? Primary sources are drawn from the foundational works of Jewish philosophy and mussar: the Rambam's Mishneh Torah and Moreh Nevukhim; the Kuzari of R. Yehuda HaLevi; the Chovot HaLevavot of R. Bachya ibn Paquda; Ramban's writings; the Ramchal's Mesillat Yesharim; and others. All primary texts are read in the original Hebrew. The course is conducted in Hebrew; close reading in the original is essential. Prerequisite(s): HEBR 1030 or by placement via the Hebrew Placement Exam."
"93280","1260","HEBR","C","Beren","Topics in Hebrew Literature in Hebrew","2","Goldwicht; Hilla","0","20","20","0","5","5","M||W}1155}1310}SCW}818","","","HEBR1030","","","","This course offers a broad survey of Hebrew literature from its biblical roots through the contemporary period; tracing the extraordinary journey of a language and its literature across more than three millennia. Students will engage with poetry; prose; and drama drawn from the medieval Andalusian tradition; the nineteenth-century Haskalah (Jewish Enlightenment); the Zionist literary renaissance; the generation of Israeli statehood; and the vibrant; multicultural landscape of Hebrew writing today. All primary texts are read in the original Hebrew; secondary critical materials are available in both Hebrew and English. The course foregrounds questions of language; memory; identity; and place; examining how Hebrew writers have wrestled with exile and return; tradition and modernity; collective experience and individual voice. No single ideological or aesthetic framework governs our reading; instead; the course cultivates the skill of close literary analysis alongside an awareness of the historical forces that shaped each text. Taught in Hebrew; with primary source readings and discussion in Hebrew; this course is suitable for advanced undergraduate students who have placed into Ivrit b'Ivrit or have completed HEBR 1030. Prerequisite(s): HEBR 1030 or by placement via the Hebrew Placement Exam."
"91990","1040","HES","JS2","Wilf","Hebrew Language and Literature","1","Staff","0","100","100","0","0","0","}N/A}N/A}TBA}","","","","","","","This course indicates block transfer credit granted for courses taken in the JSS undergraduate Torah studies program. The JSS program is a comprehensive program for students seeking to improve and expand their skills and knowledge of Jewish studies on either the beginning or intermediate level and teaches the fundamentals of Jewish scholarship and heritage through a unique curriculum and exciting out-of-classroom experiences. Courses cover Hebrew language; Bible; Mishnah & Talmud; and Jewish History; Philosophy; Laws; & Customs."
"91991","1040","HES","JS3","Wilf","Hebrew Language and Literature","1","Staff","0","500","500","0","0","0","}N/A}N/A}TBA}","","","","","","","This course indicates block transfer credit granted for courses taken in the JSS undergraduate Torah studies program. The JSS program is a comprehensive program for students seeking to improve and expand their skills and knowledge of Jewish studies on either the beginning or intermediate level and teaches the fundamentals of Jewish scholarship and heritage through a unique curriculum and exciting out-of-classroom experiences. Courses cover Hebrew language; Bible; Mishnah & Talmud; and Jewish History; Philosophy; Laws; & Customs."
"91992","1040","HES","JS4","Wilf","Hebrew Language and Literature","1","Staff","0","500","500","0","0","0","}N/A}N/A}TBA}","","","","","","","This course indicates block transfer credit granted for courses taken in the JSS undergraduate Torah studies program. The JSS program is a comprehensive program for students seeking to improve and expand their skills and knowledge of Jewish studies on either the beginning or intermediate level and teaches the fundamentals of Jewish scholarship and heritage through a unique curriculum and exciting out-of-classroom experiences. Courses cover Hebrew language; Bible; Mishnah & Talmud; and Jewish History; Philosophy; Laws; & Customs."
"90868","1140","HES","MY1","Wilf","Hebrew Language and Literature","1","Staff","0","500","500","0","0","0","}N/A}N/A}TBA}","","","","","","","This course indicates block transfer credit granted for courses taken in the MYP undergraduate Torah studies program. The MYP program focuses on analysis of Talmudic texts and commentaries in the original Hebrew and Aramaic; discussion of their cultural implications."
"90881","1140","HES","MY2","Wilf","Hebrew Language and Literature","1","Staff","0","500","500","0","0","0","}N/A}N/A}TBA}","","","","","","","This course indicates block transfer credit granted for courses taken in the MYP undergraduate Torah studies program. The MYP program focuses on analysis of Talmudic texts and commentaries in the original Hebrew and Aramaic; discussion of their cultural implications."
"90882","1140","HES","MY3","Wilf","Hebrew Language and Literature","1","Staff","0","500","500","0","0","0","}N/A}N/A}TBA}","","","","","","","This course indicates block transfer credit granted for courses taken in the MYP undergraduate Torah studies program. The MYP program focuses on analysis of Talmudic texts and commentaries in the original Hebrew and Aramaic; discussion of their cultural implications."
"93084","1140","HES","MY5","Wilf","Hebrew Language and Literature","1","Staff","0","100","100","0","0","0","}N/A}N/A}TBA}","","","","","","","This course indicates block transfer credit granted for courses taken in the MYP undergraduate Torah studies program. The MYP program focuses on analysis of Talmudic texts and commentaries in the original Hebrew and Aramaic; discussion of their cultural implications."
"91929","1240","HES","IB2","Wilf","Hebrew Language and Literature","0","Staff","0","500","500","0","0","0","}N/A}N/A}TBA}","","","","","","","This course indicates block transfer credit granted for courses taken in the IBC undergraduate Torah studies program. The IBC program is a structured and comprehensive program in the major areas of Jewish learning; such as Talmud; Bible; Hebrew language and literature; Jewish history; Jewish philosophy and ethics; and Jewish law."
"91930","1240","HES","IB3","Wilf","Hebrew Language and Literature","0","Staff","0","500","500","0","0","0","}N/A}N/A}TBA}","","","","","","","This course indicates block transfer credit granted for courses taken in the IBC undergraduate Torah studies program. The IBC program is a structured and comprehensive program in the major areas of Jewish learning; such as Talmud; Bible; Hebrew language and literature; Jewish history; Jewish philosophy and ethics; and Jewish law."
"93047","1240","HES","IB4","Wilf","Hebrew Language and Literature","0","Staff","0","500","500","0","0","0","}N/A}N/A}TBA}","","","","","","","This course indicates block transfer credit granted for courses taken in the IBC undergraduate Torah studies program. The IBC program is a structured and comprehensive program in the major areas of Jewish learning; such as Talmud; Bible; Hebrew language and literature; Jewish history; Jewish philosophy and ethics; and Jewish law."
"91074","1640","HES","BM1","Wilf","Hebrew Language and Literature","1","Staff","0","500","500","0","0","0","}N/A}N/A}TBA}","","","","","","","This course indicates block transfer credit granted for courses taken in the BMP undergraduate Torah studies program. The BMP program consists of traditional Talmudic texts and commentaries accompanied with student preparation (Seder); with additional courses in Jewish thought; ethics; and philosophy (Machshevet Yisrael) and Jewish law and its development (Halakhah)."
"91075","1640","HES","BM2","Wilf","Hebrew Language and Literature","1","Staff","0","500","500","0","0","0","}N/A}N/A}TBA}","","","","","","","This course indicates block transfer credit granted for courses taken in the BMP undergraduate Torah studies program. The BMP program consists of traditional Talmudic texts and commentaries accompanied with student preparation (Seder); with additional courses in Jewish thought; ethics; and philosophy (Machshevet Yisrael) and Jewish law and its development (Halakhah)."
"91076","1640","HES","BM3","Wilf","Hebrew Language and Literature","1","Staff","0","500","500","0","0","0","}N/A}N/A}TBA}","","","","","","","This course indicates block transfer credit granted for courses taken in the BMP undergraduate Torah studies program. The BMP program consists of traditional Talmudic texts and commentaries accompanied with student preparation (Seder); with additional courses in Jewish thought; ethics; and philosophy (Machshevet Yisrael) and Jewish law and its development (Halakhah)."
"93085","1640","HES","BM5","Wilf","Hebrew Language and Literature","1","Staff","0","100","100","0","0","0","}N/A}N/A}TBA}","","","","","","","This course indicates block transfer credit granted for courses taken in the BMP undergraduate Torah studies program. The BMP program consists of traditional Talmudic texts and commentaries accompanied with student preparation (Seder); with additional courses in Jewish thought; ethics; and philosophy (Machshevet Yisrael) and Jewish law and its development (Halakhah)."
"90674","1101","HIS","231","Wilf","The Emergence of Europe","3","Stenhouse; William","0","25","25","0","5","5","M||W}1500}1615}FURST}F306","SYHM","Sy Syms-UG Humanities Req","","","","","Major themes in the cultural; political; and social evolution of the West from antiquity to the Reformation. This course was formerly listed as HIS 1001."
"90904","1201","HIS","361","Wilf","Survey of United States History I","3","Burgess; Doug","0","30","30","0","5","5","T||R}1845}2000}GLUECK}G418","SYHM||USHS","Sy Syms-UG Humanities Req||YC-US HIS (US His)","","","","","Aspects of American history; from colonial times to 1877; that have contributed to the shaping of American culture; evaluation of political; social; and economic trends in the light of changing ideals. Formerly HIS 2005."
"93258","2108","HIS","241","Wilf","Revolution; Emancipation; Violence: France and Haiti 1750-1820","3","Freedman; Jeffrey","0","15","15","0","5","5","M||W}1630}1745}FURST}F311","CUOT","YC-CUOT Requirement","","","","","The late 18th century saw two momentous acts of collective emancipation: the revolution in France; which abolished nobility and overthrew the monarchy; and the revolution in what would become the independent country of Haiti; the first successful slave revolt in modern history. This course explores the causes and consequences of those two events; as well as the relations between them and their legacies to the modern world."
"93194","2225","HIS","211","Wilf","Social Movements in American History","3","Staff","0","20","20","0","0","0","M||W}1430}1545}TBA}","","","","","","","Examines social movements and protest politics of 19th and 20th centuries. The course explores the ideology; political structures; mobilization; identity; and empowerment strategies of movements such as abolitionist movement; women's movement; populism; the KKK; movements of the era of the great Depression; movements of the 1960s; and the New Right. A comparative survey of contemporary movements which erupted in 2011 in Europe; in the US; and the Middle East (including Israel); will conclude the survey. Same as COWC 1015 and SOC 2802."
"93118","2430","HIS","231","Wilf","Drashot as a Source of Eastern European Jewry","2","Karlip; Moshe Yosef","0","5","5","0","5","5","T||R}1500}1615}TBA}","","","","","","","The history of East European Jewry through an analysis of the drashot of such leading rabbis and magidim as the Kli Yakar; the Dubner Magid; the Magid of Mezritsh; the Kelemer Magid; R. Yitzhak Nissenbaum; and the Esh Kodesh. Crosslisted with JHI 2430."
"93119","2601","HIS","341","Wilf","History of Law","3","Burgess; Doug","0","25","25","0","5","5","T||R}1845}2000}TBA}","CUOT","YC-CUOT Requirement","","","","","This course examines the development of the law from an historical and sociological perspective. Through a combination of lecture and discussion of assigned readings; students will be introduced to the foundational documents of the law; their historical context; and their relevance to the evolution of human society. Students will be expected to recognize and comprehend major themes of private and public law; the relationship of subject and sovereign; rights of the individual; law and statecraft; and the philosophy of law."
"90680","2909","HIS","261","Wilf","Media Revolutions:  From Scroll to Screen","3","Freedman; Jeffrey","0","25","25","0","5","5","M||W}1845}2000}BELFHL}B813","CUOT||SYHM","YC-CUOT Requirement||Sy Syms-UG Humanities Req","","","","","This course surveys the history of media from the ancient world to the present. Taking 'media' in the broadest sense to encompass the full range of communications technologies; we will begin with the papyri scrolls of ancient Greece and move from there through the manuscript codex of the Middle Ages; the printed book of the age of Gutenberg; newspapers in the 18th and 19th centuries; radio and film in the 20th century; and the internet and social media of our own digital age. Several recurrent questions will frame our survey of media landscapes: How; to what ends; and in what institutional settings are particular media used? How do they affect modes of thinking? And what are the relations of different media to the various historical forms of religious; political; and economic power?"
"93120","4930","HIS","231","Wilf","Topics in History: History of the Medieval Hebrew Book","3","Taubes; Jacob Samuel","0","5","5","0","5","5","M||W}1500}1615}TBA}","","","","","","","In-depth coverage of selected topics. May be repeated for credit if topic is different."
"91607","1101","HIST","C","Beren","The Emergence of Europe","3","Stenhouse; William","0","25","25","0","10","10","M||W}1155}1310}TBA}","FNDT||SYHM","ST-Foundations &amp; Contemporary||Sy Syms-UG Humanities Req","","","","","Major themes in the cultural; political; and social evolution of the West from antiquity to the Reformation."
"91642","1201","HIST","M","Beren","Survey of United States History I","3","Burgess; Doug","0","30","30","0","10","10","T||R}1335}1450}LEX215}YAGODACOMM","FNDT||SYHM||USHS","ST-Foundations &amp; Contemporary||Sy Syms-UG Humanities Req||YC-US HIS (US His)","","","","","Aspects of American history; from colonial times to 1877; that have contributed to the shaping of American culture; evaluation of political; social; and economic trends in the light of changing ideals."
"93103","2104","HIST","B","Beren","Renaissance and Reformation","3","Stenhouse; William","0","30","30","0","10","10","M||W}1025}1140}TBA}","FNDT||SYHM","ST-Foundations &amp; Contemporary||Sy Syms-UG Humanities Req","","","","","This course will examine some of the fundamental intellectual; cultural and political developments in Europe between roughly 1400 and 1600 CE and consider some recent scholarly approaches to those developments."
"91754","2232","HIST","C","Beren","History of Jews of New York","3","Gurock; Jeffrey S.","0","12","12","0","0","0","M||W}1155}1310}SCW}406","FNDT||SYHM","ST-Foundations &amp; Contemporary||Sy Syms-UG Humanities Req","","","","","Explores the history of the Jews of New York from their arrival in the 17th century through the late 19th century; the period in which New York became home to the world's largest Jewish community; to the post-World War II suburban exodos. It concludes by examining the decline and revival of Jewish neighborhoods in New York today. Crosslisted with JHIS 2232."
"91634","2909","HIST","D1","Beren","Media Revolutions:  From Scroll to Screen","3","Freedman; Jeffrey","0","30","30","0","10","10","M||W}1325}1440}LEX215}LX314","FNDT||SYHM","ST-Foundations &amp; Contemporary||Sy Syms-UG Humanities Req","ENGL1100|ENGL1200","","","","This course surveys the history of media from the ancient world to the present. Taking 'media' in the broadest sense to encompass the full range of communications technologies; we will begin with the papyri scrolls of ancient Greece and move from there through the manuscript codex of the Middle Ages; the printed book of the age of Gutenberg; newspapers in the 18th and 19th centuries; radio and film in the 20th century; and the internet and social media of our own digital age. Several recurrent questions will frame our survey of media landscapes: How; to what ends; and in what institutional settings are particular media used? How do they affect modes of thinking? And what are the relations of different media to the various historical forms of religious; political; and economic power? Elective for Media Tracks. Prerequisite(s): ENGL 1100 or ENGL 1200."
"92133","4930","HIST","J","Beren","Topics in History: History of Jerusalem","3","Katz; Jill C.","0","10","10","0","10","10","T||R}0900}1015}TBA}","FNDT||JS7||SYHM","ST-Foundations &amp; Contemporary||Beren JS - Fundamentals||Sy Syms-UG Humanities Req","","","","","In-depth coverage of selected topics. May be repeated for credit if topic is different. Section information text: This course surveys the religious; political; and cultural history of Jerusalem over three millennia. The course content will focus on the transformation of sacred space as reflected by literary and archaeological evidence by examining the testimony of artifacts; architecture; and iconography in relation to the written word."
"93087","4930","HIST","L","Beren","Topics in History: Jews in Medieval Spain","3","Perelis; Ronnie","0","20","20","0","10","10","T||R}1150}1305}TBA}","FNDT||SYHM","ST-Foundations &amp; Contemporary||Sy Syms-UG Humanities Req","","","","","In-depth coverage of selected topics. May be repeated for credit if topic is different. Section information text: This course will investigate the cultural history of the Jews of Spain (the Sephardim); from the Muslim conquest of the Iberian Peninsula in 711 until the expulsion of 1492. Medieval Spain; with its vibrant Muslim and Jewish populations; was one of the most complex and culturally rich European societies of its time. It served as a bridge for intellectual; artistic and scientific imports from the east to the European north. Its experiment with Convivencia &ndash; &ldquo;the living together&rdquo; of three different religions within the same society &ndash; was unheard of in pre-modern Europe. With Convivencia as our lens; we will examine the possibilities and limitations of multi-cultural tolerance by studying the socio-political and cultural trajectory of the Sephardim and their Christian and Muslim neighbors."
"93086","4930","HIST","M","Beren","Topics in History: Jewish Travelers","3","Perelis; Ronnie","0","20","20","0","10","10","T||R}1335}1450}TBA}","FNDT||HONR||SYHM","ST-Foundations &amp; Contemporary||Honors Course||Sy Syms-UG Humanities Req","","","","","In-depth coverage of selected topics. May be repeated for credit if topic is different. Section information text: This course will explore Jewish travel writing from the early medieval period into the dawn of modernity. We will try to understand the world these travelers were trying to make sense of and the role that their Judaism played in this process of discovery. Some texts are well known classics such as Benjamin of Tudela&rsquo;s &ldquo;Sefer Masa&rsquo;ot&rdquo; (Book of Travels) while others will include more obscure but fascinating accounts of Travel to the Americas and the Far East; following the voyages of European exploration and colonization. We will also look at authors such as Marco Polo; Ibn Batuta and John Mandeville to contextualize these Jewish travelers within the wider practice of travel writing."
"90128","5100","HOL","A","Wilf (Online)","The Holocaust: An Interdisciplinary Exploration ","3","Pilnik; Shay Arie","0","25","25","0","0","0","T}1700}1930}ON}LINE","","","","","","","This course explores the Holocaust of European Jewry as a watershed event in modern history and examines the way it impacted and has been impacted by a variety of disciplines; including history; theology; literature; film; memory; sociology; education and law."
"90132","7000","HOL","A","Wilf (Online)","Thesis/Capstone","6","Pilnik; Shay Arie","0","25","25","0","0","0","}N/A}N/A}ON}LINE","","","","","","","The unit is a required six-credit course marking the culmination of the Fish Center MA program. Open-ended and highly flexible; this unit allows students to integrate the different areas of study surveyed in the program into a single; focused research topic dedicated to a specific subject."
"90133","7100","HOL","A","Wilf (Online)","Capstone","3","Pilnik; Shay Arie","0","25","25","0","0","0","}N/A}N/A}ON}LINE","","","","","","","The unit is a three-credit course marking the culmination of the Fish Center MA program. Open ended and highly flexible; this unit allows students to grow their academic journey in three different directions. Students may choose one of the three options: a. To integrate the different areas of study surveyed in the program into a single; focused research topic dedicated to a specific subject; b. To pursue a practical project; often done in partnership with an external organization or program to which their knowledge may be applied; c. To take a comprehensive exam that will summarize and synthesize their entire coursework."
"93125","4905","HON","FEE","Wilf","Honors Thesis Preliminary","1","Trapedo; Shaina","0","50","50","0","0","0","}N/A}N/A}TBA}","HONR","Honors Course","","","","","This preparatory course guides students through the initial stages of their Honors Thesis project. Students will meet with faculty to discuss academic interests; thesis expectations; and potential mentors. Following mentor assignment; students will conduct preliminary research; schedule a one-on-one library research consultation; develop advanced research strategies; and work closely with their faculty mentor to refine their topic. By the end of the semester; students will submit a formal proposal that describes their research question and approach and includes a working title and a preliminary bibliography. This course establishes the foundation for sustained scholarly inquiry and prepares students for the intensive research and writing phases of the thesis process."
"93127","4905","HON","NFE","Wilf","Honors Thesis Preliminary","1","Trapedo; Shaina","0","50","50","0","0","0","}N/A}N/A}TBA}","HONR","Honors Course","","","","","This preparatory course guides students through the initial stages of their Honors Thesis project. Students will meet with faculty to discuss academic interests; thesis expectations; and potential mentors. Following mentor assignment; students will conduct preliminary research; schedule a one-on-one library research consultation; develop advanced research strategies; and work closely with their faculty mentor to refine their topic. By the end of the semester; students will submit a formal proposal that describes their research question and approach and includes a working title and a preliminary bibliography. This course establishes the foundation for sustained scholarly inquiry and prepares students for the intensive research and writing phases of the thesis process."
"93126","4910","HON","FEE","Wilf","Honors Thesis Research","2","Trapedo; Shaina","0","100","100","0","0","0","}N/A}N/A}TBA}","HONR","Honors Course","","","HON4905","","This course marks the transition from proposal to active research and writing. In addition to networking with peers and learning about available resources; students will develop detailed outlines; expand their bibliographies; conduct primary research or data collection; and begin to execute their approved research plans in writing under the guidance of their faculty mentors. Through at least three required meetings with their faculty mentors and check-ins with the Honors Program faculty; students receive ongoing feedback and support. Students are encouraged to utilize Writing Center resources; including consultations with Honors Thesis Specialists. By the end of the semester; students will complete a preliminary draft of at least 2;000 words that demonstrates progress toward their research goals. This course builds research stamina; strengthens analytical writing skills; and prepares students for the final intensive writing phase of the thesis process. Prerequisite(s): HON 4905 may be taken as a prerequisite or corequisite."
"93128","4910","HON","NFE","Wilf","Honors Thesis Research","2","Trapedo; Shaina","0","100","100","0","0","0","}N/A}N/A}TBA}","HONR","Honors Course","","","HON4905","","This course marks the transition from proposal to active research and writing. In addition to networking with peers and learning about available resources; students will develop detailed outlines; expand their bibliographies; conduct primary research or data collection; and begin to execute their approved research plans in writing under the guidance of their faculty mentors. Through at least three required meetings with their faculty mentors and check-ins with the Honors Program faculty; students receive ongoing feedback and support. Students are encouraged to utilize Writing Center resources; including consultations with Honors Thesis Specialists. By the end of the semester; students will complete a preliminary draft of at least 2;000 words that demonstrates progress toward their research goals. This course builds research stamina; strengthens analytical writing skills; and prepares students for the final intensive writing phase of the thesis process. Prerequisite(s): HON 4905 may be taken as a prerequisite or corequisite."
"93129","4920","HON","FEE","Wilf","Honors Thesis Writing","2","Trapedo; Shaina","0","100","100","0","0","0","}N/A}N/A}TBA}","HONR","Honors Course","","","HON4910","","This capstone course guides students through the intensive drafting; revision; and completion of their Honors Senior Thesis. Students will expand their preliminary drafts into comprehensive scholarly works through sustained writing; multiple rounds of revision; and close collaboration with their faculty mentors. The semester requires at least four meetings with faculty mentors to ensure continuous feedback and guidance. Students are strongly encouraged to participate in peer review with fellow Honors students and to schedule Writing Center appointments with Honors Thesis Specialists for feedback on writing style; structure; and argumentation. By mid-semester; students will submit a complete first draft to their mentors for substantive feedback. The final weeks focus on revision; citation refinement; and professional formatting according to program guidelines. Upon completion; students will submit a polished final thesis that represents original scholarship and demonstrates mastery of research methods; critical analysis; and academic writing. Previously offered as HON 4981. Prerequisite(s): HON 4910 may be taken as a prerequisite or corequisite."
"93130","4920","HON","NFE","Wilf","Honors Thesis Writing","2","Trapedo; Shaina","0","100","100","0","0","0","}N/A}N/A}TBA}","HONR","Honors Course","","","HON4910","","This capstone course guides students through the intensive drafting; revision; and completion of their Honors Senior Thesis. Students will expand their preliminary drafts into comprehensive scholarly works through sustained writing; multiple rounds of revision; and close collaboration with their faculty mentors. The semester requires at least four meetings with faculty mentors to ensure continuous feedback and guidance. Students are strongly encouraged to participate in peer review with fellow Honors students and to schedule Writing Center appointments with Honors Thesis Specialists for feedback on writing style; structure; and argumentation. By mid-semester; students will submit a complete first draft to their mentors for substantive feedback. The final weeks focus on revision; citation refinement; and professional formatting according to program guidelines. Upon completion; students will submit a polished final thesis that represents original scholarship and demonstrates mastery of research methods; critical analysis; and academic writing. Previously offered as HON 4981. Prerequisite(s): HON 4910 may be taken as a prerequisite or corequisite."
"90568","1010","IDS","212","Wilf","Mathematics for Business","3","Ravi; Manachanallur","0","35","35","0","10","10","M||W}1330}1445}BELFHL}B807","SCW2","ST-Quantitative Skills","","","","","The objectives of this course are to provide an overview of (i) algebra; (ii) functions including exponential and logarithmic functions; (iii) their application to business through the study of the time value of money; and an introduction to the application of calculus and optimization to business. Students with MAT 1410 or 1412 or 1413 are exempt. Section information text: Not Open to MYP Students"
"90535","1010","IDS","241","Wilf","Mathematics for Business","3","Poleyeff; Arthur Joel","0","35","35","0","10","10","M||W}1630}1745}FURST}F205","SCW2","ST-Quantitative Skills","","","","","The objectives of this course are to provide an overview of (i) algebra; (ii) functions including exponential and logarithmic functions; (iii) their application to business through the study of the time value of money; and an introduction to the application of calculus and optimization to business. Students with MAT 1410 or 1412 or 1413 are exempt."
"90536","1010","IDS","261","Wilf","Mathematics for Business","3","Poleyeff; Arthur Joel","0","35","35","0","10","10","M||W}1845}2000}FURST}F214","SCW2","ST-Quantitative Skills","","","","","The objectives of this course are to provide an overview of (i) algebra; (ii) functions including exponential and logarithmic functions; (iii) their application to business through the study of the time value of money; and an introduction to the application of calculus and optimization to business. Students with MAT 1410 or 1412 or 1413 are exempt."
"90538","1010","IDS","311","Wilf","Mathematics for Business","3","Staff","0","35","35","0","10","10","T||R}1330}1500}FURST}","SCW2","ST-Quantitative Skills","","","","","The objectives of this course are to provide an overview of (i) algebra; (ii) functions including exponential and logarithmic functions; (iii) their application to business through the study of the time value of money; and an introduction to the application of calculus and optimization to business. Students with MAT 1410 or 1412 or 1413 are exempt. Section information text: Not Open to MYP Students."
"93228","1010","IDS","331","Wilf","Mathematics for Business","3","Staff","0","35","35","0","10","10","T||R}1500}1615}TBA}","SCW2","ST-Quantitative Skills","","","","","The objectives of this course are to provide an overview of (i) algebra; (ii) functions including exponential and logarithmic functions; (iii) their application to business through the study of the time value of money; and an introduction to the application of calculus and optimization to business. Students with MAT 1410 or 1412 or 1413 are exempt."
"90451","1010","IDS","K","Beren","Mathematics for Business","3","Seidenstein; Marc","0","30","30","0","10","10","T||R}1025}1140}LEX215}","SCW2","ST-Quantitative Skills","","","","","The objectives of this course are to provide an overview of (i) algebra; (ii) functions including exponential and logarithmic functions; (iii) their application to business through the study of the time value of money; and an introduction to the application of calculus and optimization to business. Students with MAT 1410 or 1412 or 1413 are exempt."
"90452","1010","IDS","M","Beren","Mathematics for Business","3","Staff","0","30","30","0","10","10","T||R}1335}1450}LEX215}LX208","SCW2","ST-Quantitative Skills","","","","","The objectives of this course are to provide an overview of (i) algebra; (ii) functions including exponential and logarithmic functions; (iii) their application to business through the study of the time value of money; and an introduction to the application of calculus and optimization to business. Students with MAT 1410 or 1412 or 1413 are exempt."
"93037","1015","IDS","1O3","Wilf (Online)","Spreadsheet 101","1","Han; Shu","0","35","35","0","5","5","}N/A}N/A}ON}LINE","","","","","","","This course introduces the use of Excel in business and personal settings; teaching students to solve problems; design flexible solutions; and independently develop advanced skills; including leveraging AI tools. This course may not be taken if student has already completed IDS 1020."
"93038","1015","IDS","1O4","Wilf (Online)","Spreadsheet 101","1","Han; Shu","0","35","35","0","5","5","}N/A}N/A}ON}LINE","","","","","","","This course introduces the use of Excel in business and personal settings; teaching students to solve problems; design flexible solutions; and independently develop advanced skills; including leveraging AI tools. This course may not be taken if student has already completed IDS 1020."
"93039","1015","IDS","1O5","Wilf (Online)","Spreadsheet 101","1","Han; Shu","0","35","35","0","5","5","}N/A}N/A}ON}LINE","","","","","","","This course introduces the use of Excel in business and personal settings; teaching students to solve problems; design flexible solutions; and independently develop advanced skills; including leveraging AI tools. This course may not be taken if student has already completed IDS 1020."
"93040","1015","IDS","1O6","Wilf (Online)","Spreadsheet 101","1","Han; Shu","0","35","35","0","5","5","}N/A}N/A}ON}LINE","","","","","","","This course introduces the use of Excel in business and personal settings; teaching students to solve problems; design flexible solutions; and independently develop advanced skills; including leveraging AI tools. This course may not be taken if student has already completed IDS 1020."
"93041","1015","IDS","1O7","Beren (Online)","Spreadsheet 101","1","Han; Shu","0","40","40","0","0","0","}N/A}N/A}ON}LINE","","","","","","","This course introduces the use of Excel in business and personal settings; teaching students to solve problems; design flexible solutions; and independently develop advanced skills; including leveraging AI tools. This course may not be taken if student has already completed IDS 1020."
"93042","1015","IDS","1O8","Beren (Online)","Spreadsheet 101","1","Han; Shu","0","40","40","0","0","0","}N/A}N/A}ON}LINE","","","","","","","This course introduces the use of Excel in business and personal settings; teaching students to solve problems; design flexible solutions; and independently develop advanced skills; including leveraging AI tools. This course may not be taken if student has already completed IDS 1020."
"93043","1015","IDS","1O9","Wilf (Online)","Spreadsheet 101","1","Han; Shu","0","35","35","0","5","5","}N/A}N/A}ON}LINE","","","","","","","This course introduces the use of Excel in business and personal settings; teaching students to solve problems; design flexible solutions; and independently develop advanced skills; including leveraging AI tools. This course may not be taken if student has already completed IDS 1020."
"90606","1015","IDS","531","Wilf","Spreadsheet 101","1","Staff","0","20","20","0","0","0","R}1600}1715}FURST}","KZAS","Katz AS Program","","","","","This course introduces the use of Excel in business and personal settings; teaching students to solve problems; design flexible solutions; and independently develop advanced skills; including leveraging AI tools. This course may not be taken if student has already completed IDS 1020. Section information text: Only open to Katz Associates Program Students."
"93230","1020","IDS","231","Wilf","Principles of Business Analytics","3","Ravi; Manachanallur","0","30","30","0","10","10","M||W}1500}1615}TBA}","SYBC","Sy Syms-UG Business Core","","","IDS1015;;IDS1010","","This course provides the background necessary to make decisions about computer-based information systems and to be an end-user. The course includes hands-on experience with personal computers and information systems management. Groups and individual computer assignments expose students to electronic spreadsheet analysis and database management on a personal computer. Management aspects focus on understanding computer technology; systems analysis and design; and control of information processing by managers. Prerequisite(s): IDS 1015; and IDS 1010 or equivalent may be taken as a prerequisite or corequisite."
"90564","1020","IDS","241","Wilf","Principles of Business Analytics","3","Ravi; Manachanallur","0","30","30","0","10","10","M||W}1630}1745}BELFHL}B807","SYBC","Sy Syms-UG Business Core","","","IDS1015;;IDS1010","","This course provides the background necessary to make decisions about computer-based information systems and to be an end-user. The course includes hands-on experience with personal computers and information systems management. Groups and individual computer assignments expose students to electronic spreadsheet analysis and database management on a personal computer. Management aspects focus on understanding computer technology; systems analysis and design; and control of information processing by managers. Prerequisite(s): IDS 1015; and IDS 1010 or equivalent may be taken as a prerequisite or corequisite."
"93231","1020","IDS","261","Wilf","Principles of Business Analytics","3","Ravi; Manachanallur","0","30","30","0","10","10","M||W}1845}2000}TBA}","SYBC","Sy Syms-UG Business Core","","","IDS1015;;IDS1010","","This course provides the background necessary to make decisions about computer-based information systems and to be an end-user. The course includes hands-on experience with personal computers and information systems management. Groups and individual computer assignments expose students to electronic spreadsheet analysis and database management on a personal computer. Management aspects focus on understanding computer technology; systems analysis and design; and control of information processing by managers. Prerequisite(s): IDS 1015; and IDS 1010 or equivalent may be taken as a prerequisite or corequisite."
"90492","1020","IDS","311","Wilf","Principles of Business Analytics","3","Han; Shu","0","30","30","0","10","10","T||R}1330}1445}FURST}F305","SYBC","Sy Syms-UG Business Core","","","IDS1015;;IDS1010","","This course provides the background necessary to make decisions about computer-based information systems and to be an end-user. The course includes hands-on experience with personal computers and information systems management. Groups and individual computer assignments expose students to electronic spreadsheet analysis and database management on a personal computer. Management aspects focus on understanding computer technology; systems analysis and design; and control of information processing by managers. Prerequisite(s): IDS 1015; and IDS 1010 or equivalent may be taken as a prerequisite or corequisite. Section information text: Not Open to MYP Students"
"90500","1020","IDS","361","Wilf","Principles of Business Analytics","3","Han; Shu","0","30","30","0","10","10","T||R}1845}2000}FURST}","SYBC","Sy Syms-UG Business Core","","","IDS1015;;IDS1010","","This course provides the background necessary to make decisions about computer-based information systems and to be an end-user. The course includes hands-on experience with personal computers and information systems management. Groups and individual computer assignments expose students to electronic spreadsheet analysis and database management on a personal computer. Management aspects focus on understanding computer technology; systems analysis and design; and control of information processing by managers. Prerequisite(s): IDS 1015; and IDS 1010 or equivalent may be taken as a prerequisite or corequisite."
"90428","1020","IDS","J","Beren","Principles of Business Analytics","3","Seidenstein; Marc","0","30","30","0","10","10","T||R}0900}1015}LEX215}LX208","SYBC","Sy Syms-UG Business Core","","","IDS1015;;IDS1010","","This course provides the background necessary to make decisions about computer-based information systems and to be an end-user. The course includes hands-on experience with personal computers and information systems management. Groups and individual computer assignments expose students to electronic spreadsheet analysis and database management on a personal computer. Management aspects focus on understanding computer technology; systems analysis and design; and control of information processing by managers. Prerequisite(s): IDS 1015; and IDS 1010 or equivalent may be taken as a prerequisite or corequisite."
"90600","1131","IDS","311","Wilf","Statistics for Business","3","Rao; Liteshwar","0","20","20","0","0","0","T||R}1300}1415}FURST}F217","KZAS||SYBC","Katz AS Program||Sy Syms-UG Business Core","IDS1010","","","","This course includes modern statistical methods as a basis for decision making. Topics include fundamentals of probability; discrete and continuous distributions; descriptive statistics; and inferential statistics. Credit is not given for STA 1021. Prerequisite(s): IDS 1010. Section information text: Only open to Katz Associates Program students."
"90518","1131","IDS","332","Wilf","Statistics for Business","3","Kovtun; Vladimir","0","30","30","0","10","10","T||R}1500}1615}BELFHL}B209","SYBC","Sy Syms-UG Business Core","IDS1010","","","","This course includes modern statistical methods as a basis for decision making. Topics include fundamentals of probability; discrete and continuous distributions; descriptive statistics; and inferential statistics. Credit is not given for STA 1021. Prerequisite(s): IDS 1010."
"90863","1131","IDS","341","Wilf","Statistics for Business","3","Kovtun; Vladimir","0","30","30","0","10","10","T||R}1630}1745}FURST}","SYBC","Sy Syms-UG Business Core","IDS1010","","","","This course includes modern statistical methods as a basis for decision making. Topics include fundamentals of probability; discrete and continuous distributions; descriptive statistics; and inferential statistics. Credit is not given for STA 1021. Prerequisite(s): IDS 1010."
"90534","1131","IDS","361","Wilf","Statistics for Business","3","Kovtun; Vladimir","0","30","30","0","10","10","T||R}1845}2000}BELFHL}B209","SYBC","Sy Syms-UG Business Core","IDS1010","","","","This course includes modern statistical methods as a basis for decision making. Topics include fundamentals of probability; discrete and continuous distributions; descriptive statistics; and inferential statistics. Credit is not given for STA 1021. Prerequisite(s): IDS 1010."
"90473","1131","IDS","A","Beren","Statistics for Business","3","Staff","0","30","30","0","10","10","M||W}0900}1015}LEX215}LX313","SYBC","Sy Syms-UG Business Core","IDS1010","","","","This course includes modern statistical methods as a basis for decision making. Topics include fundamentals of probability; discrete and continuous distributions; descriptive statistics; and inferential statistics. Credit is not given for STA 1021. Prerequisite(s): IDS 1010."
"93195","1556","IDS","231","Wilf","Regression Analysis and Visualization","3","Rao; Liteshwar","0","20","20","0","0","0","M||W}1600}1715}FURST}","","","IDS1131|IDS1010","","","","This course will provide an overview of simple linear regression; multiple regression; and logistic regression. The material is focused on examples relevant to business applications. Students also learn how to generate effective visualizations. Prerequisite(s): IDS 1131 and IDS 1010 or equivalent."
"90545","1556","IDS","331","Wilf","Regression Analysis and Visualization","3","Kocaga; Yasar Levent","0","30","30","0","10","10","T||R}1500}1615}BELFHL}B817","SYBC","Sy Syms-UG Business Core","IDS1131|IDS1010","","","","This course will provide an overview of simple linear regression; multiple regression; and logistic regression. The material is focused on examples relevant to business applications. Students also learn how to generate effective visualizations. Prerequisite(s): IDS 1131 and IDS 1010 or equivalent."
"90555","1556","IDS","341","Wilf","Regression Analysis and Visualization","3","Kocaga; Yasar Levent","0","30","30","0","10","10","T||R}1630}1745}BELFHL}B817","SYBC","Sy Syms-UG Business Core","IDS1131|IDS1010","","","","This course will provide an overview of simple linear regression; multiple regression; and logistic regression. The material is focused on examples relevant to business applications. Students also learn how to generate effective visualizations. Prerequisite(s): IDS 1131 and IDS 1010 or equivalent."
"90546","1556","IDS","361","Wilf","Regression Analysis and Visualization","3","Staff","0","30","30","0","10","10","T||R}1845}2000}BELFHL}","SYBC","Sy Syms-UG Business Core","IDS1131|IDS1010","","","","This course will provide an overview of simple linear regression; multiple regression; and logistic regression. The material is focused on examples relevant to business applications. Students also learn how to generate effective visualizations. Prerequisite(s): IDS 1131 and IDS 1010 or equivalent."
"90459","1556","IDS","M","Beren","Regression Analysis and Visualization","3","Yoo; Chang","0","30","30","0","10","10","T||R}1335}1450}SCW}","SYBC","Sy Syms-UG Business Core","IDS1131|IDS1010","","","","This course will provide an overview of simple linear regression; multiple regression; and logistic regression. The material is focused on examples relevant to business applications. Students also learn how to generate effective visualizations. Prerequisite(s): IDS 1131 and IDS 1010 or equivalent."
"90593","2030","IDS","231","Wilf","Business Analytics and Programming ","3","Rosenthal; Yitzchak S.","0","30","30","0","10","10","M||W}1500}1615}FURST}F316","","","","","IDS1020|IDS1131","","Today; more than ever; businesses must learn to leverage their data as a strategic resource. This course introduces the tools and techniques used by data scientists; marketers and analysts to understand; manipulate and present the data that is the lifeblood of enterprises today. Students will learn modern techniques related to data manipulation; storage; retrieval and computer programming. Prerequisite(s): IDS 1020 and IDS 1131 may be taken as prerequisites or corequisites."
"90502","2030","IDS","241","Wilf","Business Analytics and Programming ","3","Rosenthal; Yitzchak S.","0","30","30","0","10","10","M||W}1630}1745}FURST}F316","","","","","IDS1020|IDS1131","","Today; more than ever; businesses must learn to leverage their data as a strategic resource. This course introduces the tools and techniques used by data scientists; marketers and analysts to understand; manipulate and present the data that is the lifeblood of enterprises today. Students will learn modern techniques related to data manipulation; storage; retrieval and computer programming. Prerequisite(s): IDS 1020 and IDS 1131 may be taken as prerequisites or corequisites."
"90434","2030","IDS","C","Beren","Business Analytics and Programming ","3","Rosenthal; Yitzchak S.","0","30","30","0","5","5","M||W}1155}1310}LEX215}","","","","","IDS1020|IDS1131","","Today; more than ever; businesses must learn to leverage their data as a strategic resource. This course introduces the tools and techniques used by data scientists; marketers and analysts to understand; manipulate and present the data that is the lifeblood of enterprises today. Students will learn modern techniques related to data manipulation; storage; retrieval and computer programming. Prerequisite(s): IDS 1020 and IDS 1131 may be taken as prerequisites or corequisites."
"90504","2160","IDS","261","Wilf","Decision Models","3","Riccio; Lucius Joseph","0","30","30","0","10","10","M}1830}2100}BELFHL}B209","","","","","FIN1001|IDS1020;;IDS1556|INF2160","","This course introduces the basic principles and techniques of applied mathematical modeling via spreadsheets for managerial decision making. Students learn to use some of the more important analytic methods focusing on spreadsheet modeling. Students learn to develop models that can be used to improve decision making within an organization; sharpen their ability to structure problems and to perform logical analyses; translate descriptions of decision problems into formal models and investigate those models in an organized fashion; identify settings in which models can be used effectively and apply modeling concepts in practical situations. The course emphasizes model formulation and interpretation of results and is aimed at undergraduate students with little prior exposure to modeling and quantitative analysis; but it is appropriate for all students who wish to strengthen their spreadsheet and quantitative skills. The emphasis is on models that are widely used in diverse industries and functional areas; including finance; operations; and marketing. Prerequisite(s): FIN 1001 and IDS 1020; and IDS 1556 may be taken as a prerequisite or corequisite. Previously offered as INF 2160."
"93245","2160","IDS","A","Beren","Decision Models","3","Riccio; Lucius Joseph","0","30","30","0","5","5","M||W}0900}1015}TBA}","","","","","FIN1001|IDS1020;;IDS1556|INF2160","","This course introduces the basic principles and techniques of applied mathematical modeling via spreadsheets for managerial decision making. Students learn to use some of the more important analytic methods focusing on spreadsheet modeling. Students learn to develop models that can be used to improve decision making within an organization; sharpen their ability to structure problems and to perform logical analyses; translate descriptions of decision problems into formal models and investigate those models in an organized fashion; identify settings in which models can be used effectively and apply modeling concepts in practical situations. The course emphasizes model formulation and interpretation of results and is aimed at undergraduate students with little prior exposure to modeling and quantitative analysis; but it is appropriate for all students who wish to strengthen their spreadsheet and quantitative skills. The emphasis is on models that are widely used in diverse industries and functional areas; including finance; operations; and marketing. Prerequisite(s): FIN 1001 and IDS 1020; and IDS 1556 may be taken as a prerequisite or corequisite. Previously offered as INF 2160."
"90514","3000","IDS","241","Wilf","Business Intelligence Capstone","3","Giloni; Avi H.","0","30","30","0","10","10","M||W}1630}1745}FURST}F209","","","IDS2460|IDS2550","","","","This capstone course focuses on the integration of various methods and technologies a data scientist and a marketing analyst encounters. Students are required to complete a project simulating a real world data science environment. Specifically; students need to query databases; organize data; apply appropriate statistical models; utilize various software packages; and finally present their findings within a marketing context. Many of these steps will require computer programming. Prerequisite(s): IDS 2460 and IDS 2550; and foundation courses. This is a required Capstone course for Seniors graduating in the upcoming three semesters."
"90442","3000","IDS","B","Beren","Business Intelligence Capstone","3","Giloni; Avi H.","0","30","30","0","5","5","M||W}1025}1140}SCW}","","","IDS2460|IDS2550","","","","This capstone course focuses on the integration of various methods and technologies a data scientist and a marketing analyst encounters. Students are required to complete a project simulating a real world data science environment. Specifically; students need to query databases; organize data; apply appropriate statistical models; utilize various software packages; and finally present their findings within a marketing context. Many of these steps will require computer programming. Prerequisite(s): IDS 2460 and IDS 2550; and foundation courses. This is a required Capstone course for Seniors graduating in the upcoming three semesters."
"90599","1210","INDS","231","Wilf","College Experience","3","Kokkinos; Jerry","0","20","20","0","0","0","M||W}1600}1715}BELFHL}","KZAS","Katz AS Program","","","","","In this course; students develop a deep understanding of the centrality and leadership role that New York City; home to immigrants and native born internationals; plays in global commerce; international policy; technology innovations; and current events. This first semester experience integrates and expands upon topics covered in three of the required first semester courses in the AS in Management: Introduction to Business; Business Algebra; and First Year Writing. Section information text: Only open to Katz Associates Program Students."
"90612","1250","INDS","A","Beren","College Seminar","3","OMalley; John","0","20","20","0","0","0","M||W}0900}1015}LEX215}","KZAS","Katz AS Program","","","","","This course is designed to promote academic self-efficacy among first-year college students. Through research and reflection; students will assess their physical and social context; their individual strengths and motivations; as well as challenges that may prevent them from realizing academic and other aspirations. They will practice study skills; goal setting; research techniques; interviewing strategies; information literacy; writing; and presentation skills. They will develop their academic identities; learn to navigate college structures and campus resources; and engage with the wider New York City environment. Section information text: Only open to Katz Associates Program students."
"90605","2660","INDS","511","Wilf","Praxis and Reflection","1","Cuate; Deisi","0","20","20","0","0","0","R}1300}1415}FURST}F313","KZAS","Katz AS Program","","","","3 College Experience credits. Section information text: Only open to Katz Associates Program Students","Challenges students to reflect on; reimagine; and ready themselves as emerging college students; community members; and professionals. Through research; planning; and multimodal; autobiographical writing; students reflect on their academic and professional development- both successes and challenges- in order to clarify strengths; weaknesses; goals; and future plans. The self-reflective nature of this experience asks students to identify and engage with specific artifacts; institutions; and individuals that have influenced their growth. The course also asks students to consider how Judaism and Jewish culture have influenced their academic; personal and professional goals and identities. Prerequisite: 3 College Experience credits. Section information text: Only open to Katz Associates Program Students."
"91615","2319","JEDU","R","Beren","Teaching Jewish Studies","3","Rabinovich; Deena Sara","0","20","20","0","10","10","F}0800}1100}SCW}1015::R}0830}1015}SCW}1015","","","","","","","This class is taken in the fall of the junior year and includes 2 hours fieldwork and 2 hours of seminar/week. Students are responsible for their own transportation."
"93257","1200","JHI","241","Wilf","Classical Jewish History","2","Fine; Steven","0","25","25","0","5","5","M||W}1630}1745}TBA}","SYHM","Sy Syms-UG Humanities Req","","","","","History of the Jews from the beginning of the Second Temple period until the end of the Talmudic period. (300 B.C.E. to 500 C.E.)"
"90701","1400","JHI","341","Wilf","Modern Jewish History","3","Karlip; Moshe Yosef","0","35","35","0","5","5","T||R}1630}1745}FURST}F306","JMOD||SYHM","Modern Jewish Studies||Sy Syms-UG Humanities Req","","","","","This course is a survey of the history of the Jews and Judaism in the modern age; from 1650 to the present. The course will examine the very different ways in which Jews reacted to modernity in Western; Central and Eastern Europe; the Ottoman Empire; America; and Israel."
"93122","2430","JHI","331","Wilf","Drashot as a Source of Eastern European Jewry","2","Karlip; Moshe Yosef","0","25","25","0","5","5","T||R}1500}1615}TBA}","","","","","","","The history of East European Jewry through an analysis of the drashot of such leading rabbis and magidim as the Kli Yakar; the Dubner Magid; the Magid of Mezritsh; the Kelemer Magid; R. Yits?ak Nissenbaum; and the Esh Kodesh. Previously offered as JTP 1450. Crosslisted with HIS 2430."
"90804","4930","JHI","231","Wilf","Topics: History of the Medieval Hebrew Book","3","Taubes; Jacob Samuel","0","25","25","0","5","5","M||W}1500}1615}GLUECK}","JMED||SYHM","Medieval Jewish Studies||Sy Syms-UG Humanities Req","","","","","Section information text: The association between Jews and books is an ancient one. Even before the Quran referred to Jews as the People of the Book; Jews has been categorized by the reverence with which which they hold their books. But how and what did Jews study? In the ancient period; the Bible was considered sacred text and rabbinic texts like the early midrash; Mishna and Talmud were part of the Jewish canon. But it was in the medieval period that Jewish book writing came into its own. Beginning with the Geonim of Babylonia; Jewish scholars produced a impressive numbers of works devoted to various topics. This course will examine how the different genres of Jewish books developed including; Talmud; law; Biblical exegesis and philosophy. Specific focus will be given to the form of the Jewish book; the way which books looked and how what are known as paratexts; book parts like the author attribution; introduction; tables of contents as well as organization styles developed."
"93175","4930","JHI","241","Wilf","Topics: Languages of the Jewish Diaspora","3","Adler; Ari","0","25","25","0","5","5","M||W}1630}1745}TBA}","JMED","Medieval Jewish Studies","","","","","Section information text: This course is a historical survey of the Jewish languages (or Judeo-languages) that have emerged throughout the history of the Jewish diaspora; and their uses; status; and levels of recognition; especially in comparison with Hebrew and with local languages. Students will look at both primary and secondary texts discussing the languages; as well as some primary texts in translation. Languages that will be discussed include Jewish dialects of Aramaic; Judeo-Arabic; Judeo-Spanish (Ladino); Yiddish; and a number of less well-known Jewish languages. Students will also learn and think about current Jewish dialects of English; including 'Yinglish' and 'Yeshivish.' The course will also introduce concepts in contact linguistics and sociolinguistics."
"93123","4930","JHI","331","Wilf","Topics: History of Codification","3","Taubes; Jacob Samuel","0","30","30","0","5","5","T||R}1500}1615}TBA}","JMED","Medieval Jewish Studies","","","","","No course description is available."
"93331","4930","JHI","332","Wilf","Topics: Kabbalah: Concepts and History","3","Staff","0","30","30","0","5","5","T||R}1500}1615}TBA}","JMED","Medieval Jewish Studies","","","","","No course description is available."
"93332","4930","JHI","341","Wilf","Topics: Jewish Messianic Movements in the Early Modern Period","3","Staff","0","30","30","0","5","5","T||R}1630}1745}TBA}","JMED","Medieval Jewish Studies","","","","","No course description is available."
"91635","1150","JHIS","J","Beren","History of Jerusalem","3","Katz; Jill C.","0","20","20","0","10","10","T||R}0900}1015}LEX215}LX209","JS7","Beren JS - Fundamentals","","","","","This course surveys the religious; political; and cultural history of Jerusalem over three millennia."
"91609","1201","JHIS","L","Beren","Classical Jewish History","2","Hidary; Richard J.","0","30","30","0","3","3","T||R}1150}1305}SCW}401","JS7","Beren JS - Fundamentals","","","","","History of the Jews from the Second Commonwealth through the Talmudic period (586 BCE to 500 CE). Section information text: Second Temple Era"
"91673","1301","JHIS","B","Beren","Medieval Jewish History","2","Weiss; Moriah","0","30","30","0","10","10","M||W}1025}1140}SCW}102","JS7","Beren JS - Fundamentals","","","","","The Jewish people from the Gaonic period (500 CE) to the Expulsion from Spain (1500)."
"93236","1335","JHIS","L","Beren","The Jews of Medieval Spain","3","Perelis; Ronnie","0","20","20","0","10","10","T||R}1150}1305}TBA}","JS7","Beren JS - Fundamentals","","","","","The Jews in Christian and Moslem Spain; the Golden Age; the Expulsion."
"91728","2232","JHIS","C","Beren","History of the Jews of New York","3","Gurock; Jeffrey S.","0","10","10","0","10","10","M||W}1155}1310}SCW}406","JS7","Beren JS - Fundamentals","","","","","Explores the history of the Jews of New York from their arrival in the 17th century through the late 19th century - the period in which New York became home to the world's largest Jewish community - to the post-World War II suburban exodos. It concludes by examining the decline and revival of Jewish neighborhoods in New York today. Crosslisted with HIST 2232."
"93340","4930","JHIS","D1D","Beren","Topics: OMG; Angels!: A Study of Biblical References to Angels","2","Staff","0","20","20","0","0","0","M||W}1325}1440}TBA}","","","","","","","Selected topics in Jewish history. May be repeated if topic is different."
"93237","4930","JHIS","K","Beren","Topics: Agunot bet. Hist &amp; Halakha","2","Karlip; Moshe Yosef","0","20","20","0","10","10","T||R}1025}1140}TBA}","JS6","Beren JS - Advanced","","","","","Selected topics in Jewish history. May be repeated if topic is different."
"91892","4930","JHIS","K1","Beren","Topics: Post Shoah Antisemitism","2","Mogyoros; Monique","0","30","30","0","10","10","T||R}1025}1140}TBA}","JS7","Beren JS - Fundamentals","","","","","Selected topics in Jewish history. May be repeated if topic is different."
"93239","4930","JHIS","M","Beren","Topics: Jewish Travelers","2","Perelis; Ronnie","0","10","10","0","10","10","T||R}1335}1450}TBA}","HONR||JS7","Honors Course||Beren JS - Fundamentals","","","","","Selected topics in Jewish history. May be repeated if topic is different. Section information text: Wanderers; Exiles and Merchants: Jewish Travel Writing"
"93238","4930","JHIS","N","Beren","Topics: History of Jews of Italy","2","Staff","0","30","30","0","10","10","T||R}1500}1615}TBA}","JS7","Beren JS - Fundamentals","","","","","Selected topics in Jewish history. May be repeated if topic is different."
"91864","4931","JHIS","E","Beren","Topics: Islam and the Jews","2","Levy-haim; Miriam","0","25","25","0","3","3","M}1510}1625}SCW}401::W}1535}1650}SCW}401","JS7","Beren JS - Fundamentals","","","","","Selected topics in Jewish history. May be repeated if topic is different."
"93240","4931","JHIS","L","Beren","Topics: Josephus&#39; The Jewish War","2","Soloveichik; Meir Yakov","0","20","20","0","10","10","T||R}1150}1305}TBA}","HONR||STRS","Honors Course||Straus Center","","","","","Selected topics in Jewish history. May be repeated if topic is different."
"91982","1119","JPHI","L","Beren","Concepts in Jewish Thought","2","Hajioff; Lawrence Moshiach","0","30","30","0","10","10","T||R}1150}1305}SCW}418","JS3||JS7","Beren JS - Intermediate||Beren JS - Fundamentals","","","","","Not available to student who took JUDS 1350. Section information text: Not available to students who took JUDS 1350"
"91995","1204","JPHI","F","Beren","Jewish Ethics","3","Shatz; David C.","0","20","20","0","3","3","M}1640}1755}LEX215}LX719::W}1700}1815}LEX215}LX719","HONR||JS6||JS7","Honors Course||Beren JS - Advanced||Beren JS - Fundamentals","","","","","The moral philosophy of Judaism; individual and social problems in light of Jewish ethical norms and values; readings from selected texts; both medieval and modern."
"91996","1613","JPHI","Q","Beren","Medieval Jewish Philosophy","2","Rosensweig; Meir Itamar","0","25","25","0","3","3","T||R}1755}1910}SCW}101","HONR||JS6||JS7||STRS","Honors Course||Beren JS - Advanced||Beren JS - Fundamentals||Straus Center","","","","","Selected topics and readings from Albo; Bahya; Crescas; Yehudah HaLevi; Maimonides; Saadiah; and relevant background study (NeoPlatonism; Kalam; Aristotelianism). Section information text: Philosophy of Nahmanides (Ramban)"
"91999","1845","JPHI","G","Beren","Philosophy of Rav Soloveitchik","3","Schimmel; Ilan S.","0","30","30","0","10","10","M}1805}1920}SCW}102::W}1820}1935}SCW}102","JS3||JS7","Beren JS - Intermediate||Beren JS - Fundamentals","","","","","Readings in Rabbi J. B. Soloveitchik's writings. The lecture supplies background material and contrast in general and Jewish philosophical reflection."
"91741","1905","JPHI","J","Beren","Philosophy of Prayer","2","Laufer; Charles Kalman","0","30","30","0","10","10","T||R}0900}1015}SCW}718","HONR||JS6||JS7","Honors Course||Beren JS - Advanced||Beren JS - Fundamentals","","","","","Analysis of the philosophy of prayer and of the Jewish prayer book."
"93320","4930","JPHI","A","Beren","Topics in Jewish Philosophy: Intro to Jewish Mysticism","2","Staff","0","30","30","0","10","10","M||W}0900}1015}TBA}","JS5||JS7","Beren JS - Upper-Inter-Adv||Beren JS - Fundamentals","","","","","Analytical study of special topics; issues; and movements in Jewish philosophy. May be repeated if topic is different."
"93321","4930","JPHI","B","Beren","Topics in Jewish Philosophy: Animals in Jewish Thought","2","Staff","0","30","30","0","10","10","M||W}1025}1140}TBA}","JS5||JS7","Beren JS - Upper-Inter-Adv||Beren JS - Fundamentals","","","","","Analytical study of special topics; issues; and movements in Jewish philosophy. May be repeated if topic is different."
"93324","4930","JPHI","F","Beren","Topics in Jewish Philosophy: Philosophy &amp; Tanach","2","Schimmel; Ilan S.","0","30","30","0","10","10","M}1640}1755}TBA}::W}1700}1815}TBA}","JS3||JS7","Beren JS - Intermediate||Beren JS - Fundamentals","","","","","Analytical study of special topics; issues; and movements in Jewish philosophy. May be repeated if topic is different."
"93322","4930","JPHI","N","Beren","Topics in Jewish Philosophy: Weekly Thought-Shem Mishmuel","2","Reichman; Zevi","0","30","30","0","10","10","T||R}1500}1615}TBA}","JS3||JS7","Beren JS - Intermediate||Beren JS - Fundamentals","","","","","Analytical study of special topics; issues; and movements in Jewish philosophy. May be repeated if topic is different. Section information text: The Weekly Thoughts of the Shem Mishmuel: Spirituality for Times of Upheaval"
"93323","4930","JPHI","P","Beren","Topics in Jewish Philosophy: American Chassidut","2","Reichman; Zevi","0","30","30","0","10","10","T||R}1630}1745}TBA}","JS3||JS7","Beren JS - Intermediate||Beren JS - Fundamentals","","","","","Analytical study of special topics; issues; and movements in Jewish philosophy. May be repeated if topic is different. Section information text: American Chassidut: The Torah and Insights of Rav Moshe Wolfson"
"93325","4931","JPHI","L","Beren","Topics in Jewish Philosophy: Modern Messianism","2","Lerner; Dov","0","30","30","0","10","10","T||R}1150}1305}TBA}","HONR||JS6||JS7||STRS","Honors Course||Beren JS - Advanced||Beren JS - Fundamentals||Straus Center","","","","","Analytical study of special topics; issues; and movements in Jewish philosophy. May be repeated if topic is different."
"93333","4932","JPHI","A","Beren","Topics in Jewish Philosophy: Living with Faith","2","Fine; Azriel Moshe","0","30","30","0","10","10","M||W}0900}1015}TBA}","JS3||JS7","Beren JS - Intermediate||Beren JS - Fundamentals","","","","","Analytical study of special topics; issues; and movements in Jewish philosophy. Ideas of emunah and application for life. May be repeated if topic is different."
"93131","1270","JST","461","Wilf","Family and Gender in the Talmud","2","Bergmann; Ari","0","15","15","0","5","5","W}1845}2125}TBA}","HONR","Honors Course","","","","","This course will explore the view of the Talmud towards gender and family. We will examine passages dealing with role of women; marriage; and familial obligations; as well as sugyot dealing with gender ambiguity and the various categories of gender."
"93132","1214","JTP","231","Wilf","Suffering and Evil","3","Carmy; Shalom","0","20","20","0","5","5","M||W}1500}1615}TBA}","HONR","Honors Course","","","","","No course description is available."
"93133","1310","JTP","311","Wilf","Philosophy of Aggadah","2","Zami; Miriam","0","25","25","0","5","5","T}1305}1445}TBA}","","","","","","","This course will examine aggadot through the lens of the critical schools and the various traditional schools throughout the ages. We will start with a definition of aggadah moving on to analyzing narratives and the various schools; interpretations; and methods."
"93272","4930","JTP","231","Wilf","Top: Dogma in Jewish Thought","2","Weiss; Shira","0","25","25","0","5","5","M||W}1500}1615}TBA}","SYHM","Sy Syms-UG Humanities Req","","","","","No course description is available."
"93273","4930","JTP","241","Wilf","Top: Medieval Jewish Philosoph","2","Weiss; Shira","0","25","25","0","5","5","M||W}1630}1745}TBA}","SYHM","Sy Syms-UG Humanities Req","","","","","No course description is available."
"93135","4930","JTP","331","Wilf","Topics: Repentance and Forgiveness","2","Friedman; Elisha","0","25","25","0","5","5","T||R}1500}1615}TBA}","","","","","","","No course description is available."
"93137","4930","JTP","511","Wilf","Topics: Freedom and Authority in Jewish and Western Thought","2","Mermelstein; Ari","0","25","25","0","5","5","R}1305}1445}TBA}","CUOT","YC-CUOT Requirement","","","","","Section information text: This course is part of an exciting new program being piloted in Fall 2026 that focuses on Great Works in the Western Tradition. These Great Works courses explore what makes a piece of art or writing &ldquo;great;&rdquo; and why we return to them generation after generation. A Jewish Studies Great Works course does more than apply a general Great Works model to Jewish materials. It approaches Jewish texts as major contributions to enduring debates that have often been framed through more familiar Western sources. By juxtaposing great works from other traditions with Jewish texts; students learn both that Jewish sources can be illuminated by questions made more explicit elsewhere and that the Jewish tradition makes meaningful contributions to those same conversations. In this way; a Jewish Studies Great Works course advances the University&rsquo;s ideal of Torah u-Madda by training students to read Jewish texts as part of broader humanistic inquiry."
"90577","2613","JUD","311","Wilf","The Ravs Values in Practice","2","Wiederblank; Nathaniel J.","0","30","30","0","10","10","T}1305}1445}FURST}F209","SYJV","Sy Syms-Jewish Values","","","","","The mission of the Sy Syms School of Business is to develop Torah-grounded professionals who excel in the workplace and in the community. As part of this vision; the Jewish Values courses prepare students for their futures as religious Jews in their workplaces and communities; by deepening and broadening their knowledge of; and inspiring stronger commitment to; their Jewish values. This course seeks to do that through studying selections of Rabbi Soloveitchik's writings. By carefully reading selections of the Ravs writings we hope to explore how the Ravs teachings inform and impact nearly all aspects of our personal; professional; familial; and communal lives."
"93235","2613","JUD","511","Wilf","The Rav&#39;s Values in Practice: Workplace Applications","2","Diamond; Ariel","0","30","30","0","10","10","R}1305}1445}TBA}","SYJV","Sy Syms-Jewish Values","","","","","The mission of the Sy Syms School of Business is to develop Torah-grounded professionals who excel in the workplace and in the community. As part of this vision; the Jewish Values courses prepare students for their futures as religious Jews in their workplaces and communities; by deepening and broadening their knowledge of; and inspiring stronger commitment to; their Jewish values. This course seeks to do that through studying selections of Rabbi Soloveitchik's writings. By carefully reading selections of the Ravs writings we hope to explore how the Ravs teachings inform and impact nearly all aspects of our personal; professional; familial; and communal lives."
"90542","2614","JUD","311","Wilf","Designing Your Jewish Life","2","Bane; Moishe","0","30","30","0","10","10","T}1305}1445}FURST}F206","","","","","","","This course introduces students to challenges and opportunities they will face regarding work/life balance; religion at work; choice of occupation; fiscal responsibility; healthy use of social media; business risks; community; and the pursuit of a meaningful career. Jewish Studies requirement for Sy Syms students ONLY fulfills JUD 2610 requirement"
"90630","2614","JUD","361","Wilf","Designing Your Jewish Life","2","Bane; Moishe","0","30","30","0","10","10","T}1815}1955}FURST}F204","","","","","","","This course introduces students to challenges and opportunities they will face regarding work/life balance; religion at work; choice of occupation; fiscal responsibility; healthy use of social media; business risks; community; and the pursuit of a meaningful career. Jewish Studies requirement for Sy Syms students ONLY fulfills JUD 2610 requirement"
"90576","2620","JUD","311","Wilf","Jewish Business Law","2","Rapp; Dani","0","30","30","0","10","10","T}1305}1445}FURST}F212","","","","","","","This course explores application of Jewish civil law in the contemporary commercial marketplace; including: (1) interaction between Jewish law; secular law and commercial custom (2) contemporary beit din procedure and jurisprudence (3) substantive principles of Jewish law in the contemporary marketplace. Jewish Studies requirement for Sy Syms students ONLY"
"90524","2620","JUD","461","Wilf","Jewish Business Law","2","Zylberman; Michoel","0","30","30","0","10","10","W}1815}1955}GLUECK}G418","","","","","","","This course explores application of Jewish civil law in the contemporary commercial marketplace; including: (1) interaction between Jewish law; secular law and commercial custom (2) contemporary beit din procedure and jurisprudence (3) substantive principles of Jewish law in the contemporary marketplace. Jewish Studies requirement for Sy Syms students ONLY"
"90575","2620","JUD","561","Wilf","Jewish Business Law","2","Rapp; Dani","0","30","30","0","10","10","R}1815}1955}FURST}F212","SYJV","Sy Syms-Jewish Values","","","","","This course explores application of Jewish civil law in the contemporary commercial marketplace; including: (1) interaction between Jewish law; secular law and commercial custom (2) contemporary beit din procedure and jurisprudence (3) substantive principles of Jewish law in the contemporary marketplace. Jewish Studies requirement for Sy Syms students ONLY"
"90532","2630","JUD","311","Wilf","Jewish Public Policy","2","Feldman; Daniel","0","30","30","0","10","10","T}1305}1445}GLUECK}G419","","","","","","","This course examines the intersection of Judaism and public policy in three ways: (1) Jewish approach to public policy issues; (2) how public policy affects the Jewish community; (3) internal application of public policy to Jewish community institutions and organizations. Jewish Studies requirement for Sy Syms students ONLY"
"90525","2630","JUD","361","Wilf","Jewish Public Policy","2","Bashevkin; Dovid","0","30","30","0","10","10","T}1815}1955}GLUECK}G517","","","","","","","This course examines the intersection of Judaism and public policy in three ways: (1) Jewish approach to public policy issues; (2) how public policy affects the Jewish community; (3) internal application of public policy to Jewish community institutions and organizations. Jewish Studies requirement for Sy Syms students ONLY"
"93363","2630","JUD","511","Wilf","Jewish Public Policy","2","Bashevkin; Dovid","0","30","30","0","10","10","R}1305}1445}TBA}","","","","","","","This course examines the intersection of Judaism and public policy in three ways: (1) Jewish approach to public policy issues; (2) how public policy affects the Jewish community; (3) internal application of public policy to Jewish community institutions and organizations. Jewish Studies requirement for Sy Syms students ONLY"
"90526","2640","JUD","241","Wilf","Practical Workplace Halachah","2","Taubes; Michael","0","30","30","0","10","10","M}1630}1810}GLUECK}G416","","","","","","","This course will deal with issues like: business meetings in non-kosher restaurants; shaking hands with the opposite gender; social gatherings and holiday parties; personal use of office supplies; yichud; setting aside time to learn; minchah during the workday; etc. Jewish Studies requirement for Sy Syms students ONLY"
"90567","2640","JUD","313","Wilf","Practical Workplace Halachah","2","Halpert; Yehuda Yitzchak","0","30","30","0","10","10","T}1305}1445}BELFHL}B203","","","","","","","This course will deal with issues like: business meetings in non-kosher restaurants; shaking hands with the opposite gender; social gatherings and holiday parties; personal use of office supplies; yichud; setting aside time to learn; minchah during the workday; etc. Jewish Studies requirement for Sy Syms students ONLY"
"90529","2640","JUD","511","Wilf","Practical Workplace Halachah","2","Rapp; Dani","0","30","30","0","10","10","R}1305}1445}GLUECK}G518","","","","","","","This course will deal with issues like: business meetings in non-kosher restaurants; shaking hands with the opposite gender; social gatherings and holiday parties; personal use of office supplies; yichud; setting aside time to learn; minchah during the workday; etc. Jewish Studies requirement for Sy Syms students ONLY"
"92001","1001","JUDS","M","Beren","Introduction to Judaism","2","Hajioff; Lawrence Moshiach","0","30","30","0","10","10","T||R}1335}1450}SCW}418","JS1||JS7","Beren JS - Elementary||Beren JS - Fundamentals","","","","","Basic Jewish concepts; analysis of the fundamental principles of Jewish legal history and thought. By assignment only. Section information text: By assignment only"
"93334","1001T","JUDS","TBD","Beren","Introduction to Judaism I &ndash; Recitation","0","Staff","0","0","0","0","0","0","}N/A}N/A}TBA}","","","","JUDS1001","","","Corequisite(s): JUDS 1001."
"93282","1210","JUDS","B","Beren","Topics in Jewish Liturgy","2","Berman; Saul J.","0","30","30","0","10","10","M||W}1025}1140}TBA}","JS4||JS7","Beren JS - Inter-Upper-Inter||Beren JS - Fundamentals","","","","","History; order; and structure of the prayer book."
"91738","1404","JUDS","D1","Beren","Basic Jewish Concepts: Shabbat","2","Goldberg; Zev","0","30","30","0","10","10","M||W}1325}1440}SCW}401","JS2||JS7","Beren JS - Lower intermediate||Beren JS - Fundamentals","","","","","Introduction to Shabbat. Section information text: By assignment only"
"91735","1431","JUDS","J","Beren","Kashrut","2","Fine; Azriel Moshe","0","30","30","0","10","10","T||R}0900}1015}TBA}","JS2||JS7","Beren JS - Lower intermediate||Beren JS - Fundamentals","","","","","Kashrut. Section information text: By assignment only"
"91692","1439","JUDS","C","Beren","Jewish Laws: Family Law I","2","Feder; Hindy","0","30","30","0","10","10","M||W}1155}1310}SCW}501","JS3||JS7","Beren JS - Intermediate||Beren JS - Fundamentals","","","","","Laws of Marriage; children; birth control; hair covering and more."
"92003","1443","JUDS","K","Beren","Jewish Laws and Cust: Family Law","2","Price; Nechama Esther","0","30","30","0","10","10","T||R}1025}1140}SCW}601","JS6||JS7","Beren JS - Advanced||Beren JS - Fundamentals","","","","","Home and family I (Hilkhot Niddah I); Jewish family purity sources. Previously offered as BIBL 2121; 2122; 2123; 2125; 2126. Section information text: How to Become a Niddah; How to become Tehorah. May count toward Women's Studies minor."
"92004","1450","JUDS","M","Beren","Marriage in Halakhah I","2","Price; Nechama Esther","0","30","30","0","10","10","T||R}1335}1450}SCW}601","JS6||JS7","Beren JS - Advanced||Beren JS - Fundamentals","","","","","Laws and customs. Section information text: Marriage in Halacha. Pru Urvu; Mitzvah of Onah; Birth Control. May count toward Women's Studies minor."
"93335","1454","JUDS","BK","Beren","The Sabbath","2","Fine; Azriel Moshe","0","30","30","0","10","10","M||T||W||R}1025}1140}TBA}","JS3||JS7","Beren JS - Intermediate||Beren JS - Fundamentals","","","","","The Sabbath. Section information text: 39 Melachot. Beit Midrash."
"93283","1456","JUDS","B","Beren","The Sabbath","2","Willig; Mordechai H.","0","30","30","0","10","10","M||W}1025}1140}TBA}","JS6||JS7","Beren JS - Advanced||Beren JS - Fundamentals","","","","","The Sabbath. Section information text: 39 Melachos"
"93284","1458","JUDS","L","Beren","The Sabbath","2","Cohen; Aaron","0","30","30","0","10","10","T||R}1150}1305}TBA}","JS6||JS7","Beren JS - Advanced||Beren JS - Fundamentals","","","","","The Sabbath. Section information text: Tosefet Shabbat; Hadlakat Nerot"
"91770","1461","JUDS","K","Beren","Festivals I","2","Hajioff; Lawrence Moshiach","0","35","35","0","10","10","T||R}1025}1140}SCW}418","JS2||JS7","Beren JS - Lower intermediate||Beren JS - Fundamentals","","","","","Section information text: By assignment only"
"91797","1465","JUDS","J","Beren","The Festivals","2","Cohen; Aaron","0","30","30","0","10","10","T||R}0900}1015}SCW}101","JS6||JS7","Beren JS - Advanced||Beren JS - Fundamentals","","","","","Section information text: Overview of Halachot relating to the Rosh Hashana; Yom Kippur; Sukkot; Chanukah"
"92006","1474","JUDS","F","Beren","Sephardic Festivals I","2","Tessone; Moshe","0","30","30","0","10","10","M}1640}1755}SCW}401::W}1700}1815}SCW}401","JS3||JS7","Beren JS - Intermediate||Beren JS - Fundamentals","","","","","Sephardic Sabbath and Festival minhagim. Section information text: Focusing on Sephardic minhagim and halachot"
"93285","1478","JUDS","A","Beren","Communal Customs I","2","Teitelman; Lawrence","0","30","30","0","10","10","M||W}0900}1015}TBA}","JS3||JS7","Beren JS - Intermediate||Beren JS - Fundamentals","","","","","Explore; trace; analyze; and classify Minhagim (Jewish customs) pertaining to Friday-night prayers and rituals; festivals (Rosh Chodesh; Rosh Hashana; Yom Kippur and other fasts; Sukkot; and Chanuka); life-cycle events (birth through Bar/Bat Mitzvah); and the home (kashrut; health and hygiene). Understand authority of minhag; distinction from Halakha (Jewish law); and impact of both internal and external factors. Customs as a source of and resolution to conflict."
"91733","1485","JUDS","K","Beren","Daily Life: Brachot","2","Cohen; Aaron","0","30","30","0","10","10","T||R}1025}1140}SCW}401","JS6||JS7","Beren JS - Advanced||Beren JS - Fundamentals","","","","","Daily life in the home and synagogue: the laws and customs of Tefillin; Kriat haTorah B'Tzibbur; Berakhot Rishonot; Berakhot Aharonot. Section information text: General rules of Hilchot Berachot; Birkat Hamazon; Hamotzi & Mezonot"
"93341","1490","JUDS","P","Beren","Interpersonal Relationships","2","Feldman; Daniel","0","30","30","0","10","10","T||R}1630}1745}TBA}","JS6||JS7","Beren JS - Advanced||Beren JS - Fundamentals","","","","","Interpersonal relationships (such as ethics; charity; slander; revenge; usury). Section information text: Beit Midrash"
"93286","1511","JUDS","A","Beren","Development of Jewish Law","2","Berman; Saul J.","0","30","30","0","10","10","M||W}0900}1015}TBA}","JS6||JS7","Beren JS - Advanced||Beren JS - Fundamentals","","","","","The halakhic process and the formulation of halakhic literature: from biblical literature through the Mishnah and Talmud; codification and Responsa; survey of post-Talmudic literature."
"93287","1581","JUDS","B","Beren","Medical Ethics","2","Goldberg; Zev","0","30","30","0","10","10","M||W}1025}1140}TBA}","JS3||JS7","Beren JS - Intermediate||Beren JS - Fundamentals","","","","","This course is designed to provide students with an understanding of the varied approaches in the history and literature of Halakhah; using a case-based and text-centered approach; to selected issues in medical ethics and their contemporary application. Study will trace these issues from their earliest biblical and rabbinic sources through the Mishnah and Talmud; to medieval codification and commentary; and into modern responsa and legal writings. Topics may vary."
"92011","1582","JUDS","D2","Beren","Jewish Medical Ethics ","2","Berman; Saul J.","0","30","30","0","10","10","W}1325}1440}SCW}301::M}1340}1455}SCW}301","JS4||JS7","Beren JS - Inter-Upper-Inter||Beren JS - Fundamentals","","","","","This course is designed to provide students with an understanding of the varied approaches in the history and literature of Halakhah; using a case-based and text-centered approach; to issues in medical ethics related to the beginning of life and their contemporary application. Topics include abortion; contraception; artificial insemination; surrogate motherhood; ovum donation; and cloning. Study will trace these issues from their earliest biblical and rabbinic sources through the Mishnah and Talmud; to medieval codification and commentary; and into modern responsa and legal writings. Section information text: Abortion; Contraception; Fertility Issues"
"93288","1601","JUDS","EFW","Beren","Act and Emotion","2","Schacter; Jacob J.","0","30","30","0","10","10","W}1535}1735}TBA}","JS6||JS7","Beren JS - Advanced||Beren JS - Fundamentals","","","","","Judaism demands engagement with mitzvot at two levels: performing the act and being personally transformed by the experience. How do these two emphases interact with one another? We will focus on mitzvah observance in general with an emphasis on prayer and the holidays."
"92499","1603","JUDS","B","Beren","Women in Jewish Ritual","2","Teitelman; Lawrence","0","30","30","0","0","0","M||W}1025}1140}SCW}","JS3||JS7","Beren JS - Intermediate||Beren JS - Fundamentals","","","","","This course explores the evolving roles; participation; and leadership of women in Jewish ritual life. We examine classical sources from the Tanakh; Mishnah; Talmud; Rishonim; and Acharonim; alongside contemporary responsa; scholarship; and practice. Topics include women's participation in synagogue services; Torah reading; prayer leadership; life-cycle ceremonies; mitzvot traditionally associated with women; and developments in ritual innovation. The course will address variations across Jewish movements and communities; considering historical; sociological; and theological perspectives."
"93289","1825","JUDS","B","Beren","Pirkei Avot II","2","Weissman; Avital Nechama","0","30","30","0","10","10","M||W}1025}1140}TBA}","JS3||JS7","Beren JS - Intermediate||Beren JS - Fundamentals","","","","","No course description is available."
"93290","1839","JUDS","D1","Beren","Introduction to Talmud","2","Feder; Hindy","0","30","30","0","10","10","M||W}1325}1440}TBA}","JS4||JS7","Beren JS - Inter-Upper-Inter||Beren JS - Fundamentals","","","","","Introduction to Talmudic text and commentaries."
"92015","1845","JUDS","K","Beren","Advanced Talmud","0","Laufer; Charles Kalman","0","30","30","0","10","10","T||R}1025}1140}SCW}619","HONR||JS6||JS7","Honors Course||Beren JS - Advanced||Beren JS - Fundamentals","","","","","Selected Talmudic texts with medieval and modern commentaries; emphasis on methodology; beit midrash method of small-group study supplements lectures. May be taken three times for credit. Section information text: Beit Midrash"
"92020","1847","JUDS","AJ","Beren","Advanced Talmud","3","Nachbar; Duvie Noach","0","30","30","0","3","3","M||W}0830}1015}SCW}615::T||R}0830}1015}SCW}615","HONR||JS6||JS7","Honors Course||Beren JS - Advanced||Beren JS - Fundamentals","","","","","Selected Talmudic texts with medieval and modern commentaries; emphasis on methodology; beit midrash method of small-group study supplements lectures. May be taken three times for credit. Section information text: Masekhet Chullin. Beit Midrash."
"90477","2640","JUDS","A","Beren","Practical Workplace Halacha","2","Torczyner; Mordechai Ari","0","30","30","0","10","10","M||W}0900}1015}TBA}","JS6||JS8","Beren JS - Advanced||Beren JS Syms Jewish Bus Ethic","","","","","This course will deal with issues like: business meetings in non-kosher restaurants; shaking hands with the opposite gender; social gatherings and holiday parties; personal use of office supplies; yichud; setting aside time to learn; minchah during the workday; etc. Jewish Studies requirement for Sy Syms students."
"90858","2640","JUDS","NPT","Beren","Practical Workplace Halacha","2","Weiss; Richard Bruce","0","30","30","0","10","10","T}1500}1715}TBA}","JS3||JS8","Beren JS - Intermediate||Beren JS Syms Jewish Bus Ethic","","","","","This course will deal with issues like: business meetings in non-kosher restaurants; shaking hands with the opposite gender; social gatherings and holiday parties; personal use of office supplies; yichud; setting aside time to learn; minchah during the workday; etc. Jewish Studies requirement for Sy Syms students."
"93293","4930","JUDS","C","Beren","Topics in Judaic Studies: Taamei Hamitzvot","2","Shmalo; Mahnaz Yeroushalmi","0","30","30","0","10","10","M||W}1155}1310}TBA}","JS3||JS7","Beren JS - Intermediate||Beren JS - Fundamentals","","","","","Topics will vary each semester. May be repeated if topic is different."
"93291","4930","JUDS","D1","Beren","Topics in Judaic Studies: Jewish Banned Books","2","Benoff; Tzvi","0","30","30","0","10","10","M||W}1325}1440}TBA}","JS3||JS7","Beren JS - Intermediate||Beren JS - Fundamentals","","","","","Topics will vary each semester. May be repeated if topic is different."
"93292","4930","JUDS","E","Beren","Topics in Judaic Studies: Jewish Political Economy","2","Benoff; Tzvi","0","30","30","0","10","10","M}1510}1625}TBA}::W}1635}1650}TBA}","JS3||JS7||JS8","Beren JS - Intermediate||Beren JS - Fundamentals||Beren JS Syms Jewish Bus Ethic","","","","","Topics will vary each semester. May be repeated if topic is different."
"93336","4930","JUDS","M","Beren","Top: Women and Prayer","2","Brooks; Estee Samantha","0","30","30","0","10","10","T||R}1335}1450}TBA}","JS3||JS7","Beren JS - Intermediate||Beren JS - Fundamentals","","","","","Topics will vary each semester. May be repeated if topic is different."
"93295","4931","JUDS","D1","Beren","Topics: Law-Selected Holidays: Women in the Talmud","2","Shmalo; Mahnaz Yeroushalmi","0","30","30","0","10","10","M||W}1325}1440}TBA}","JS3||JS7","Beren JS - Intermediate||Beren JS - Fundamentals","","","","","May be repeated if topic is different."
"93294","4931","JUDS","K","Beren","Topics: Laws-Selected Holidays: Rosh Hashana in Talmud","2","Hidary; Richard J.","0","30","30","0","10","10","T||R}1025}1140}TBA}","JS5||JS7","Beren JS - Upper-Inter-Adv||Beren JS - Fundamentals","","","","","May be repeated if topic is different."
"93296","4931","JUDS","M","Beren","Topics: Laws-Selected Holidays: Talmud: Preventative Justice","2","Staff","0","30","30","0","10","10","T||R}1335}1450}TBA}","JS4||JS7","Beren JS - Inter-Upper-Inter||Beren JS - Fundamentals","","","","","May be repeated if topic is different. Section information text: Ethics of Preventative Justice. Intermediate Talmud class on the eighth perek of Sanhedrin; which covers the topics of ben sorer u&acirc;&euro;&trade;moreh (the wayward and rebellious son); ba ba-machteret (the burglar who breaks in); and rodef (a pursuer seeking to harm another)."
"93312","4932","JUDS","B","Beren","Topics: Medical Treatment-Shabbat","2","Torczyner; Mordechai Ari","0","30","30","0","10","10","M||W}1025}1140}TBA}","JS6||JS7","Beren JS - Advanced||Beren JS - Fundamentals","","","","","May be repeated if topic is different. Section information text: Positive Commandments"
"93308","4932","JUDS","C","Beren","Topics: Mitzvah of Talmud Torah","2","Goldberg; Zev","0","30","30","0","10","10","M||W}1155}1310}TBA}","JS6||JS7","Beren JS - Advanced||Beren JS - Fundamentals","","","","","May be repeated if topic is different."
"93310","4932","JUDS","D1","Beren","Topics: Laws of Tzedaka","2","Nachbar; Duvie Noach","0","30","30","0","10","10","M||W}1325}1450}TBA}","JS6||JS7","Beren JS - Advanced||Beren JS - Fundamentals","","","","","May be repeated if topic is different."
"93311","4932","JUDS","JK","Beren","Topics: Shabbat: Positive Commandments","2","Penstein; Neti Gabriella","0","30","30","0","10","10","T||R}0900}1140}TBA}","JS5||JS7","Beren JS - Upper-Inter-Adv||Beren JS - Fundamentals","","","","","May be repeated if topic is different. Section information text: The Positive Commandments of Shabbat. Beit Midrash."
"93309","4932","JUDS","K","Beren","Topics: Agunot bet. History &amp; Halakha","2","Karlip; Moshe Yosef","0","30","30","0","10","10","T||R}1025}1140}TBA}","JS6","Beren JS - Advanced","","","","","May be repeated if topic is different."
"93306","4932","JUDS","L","Beren","Topics: Law of Chol Ha&#39;moed","2","Auman; Kenneth","0","30","30","0","10","10","T||R}1150}1305}TBA}","JS6||JS7","Beren JS - Advanced||Beren JS - Fundamentals","","","","","May be repeated if topic is different."
"93307","4932","JUDS","M","Beren","Topics: Ethical Dilemmas","2","Auman; Kenneth","0","30","30","0","10","10","T||R}1435}1550}TBA}","HONR||JS6||JS7","Honors Course||Beren JS - Advanced||Beren JS - Fundamentals","","","","","May be repeated if topic is different. Section information text: Moral/halachic issues such as putting one's life at risk to save others; lying or misleading people; ethics of war; rodef; judging people favorably."
"93011","4936","JUDS","1DS","Beren","Topics: Talmud III","2","Penstein; Neti Gabriella","0","0","0","0","0","0","}N/A}N/A}TBA}","","","","","","","May be repeated if topic is different."
"91863","4937","JUDS","M","Beren","Topics: Weekly Mitzvot 1","2","Schachter; Shay","0","30","30","0","10","10","T||R}1335}1450}SCW}101","JS4||JS7","Beren JS - Inter-Upper-Inter||Beren JS - Fundamentals","","","","","May be repeated if topic is different."
"93313","4937","JUDS","N","Beren","Topics: Weekly Mitzvot 1","2","Schachter; Shay","0","30","30","0","10","10","T||R}1500}1615}TBA}","JS4||JS7","Beren JS - Inter-Upper-Inter||Beren JS - Fundamentals","","","","","May be repeated if topic is different."
"91715","4937","JUDS","P","Beren","Topics: Weekly Mitzvot 1","2","Schachter; Shay","0","30","30","0","10","10","T||R}1630}1745}TBA}","JS4||JS7","Beren JS - Inter-Upper-Inter||Beren JS - Fundamentals","","","","","May be repeated if topic is different."
"93196","1030","MAN","331","Wilf","Introduction to Business","3","OMalley; John","0","20","20","0","0","0","T||R}1430}1545}FURST}","KZAS","Katz AS Program","","","","","Going beyond a conceptual understanding of what businesses do; we take a practical approach to business from the perspective of the ?founder.? An Introduction to Business focuses on the starting; financing; marketing; and managing of businesses in a digitally interconnected; globally distributed economy. Students learn businesses from a holistic and enterprise-wide perspective; and as a jumping off point to specialize in one of a number of vertical markets. Given its place in the world?s economy; we use New York City as our lab for learning best practices in successful businesses and invaluable lessons from failed ones."
"90594","2110","MAN","241","Wilf","Organizational Behavior","3","Allen; Robert","0","20","20","0","0","0","M||W}1730}1845}BELFHL}B205","KZAS","Katz AS Program","MAN1020","","","","An analysis of human work behavior at the individual; interpersonal; team and organizational levels. Emphasis is on the development of interpersonal competencies to allow individuals to effectively work as managers or professionals in the rapidly changing; team-oriented; culturally diverse and technologically integrated global climate facing modern organizations. Covers classical behavior; social systems; management science; and empirical theories of organization; as well as role theory; group dynamics; motivation; leadership; decision making; and communications. An understanding and appreciation of the complexities in balancing organizational goals with human needs. Prerequisite(s): MAN 1020. Section information text: Only open to Katz Associates Program Students."
"90501","1001","MAR","231","Wilf","Principles of Marketing","3","Azoulay; Renee Suan","0","30","30","0","10","10","M||W}1500}1615}BELFHL}B211","SYBC","Sy Syms-UG Business Core","IDS1010","","","","An introduction to the basic concepts of market definition; consumer behavior; and the principal marketing functions: product line development; pricing; distribution; promotion; sales-force management; advertising; research; and planning. Cases and examples are utilized to develop problem-solving abilities and provide students with a glimpse into the Marketing world. Prerequisite(s): IDS 1010 or equivalent."
"90584","1001","MAR","331","Wilf","Principles of Marketing","3","Kim; Josh","0","30","30","0","10","10","T||R}1500}1615}BELFHL}","SYBC","Sy Syms-UG Business Core","IDS1010","","","","An introduction to the basic concepts of market definition; consumer behavior; and the principal marketing functions: product line development; pricing; distribution; promotion; sales-force management; advertising; research; and planning. Cases and examples are utilized to develop problem-solving abilities and provide students with a glimpse into the Marketing world. Prerequisite(s): IDS 1010 or equivalent."
"90509","1001","MAR","341","Wilf","Principles of Marketing","3","Kim; Josh","0","30","30","0","10","10","T||R}1630}1745}TBA}","SYBC","Sy Syms-UG Business Core","IDS1010","","","","An introduction to the basic concepts of market definition; consumer behavior; and the principal marketing functions: product line development; pricing; distribution; promotion; sales-force management; advertising; research; and planning. Cases and examples are utilized to develop problem-solving abilities and provide students with a glimpse into the Marketing world. Prerequisite(s): IDS 1010 or equivalent."
"93330","1001","MAR","342","Wilf","Principles of Marketing","3","Oh; Travis","0","30","30","0","10","10","T||R}1630}1745}TBA}","SYBC","Sy Syms-UG Business Core","IDS1010","","","","An introduction to the basic concepts of market definition; consumer behavior; and the principal marketing functions: product line development; pricing; distribution; promotion; sales-force management; advertising; research; and planning. Cases and examples are utilized to develop problem-solving abilities and provide students with a glimpse into the Marketing world. Prerequisite(s): IDS 1010 or equivalent."
"90430","1001","MAR","M","Beren","Principles of Marketing","3","Staff","0","30","30","0","10","10","T||R}1335}1450}LEX215}LX210","SYBC","Sy Syms-UG Business Core","IDS1010","","","","An introduction to the basic concepts of market definition; consumer behavior; and the principal marketing functions: product line development; pricing; distribution; promotion; sales-force management; advertising; research; and planning. Cases and examples are utilized to develop problem-solving abilities and provide students with a glimpse into the Marketing world. Prerequisite(s): IDS 1010 or equivalent."
"90476","2225","MAR","C","Beren","Reimagining Marketing with Emerging Technologies","3","Ghosh; Bipasha","0","20","20","0","5","5","M||W}1155}1310}LEX215}LX313","","","","","MAR1001","","An explosion in technological innovations together with data deluge are driving constant; and unpredictable changes in the business landscape and revolutionizing the marketing function. This course is designed to help students navigate the dynamic; complex and ambiguous business environment by leveraging emerging technologies (AI; Blockchain/Web3; Metaverse; IOT; and more) to reach and engage consumers in new and impactful ways; create sustainable competitive advantage and build brands of the future. Prerequisite(s): MAR 1001 may be taken as a prerequisite or corequisite."
"90512","2501","MAR","231","Wilf","Buyer Behavior","3","Kambara; Kenneth M.","0","30","30","0","5","5","M||W}1500}1615}FURST}F212","","","MAR1001","","","","Presents a comprehensive; systematic; and practical conceptual framework for understanding people as consumers the basic subject matter of all marketing. It draws on the social sciences to evaluate the influence of both individual and ecological factors on market actions. Students discuss relevant psychological and sociological theories and study how they can be used to predict consumers' reactions to strategic marketing decisions. Cases and examples are utilized to enhance the understanding of consumers as social beings in the market place. Prerequisite(s): MAR 1001."
"90480","2501","MAR","L","Beren","Buyer Behavior","3","Staff","0","30","30","0","5","5","T||R}1150}1305}LEX215}","","","MAR1001","","","","Presents a comprehensive; systematic; and practical conceptual framework for understanding people as consumers the basic subject matter of all marketing. It draws on the social sciences to evaluate the influence of both individual and ecological factors on market actions. Students discuss relevant psychological and sociological theories and study how they can be used to predict consumers' reactions to strategic marketing decisions. Cases and examples are utilized to enhance the understanding of consumers as social beings in the market place. Prerequisite(s): MAR 1001."
"90493","2621","MAR","361","Wilf","Applied Research","3","Staff","0","15","15","0","5","5","T||R}1845}2000}FURST}","","","MAR1001|IDS1131","","","","Marketing research methods is a critical component of any marketing strategy as it allows for the collection and analysis of data to inform decision making and improve marketing efforts. By using both qualitative and quantitative research techniques; students will learn to gather and interpret information about consumers; markets; and competitors to identify opportunities and make data-driven decisions. This course will also cover the ethical considerations involved in conducting research and the importance of using valid and reliable research methods. By the end of the course; students will have the skills and knowledge necessary to conduct effective marketing research and use the results to inform and improve their marketing strategies. Crosslisted with IDS 2621. Prerequisite(s): MAR 1001 and IDS 1131."
"93241","2621","MAR","E","Beren","Applied Research","3","Lasaleta; Jannine D.","0","20","20","0","5","5","M}1510}1625}TBA}::W}1535}1650}TBA}","","","MAR1001|IDS1131","","","","Marketing research methods is a critical component of any marketing strategy as it allows for the collection and analysis of data to inform decision making and improve marketing efforts. By using both qualitative and quantitative research techniques; students will learn to gather and interpret information about consumers; markets; and competitors to identify opportunities and make data-driven decisions. This course will also cover the ethical considerations involved in conducting research and the importance of using valid and reliable research methods. By the end of the course; students will have the skills and knowledge necessary to conduct effective marketing research and use the results to inform and improve their marketing strategies. Crosslisted with IDS 2621. Prerequisite(s): MAR 1001 and IDS 1131."
"93233","2730","MAR","331","Wilf","Israel as an Entrepreneurial Powerhouse: Marketing a Startup","3","Oh; Travis","0","25","25","0","10","10","T||R}1500}1615}TBA}","HONR","Honors Course","ENT1020|MAN1020;;MAR1001|ENT2730","","","","This course will look at the unique structure of a start-up and the challenges marketers face when working in a product-focus; innovative environment. Specifically; it will examine the unique business culture of Israeli start-ups and assess how agility and innovation can go hand in hand with a long-term marketing strategy; which is market focus. This course will help students understand the art and science of startup marketing within a heavily technological environment- the secrets behind testing; learning; and identifying the right marketing mix that works for their startup. Prerequisite(s): ENT 1020 or MAN 1020; and MAR 1001. Crosslisted with ENT 2730."
"93234","3318","MAR","261","Wilf","Social Media Marketing","3","Kambara; Kenneth M.","0","30","30","0","10","10","M||W}1845}2000}TBA}","","","MAR1001","","","","Discusses the development of a social media strategy and defines what social media is. Social media tools such as Twitter; LinkedIn; Facebook; YouTube; Yelp; Google; etc. are explored and their application and usability in business are examined. The course discusses the process of developing a marketing plan using social media and also presents measurement techniques for the effectiveness of social media and their ROI using a number of metrics. Prerequisite(s): MAR 1001."
"90440","3318","MAR","J","Beren","Social Media Marketing","3","Staff","0","30","30","0","5","5","T||R}0900}1015}LEX215}LX209","","","MAR1001","","","","Discusses the development of a social media strategy and defines what social media is. Social media tools such as Twitter; LinkedIn; Facebook; YouTube; Yelp; Google; etc. are explored and their application and usability in business are examined. The course discusses the process of developing a marketing plan using social media and also presents measurement techniques for the effectiveness of social media and their ROI using a number of metrics. Prerequisite(s): MAR 1001."
"92528","3318","MAR","J1","Beren","Social Media Marketing","3","Staff","0","30","30","0","5","5","T||R}0900}1015}LEX215}","","","MAR1001","","","","Discusses the development of a social media strategy and defines what social media is. Social media tools such as Twitter; LinkedIn; Facebook; YouTube; Yelp; Google; etc. are explored and their application and usability in business are examined. The course discusses the process of developing a marketing plan using social media and also presents measurement techniques for the effectiveness of social media and their ROI using a number of metrics. Prerequisite(s): MAR 1001."
"90520","3320","MAR","241","Wilf","Digital Media","3","Ghosh; Bipasha","0","30","30","0","10","10","M||W}1630}1745}FURST}F310","","","MAR1001","","","","The effect of the Internet and related technologies on business and social institutions is more profound than that of any prior invention; including the printing press and the internal combustion engine. Last several years have seen a dramatic increase in the amount of time and money consumers spend online. As a consequence; the Internet has become an important channel that firms can use to reach out and connect to consumers; which has lead to the emergence of digital marketing. This course on Digital Marketing provides an understanding of tools like online advertising and social media to meet business objectives. This course will cover basic marketing and statistical concepts and provide an introduction to different online marketing tools like email marketing; SEO/SEM and social media analytics. Prerequisite(s): MAR 1001."
"90436","3320","MAR","B","Beren","Digital Media","3","Ghosh; Bipasha","0","30","30","0","10","10","M||W}1025}1140}LEX215}","","","MAR1001","","","","The effect of the Internet and related technologies on business and social institutions is more profound than that of any prior invention; including the printing press and the internal combustion engine. Last several years have seen a dramatic increase in the amount of time and money consumers spend online. As a consequence; the Internet has become an important channel that firms can use to reach out and connect to consumers; which has lead to the emergence of digital marketing. This course on Digital Marketing provides an understanding of tools like online advertising and social media to meet business objectives. This course will cover basic marketing and statistical concepts and provide an introduction to different online marketing tools like email marketing; SEO/SEM and social media analytics. Prerequisite(s): MAR 1001."
"90531","3329","MAR","211","Wilf","Conversion and Shopper Marketing","3","Azoulay; Renee Suan","0","30","30","0","10","10","M||W}1330}1500}FURST}F214","","","MAR1001","","","","This course teaches the process and the theory behind the strategy that marketers use it convert customers into buyers. It will discuss the evolution of sales promotion to shopper marketing and the impact on the digital revolution had on conversion behavior. Prerequisite(s): MAR 1001. Section information text: Not Open to MYP Students."
"90521","3502","MAR","341","Wilf","Creative and Innovative Product Development","3","Goldstein; Johanna","0","15","15","0","5","5","T||R}1630}1745}BELFHL}","","","MAR1001;;ENT1020|MAN1020","","","","A key element of successful business enterprise is good design. In the world of fashion; CoCo Chanel revolutionized the industry with her innovative design elements. Apple has become one of the world's most admired companies because its corporate executives place a premium on beauty and functionality of product design. This course provides an understanding of the product design process and its importance in the business world. Students will learn how to develop the ability to think more creatively about marketplace challenges. This course is targeted to students who want to discover and improve upon their innovative and creative skills in the business environment. Prerequisite(s): MAR 1001; and ENT 1020 or MAN 1020."
"93243","4930","MAR","A","Beren","Topics: Media Relations","1","Langley; Quentin","0","30","30","0","5","5","M||W}0900}1015}TBA}","","","","","","","A course for subject matter not provided in other MAR offerings. The content may change from semester to semester. May be repeated three times; provided different topics are studied."
"93244","4930","MAR","D1","Beren","Topics: Minds; Markets; and Methods: Advanced Marketing Research and Consumer Behavior","1","Lasaleta; Jannine D.","0","25","25","0","5","5","M}1325}1440}TBA}::W}1325}1440}TBA}","HONR","Honors Course","","","","","A course for subject matter not provided in other MAR offerings. The content may change from semester to semester. May be repeated three times; provided different topics are studied."
"93242","4930","MAR","K","Beren","Topics: Contemporary Topics in Marketing","1","Staff","0","30","30","0","5","5","T||R}1025}1140}TBA}","","","","","","","A course for subject matter not provided in other MAR offerings. The content may change from semester to semester. May be repeated three times; provided different topics are studied. Section information text: A boutique; conference-style course designed to equip students with the marketing mindset and practical skills they need to thrive in today's fast-evolving business environment. Structured around five critical themes: women in leadership and communication; personal branding; sustainability; and AI. The course bridges theory and practice through case studies of leading brands; interactive discussions; creative projects; and a mini 'Shark Tank' pitch competition. Students will learn not just what modern marketers do; but how to do it themselves: building authentic personal brands; crafting compelling narratives for new ventures; navigating leadership challenges with confidence; understanding the role of purpose-driven marketing; and leveraging emerging AI tools responsibly. With an emphasis on applied learning and real-world relevance; this boutique course prepares students to market ideas; careers; and businesses effectively and is taught by award-winning marketing strategist Julie Zhu; whose work has been featured in Forbes; Nasdaq; and Entrepreneur."
"90675","1160","MAT","331","Wilf","Precalculus","3","Staff","0","25","25","0","5","5","T||R}1500}1615}FURST}F215","EXQM","YC-EXQM Requirement","","","","two years of high school mathematics and placement by examination","Number systems; functions; equations; and inequalities; algebra of polynomials; exponentials; and logarithms; analytic geometry of lines and circles; vectors; trigonometry; and complex numbers. (lecture: 3 hours; recitation: 2 hours) Prerequisite(s): two years of high school mathematics and placement by examination."
"90635","1412","MAT","331","Wilf","Calculus I","4","Srinivasan; Keshav","0","45","45","0","5","5","T||R}1500}1615}GLUECK}G307::T}1845}1935}GLUECK}G307","EXQM","YC-EXQM Requirement","","","","Online placement test given before the semester","This course covers limits; continuity; derivatives; applications to graphing; maxima and minima; and related rates; mean value theorem; integration; fundamental theorem of the calculus; integration by substitution. Prerequisite(s): Online placement test given before the semester."
"90671","1413","MAT","331","Wilf","Calculus II","4","Chen; Wenxiong","0","25","25","0","5","5","F}0800}0850}BELFHL}B203::T||R}1500}1615}FURST}F209","","","MAT1412","","","","This course is a continuation of Calculus I; covering methods of integration; area; moments; volume. Indeterminate forms; improper integrals; sequences and series. Parametric equations; arc length and polar coordinates. Prerequisite(s): MAT 1412."
"90636","1510","MAT","341","Wilf","Multivariable Calculus","4","Chen; Wenxiong","0","25","25","0","5","5","F}0900}0950}BELFHL}B203::T||R}1630}1745}FURST}F209","","","MAT1413","","","","This course covers vectors; vector functions and curves; functions of several variables; partial derivatives; multiple integrals; Jacobians; vector fields; line and surface integrals; theorems of Green; Gauss; and Stokes. Limits and continuity in Euclidean spaces; partial derivatives; gradient; and chain rule; maxima and minimal with constraints; multiple integrals; cylindrical and spherical coordinates; vector calculus. Prerequisite(s): MAT 1413."
"93138","1520","MAT","341","Wilf","Advanced Calculus I","3","Marini; Antonella","0","25","25","0","5","5","T||R}1630}1745}BELFHL}","","","MAT1510","","","","This course covers real numbers; limits; intrinsic properties of continuous functions and differentiability. Prerequisite(s): MAT 1510."
"90653","2105","MAT","231","Wilf","Linear Algebra","3","Belbruno; Edward A.","0","35","35","0","5","5","M||W}1500}1615}FURST}F213","","","MAT1412","","","","Systems of linear equations; Gaussian elimination; matrices; matrix algebra; vector spaces; linear transformations; similarity; inner product spaces; determinants; eigen-values and eigenvectors; diagonalization; quadratic forms; canonical forms; complex vector spaces; spectral theory; applications. Prerequisite(s): MAT 1412."
"90676","2462","MAT","341","Wilf","Mathematical Statistics","3","Srinivasan; Keshav","0","25","25","0","5","5","T||R}1630}1745}BELFHL}B209","","","MAT2461","","","","This is an introductory course to Mathematical Statistics including discussion of sample and population; sampling distributions; point estimators (method of moments; maximum likelihood) and their properties; confidence intervals; test of hypotheses; simple and multiple linear regression; and analysis of categorical data. The course assumes a good understanding of calculus; linear algebra; and probability theory. (See STA 2462.) Prerequisite(s): MAT 2461."
"90915","2601","MAT","331","Wilf","Ordinary Differential Equations","3","Marini; Antonella","0","23","23","0","0","0","T||R}1500}1615}BELFHL}","","","MAT1413","","","","Classification of differential equations; existence and uniqueness of solutions; initial-value problems; boundary value problems; power series methods; integral transforms; numerical algorithms and error estimation; topological methods. Prerequisite(s): MAT 1413."
"90916","4930","MAT","241","Wilf","Topics in Mathematics: Mathematics and Art","3","Belbruno; Edward A.","0","20","20","0","0","0","M||W}1630}1745}FURST}F211","INTC","YC-INTC Requirement","","","","","Selected topics may include analysis; algebra; geometry; topology; and applied mathematics. May be repeated for credit if topic is different."
"92013","5002","MAT","H","Beren","Computational Statistics and Probability","3","Raimann; Jochen Gustav","0","25","25","0","0","0","M}1945}2145}LEX215}LX420","","","","","","","Arguably; most of data science is statistical learning; which requires strong foundational knowledge in probability and statistics. And applying computational methods such as direct simulation; shuffling; bootstrapping; and cross validation to statistical problems is often more intuitive; and intuitive and can provide solutions where analytical methods would prove computationally intractable. This course introduces students to the statistical analysis of data using modern computational methods and software. Probability; descriptive statistics; inferential statistics and computation methods such as simulations sample distributions; shuffling; bootstrapping; and cross-validation will be covered. Open to graduate students. Undergraduate students may take this course as a Pathways student through the dual degree BA/MA program or take it as undergraduate credit only by filling out the Request to Take Graduate Course for Undergraduate Credit form; available on the Registrar's Office website. Crosslisted with AIM 5002. Section information text:"
"90924","5002","MAT","TBD","Beren","Computational Statistics and Probability","3","Raimann; Jochen Gustav","0","25","25","0","0","0","}N/A}N/A}LEX215}LX420","","","","","","","Arguably; most of data science is statistical learning; which requires strong foundational knowledge in probability and statistics. And applying computational methods such as direct simulation; shuffling; bootstrapping; and cross validation to statistical problems is often more intuitive; and intuitive and can provide solutions where analytical methods would prove computationally intractable. This course introduces students to the statistical analysis of data using modern computational methods and software. Probability; descriptive statistics; inferential statistics and computation methods such as simulations sample distributions; shuffling; bootstrapping; and cross-validation will be covered. Open to graduate students. Undergraduate students may take this course as a Pathways student through the dual degree BA/MA program or take it as undergraduate credit only by filling out the Request to Take Graduate Course for Undergraduate Credit form; available on the Registrar's Office website. Crosslisted with AIM 5002. Section information text: Undergraduate students must fill out the Request to take Graduate Course for Undergraduate Credit form."
"92014","5003","MAT","FGH","Beren","Numerical Methods","3","Li; David","0","25","25","0","0","0","M}1730}1930}SCW}819","","","","","","","Algorithms in machine learning and neural networks are built upon a strong foundation of linear algebra. For example; modern recommendation systems may have sparse matrices with millions of users and millions of items; matrix factorization methods make the underlying calculations tractable say this course builds a foundation of linear algebra concepts such as matrices; determinants; vectors and eigen values. Then it deepens it into data science applications around network analysis and logistic algorithms. In addition; some multi-variate calculus and graph theory topics are covered. Open to graduate students. Undergraduate students may as a Pathways student through the dual degree BA/MA program or take it as undergraduate credit only by filling out the 'Request To Take Graduate Course for Undergraduate Credit' form available on the Registrar's Office website. Crosslisted with AIM 5003. Previously offered as MAT 5400. Section information text: Undergraduate students must fill out the Request to take Graduate Course for Undergraduate Credit form."
"90925","5003","MAT","TBD","Beren","Numerical Methods","3","Li; David","0","25","25","0","0","0","}N/A}N/A}ON}LINE","","","","","","","Algorithms in machine learning and neural networks are built upon a strong foundation of linear algebra. For example; modern recommendation systems may have sparse matrices with millions of users and millions of items; matrix factorization methods make the underlying calculations tractable say this course builds a foundation of linear algebra concepts such as matrices; determinants; vectors and eigen values. Then it deepens it into data science applications around network analysis and logistic algorithms. In addition; some multi-variate calculus and graph theory topics are covered. Open to graduate students. Undergraduate students may as a Pathways student through the dual degree BA/MA program or take it as undergraduate credit only by filling out the 'Request To Take Graduate Course for Undergraduate Credit' form available on the Registrar's Office website. Crosslisted with AIM 5003. Previously offered as MAT 5400. Section information text: Undergraduate students must fill out the Request to take Graduate Course for Undergraduate Credit form."
"90926","5160","MAT","552","Beren","Special Topics in Applied Mathematics","3","Iovanov; Cristian Cristian","0","25","25","0","0","0","R}1945}2145}ON}LINE","","","","","","","Possible topics may incude applications of mathematics to complex systems; physical science; medicine and biology; genetics; epidemiology; neuroscience; computer science; artificial intelligence; quantum computers; robotics; cybersecurity; financial markets and economics; agriculture; art and architecture. Section information text: Undergraduate students must fill out the Request to take Graduate Course for Undergraduate Credit form."
"92016","5160","MAT","R","Beren","Special Topics in Applied Mathematics","3","Gidea; Marian","0","25","25","0","0","0","T}1945}2145}LEX215}LX405","","","","","","","Possible topics may incude applications of mathematics to complex systems; physical science; medicine and biology; genetics; epidemiology; neuroscience; computer science; artificial intelligence; quantum computers; robotics; cybersecurity; financial markets and economics; agriculture; art and architecture. Section information text: Undergraduate students must fill out the Request to take Graduate Course for Undergraduate Credit form."
"92017","5310","MAT","FG","Beren","Topology","3","Gidea; Marian","0","25","25","0","0","0","M||W}1730}1930}LEX215}LX506","","","","","","graduate standing or permission of department. Section information text: Undergraduate students must fill out the Request to take Graduate Course for Undergraduate Credit form","Point set topology: metric spaces and topological spaces; compactness; connectedness; continuity; extension theorems; separation axioms; quotient spaces; topologies on function spaces; Tychonofftheorem. Prerequisite(s): graduate standing or permission of department. Section information text: Undergraduate students must fill out the Request to take Graduate Course for Undergraduate Credit form."
"92018","5510","MAT","QR","Beren","Functional Analysis","3","Chen; Wenxiong","0","25","25","0","0","0","T||R}1750}1905}LEX215}LX402","","","","","","graduate standing or permission of department. Section information text: Undergraduate students must fill out the Request to take Graduate Course for Undergraduate Credit form","Banach and Hilbert spaces; linear functionals; Hahn-Banach theorem; dual spaces; linear operators; closed graph theorem; Riesz theory for compact operators; spectral theory; function and Banach algebras. Prerequisite(s): graduate standing or permission of department. Section information text: Undergraduate students must fill out the Request to take Graduate Course for Undergraduate Credit form."
"90929","5640","MAT","552","Beren","Mathematics of Finance","3","Gidea; Marian","0","25","25","0","0","0","T}1730}1930}LEX215}","","","","","","graduate standing or permission of department. Section information text: Undergraduate students must fill out the Request to take Graduate Course for Undergraduate Credit form","Fundamental topics will be covered: risk; arbitrage; mathematical models for asset price movements (based on trees; PDEs; and martingales); pricing of financial derivatives; and hedging; introduction to stochastic calculus; and to the Black-Scholes model. Open to graduate students. Undergraduate students may as a Pathway student through the dual degree BA/MA program or take it as undergraduate credit only by filling out the 'Request To Take Graduate Course for Undergraduate Credit' form available on the Registrar's Office website. Prerequisite(s): graduate standing or permission of department. Section information text: Undergraduate students must fill out the Request to take Graduate Course for Undergraduate Credit form."
"92019","5640","MAT","P","Beren","Mathematics of Finance","3","Gidea; Marian","0","25","25","0","0","0","T||R}1630}1745}LEX215}LX312","","","","","","graduate standing or permission of department. Section information text: Undergraduate students must fill out the Request to take Graduate Course for Undergraduate Credit form","Fundamental topics will be covered: risk; arbitrage; mathematical models for asset price movements (based on trees; PDEs; and martingales); pricing of financial derivatives; and hedging; introduction to stochastic calculus; and to the Black-Scholes model. Open to graduate students. Undergraduate students may as a Pathway student through the dual degree BA/MA program or take it as undergraduate credit only by filling out the 'Request To Take Graduate Course for Undergraduate Credit' form available on the Registrar's Office website. Prerequisite(s): graduate standing or permission of department. Section information text: Undergraduate students must fill out the Request to take Graduate Course for Undergraduate Credit form."
"93139","5999","MAT","311","Wilf","Topics in Mathematics: Cryptography","3","Miller; Stephen David","0","25","25","0","5","5","T||R}1335}1450}TBA}","","","","","","","Section information text: Not Open to MYP Students"
"93140","5999","MAT","552","Wilf","Topics in Mathematics: Multivariate Analysis","3","Zhang; Chao","0","25","25","0","5","5","}N/A}N/A}TBA}","","","","","","","No course description is available."
"91580","1010","MATH","L","Beren","Excursions in Mathematics ","3","Staff; ","0","25","25","0","10","10","T||R}1150}1305}SCW}819","SCW2","ST-Quantitative Skills","","","","","This course is intended for non-science majors and Education majors. Several topics will be taught in depth from the following list: Sets of numbers; geometry; elements of probability and statistics; consumer mathematics; linear programming. Quantitative Skills for non-science and EDUC majors only."
"91641","1160","MATH","M","Beren","Pre-Calculus","3","Staff; ","0","25","25","0","10","10","T||R}1335}1450}TBA}","SCW2","ST-Quantitative Skills","","","","Two years of high school mathematics and Math Placement Test","Number systems; functions; equations; and inequalities; algebra of polynomials; exponentials; and logarithms; analytic geometry of lines and circles; vectors; trigonometry; and complex numbers. Quantitative Skills for non-science majors and/or as preparation for Calculus. Prerequisite(s): Two years of high school mathematics and Math Placement Test."
"91611","1410","MATH","M","Beren","Fundamentals of Calculus","4","Schulman; Aaron Louis","0","25","25","0","10","10","T||R}1310}1335}TBA}::T||R}1340}1455}TBA}","SCW2","ST-Quantitative Skills","","","","Two years of high school mathematics and Math Placement Test","This course is designed for students majoring in biology; pre-health sciences; or any other major except mathematics; computer science; physics; engineering; chemistry; and physical sciences. Course topics include functions; limits; derivatives; and integrals; and problem-solving methods; including optimization and related rates problems. Emphasis is placed on developing and interpreting models from a variety of disciplines; on analyzing data; and on graphing and numerical computations. These knowledge and skills are essential to today's life science workforce and researchers. Quantitative Skills. Recommended for Biology majors and students pursuing Pre-Health fields who do not plan to continue in Computer Science; Economics; Engineering; Math or Physics. Includes recitation. Prerequisite(s): Two years of high school mathematics and Math Placement Test."
"91614","1412","MATH","M","Beren","Calculus I","4","Staff; ","0","25","25","0","10","10","T||R}1310}1335}TBA}::T||R}1340}1455}TBA}","SCW2","ST-Quantitative Skills","","","","","This course covers limits; continuity; derivatives; applications to graphing; maxima and minima; and related rates; mean value theorem; integration; fundamental theorem of the calculus; integration by substitution. Quantitative Skills. Recommended for Biology majors and students pursuing Pre-Health fields who plan to continue in Computer Science; Economics; Engineering; Math or Physics. Includes Recitation."
"91585","1504","MATH","N","Beren","Discrete Mathematics and Applications","3","Staff; ","0","20","20","0","0","0","T||R}1500}1615}SCW}315","","","","","","three years of high school mathematics","The course will introduce students to a variety of topics in discrete mathematics that; that is finite or non-continuous mathematics. Discrete mathematics is particularly useful for students of computer science as is invaluable in the study of algorithms and data structures. On completion of this course; students will master the fundamentals of discrete mathematics. In subsequent courses; they will apply the basic methods of discrete mathematics to Computer Science (design and analysis of algorithms; computability theory; computer systems; etc.). Prerequisite(s): three years of high school mathematics."
"91590","1510","MATH","M","Beren","Multivariable Calculus","4","Iovanov; Cristian Cristian","0","20","20","0","0","0","T||R}1310}1335}SCW}819::T||R}1340}1455}SCW}819","","","MATH1413","","","","This course covers vectors; vector functions and curves; functions of several variables; partial derivatives; multiple integrals; Jacobians; vector fields; line and surface integrals; theorems of Green; Gauss; and Stokes. Limits and continuity in Euclidean spaces; partial derivatives; gradient; and chain rule; maxima and minimal with constraints; multiple integrals; cylindrical and spherical coordinates; vector calculus. Recitation included. Prerequisite(s): MATH 1413."
"93186","1520","MATH","K","Beren","Advanced Calculus I","3","Gidea; Marian","0","15","15","0","0","0","T||R}1025}1140}TBA}","","","MATH1413","","","","This course covers real numbers; limits; intrinsic properties of continuous functions and differentiability. Prerequisite(s): MATH 1413."
"91601","2461","MATH","N","Beren","Probability Theory","3","Iovanov; Cristian Cristian","0","20","20","0","0","0","T||R}1500}1615}LEX215}LX405","","","MATH1413","","","","This is an introductory course to the mathematical theory of randomness. Topics to be discussed include combinatorics; Discrete and continuous sample spaces; density and distribution functions of random variables; expectation and variance; independence and conditional probability; law of large numbers; central limit theorem; generating functions; random walk and ruin problems. Recitation included. Prerequisite(s): MATH 1413."
"93187","4933","MATH","L","Beren","Research Seminar","3","Miller; Stephen David","0","15","15","0","0","0","T||R}1150}1305}TBA}","","","MATH1510|MATH2105","","","","Students will learn background material on topics chosen by the instructor (for example; a branch of pure mathematics; or an applied area such as the mathematics underlying machine learning or cryptography); and pursue research guided by the instructor on these topics. Presentations will be made by the instructor and invited outside experts; and then later also by the students themselves at the end of the semester. Prerequisite(s): MATH 1510 and MATH 2105."
"90685","1014","MUS","231","Wilf","American Musical Cultures","3","Schapiro; Jonathan","0","25","25","0","5","5","M||W}1500}1615}MUSS}MU110","COWC","YC-COWC Requirement","","","","","American Musical Cultures will examine the relationship between a culture; or in many cases a subculture; and its music. What makes something American? What makes music American? Does understanding the music of a society provide insights into its culture? Through readings; video; assigned listening; and class discussion; we will explore American diversity. We will find that music demonstrates both inclusion and individuality; stressing teamwork; but never at the expense of self-identity."
"92545","1111","MUS","361","Wilf","Sense of Music","3","Beliavsky; Daniel","0","12","12","0","0","0","T||R}1845}2000}BELFHL}B817","INTC","YC-INTC Requirement","","","","","This course examines Western musical works; composers; and aesthetics from antiquity to the present. Central to our curriculum are the questions: What are music's meanings? & How can music communicate meaning? Through the process of discovering the varied answers to these questions; we will learn about music history; music philosophy; composer biographies; and how aesthetic concerns change across time and place. We will also explore the elements of tonal music grammar to give you a basic understanding of how Western music operates."
"90705","1117","MUS","331","Wilf","Introduction to Piano I","3","Beliavsky; Daniel","0","6","6","0","5","5","T||R}1500}1615}BELFHL}B1116","","","","","","","This course teaches beginner students how to play the piano; and to read and perform rhythm; meter; notation on treble and bass clefs; scales; chords; melody; and harmony with a degree of fluency."
"93141","1225","MUS","461","Wilf","Music Production I","3","Dilauro; Marcus","0","16","16","0","5","5","W}1845}2115}BELFHL}B1111","","","","","","","This course provides a conceptual and practical understanding of how to produce music in a Digital Audio Workstation (DAW). Students will be introduced to creating and organizing a session; signal flow; recording MIDI; effects patching; and fundamental editing and mixing practices. This includes an overview of various synthesizers; samplers; drum machines; and digital instruments. Hands-on lab projects combine these skills with sound design and music theory concepts to create original music."
"93142","2011","MUS","552","Wilf","Elementary Ear Training I","1","Beliavsky; Daniel","0","6","6","0","5","5","T}1750}1840}BELFHL}B1116","","","","MUS2111|MUS2111L","","","Laboratory course designed to help students master the skills covered in Diatonic Harmony. Emphasis on the development of relative pitch memory and recognition of interval; chord; and chord inversion. Students learn sight-singing from simple melodies and counterpoints; and practice elementary skills of chordal accompaniment at the keyboard. Corequisite(s): MUS 2111. Previously offered as MUS 2111L."
"93143","2111","MUS","341","Wilf","Music Theory I","3","Beliavsky; Daniel","0","6","6","0","5","5","T||R}1630}1745}BELFHL}B1116","","","MUS2105","MUS2011","","","This course offers a comprehensive review of intervals; diatonic scales; key signatures; the circle of fifths; and basic chord spelling in root position and inversion. Following this review; the course continues with a study of counterpoint. Prerequisite(s): MUS 2105 or with permission. Corequisite(s): MUS 2011."
"93268","3463","MUS","901","Wilf","Performance: Chamber Ensemble","1","Beliavsky; Daniel","0","25","25","0","5","5","}N/A}N/A}TBA}","","","","","","","Music of selected composers rehearsed and analyzed to develop performance skills; an awareness of musical styles; and an approach to musical interpretation. See the music adviser before registering."
"93269","3467","MUS","901","Wilf","Jazz Ensemble","1","Schapiro; Jonathan","0","25","25","0","5","5","}N/A}N/A}TBA}","","","","","","","Music of selected composers rehearsed and analyzed to develop performance skills; an awareness of musical styles; and an approach to musical interpretation. By audition with the instructor."
"90652","4111","MUS","901","Wilf","Private Study/Applied Music","1","Beliavsky; Daniel","0","15","15","0","5","5","}N/A}N/A}TBA}","","","","","","permission of the cluster adviser","Vocal or instrumental music lessons arranged by the music staff. Literature; materials; techniques. A maximum of 4 credits may be taken in such courses. Replaces 4901; 4902 found in other disciplines. Course Fee - on an individual basis; dependent on extent and nature of services provided. Prerequisite(s): permission of the cluster adviser."
"93146","4930","MUS","441","Wilf","Topics in Music: Music Production 2","3","Staff","0","0","0","0","0","0","W}1600}1830}TBA}","","","","","","","Music topics will differ each semester and may include; but are not limited to; History of Opera; Biblical Texts in Western Music; History of American Music; Jazz and the Blues; and The Development of the Orchestra. May be repeated if topic is different."
"91577","1111","MUSI","A","Beren","The Sense of Music","3","Young; Marcia","0","30","30","0","10","10","M||W}0900}1015}SCW}407","INTR||SYHM","ST-Interpreting Lit &amp; Arts||Sy Syms-UG Humanities Req","","","","","Developing insight into the art of music through guided listening experiences that aim to develop aural perception; historical perspective; an awareness of the formal processes of music; and some critical bases for esthetic discrimination; emphasis on the cultivation of helpful listening habits. No previous training in music is required."
"91582","1111","MUSI","B","Beren","The Sense of Music","3","Young; Marcia","0","30","30","0","10","10","M||W}1025}1140}SCW}407","INTR||SYHM","ST-Interpreting Lit &amp; Arts||Sy Syms-UG Humanities Req","","","","","Developing insight into the art of music through guided listening experiences that aim to develop aural perception; historical perspective; an awareness of the formal processes of music; and some critical bases for esthetic discrimination; emphasis on the cultivation of helpful listening habits. No previous training in music is required."
"91670","1111","MUSI","J","Beren","The Sense of Music","3","Melikian; Nune","0","30","30","0","10","10","T||R}0900}1015}SCW}407","INTR||SYHM","ST-Interpreting Lit &amp; Arts||Sy Syms-UG Humanities Req","","","","","Developing insight into the art of music through guided listening experiences that aim to develop aural perception; historical perspective; an awareness of the formal processes of music; and some critical bases for esthetic discrimination; emphasis on the cultivation of helpful listening habits. No previous training in music is required."
"93184","3303","MUSI","FM","Beren","Choral Ensemble","1","Young; Marcia","0","15","15","0","10","10","M}1640}1755}SCW}407","","","","","","","Introduction to the vocal art and to the craft of ensemble singing through explorations in standard choral repertory. Primary objectives are free vocal production and attainment of a refined ensemble sound. Students will do physical and vocal exercises as well as basic work in musical notation; part-singing skills; and training of the ear for the special requirements of ensemble singing. Course may be repeated for credit."
"93176","3466","MUSI","EM","Beren","Instrumental Music Ensemble","1","Young; Marcia","0","10","10","0","0","0","M}1510}1625}SCW}407","","","","","","Ability to play a musical instrument or sing; ability to read music; and permission of the instructor. Course may be repeated for credit","Introduction to the craft and discipline of small ensemble rehearsal and performance. Emphasis placed on basic musicianship skills; including formal and rhythmic analysis; sight reading; and score reading; as well as on tonal beauty; accurate intonation; and expressivity. Prerequisite(s): Ability to play a musical instrument or sing; ability to read music; and permission of the instructor. Course may be repeated for credit."
"92023","4930","MUSI","K","Beren","Topics in Music: Judaism in Music &amp; Art","1","Melikian; Nune","0","30","30","0","0","0","T||R}1025}1140}SCW}407","INTR||SYHM","ST-Interpreting Lit &amp; Arts||Sy Syms-UG Humanities Req","","","","","Music topics will differ each semester and may include; but are not limited to; History of Opera; Heroines in Opera; Biblical Texts in Western Music; History of American Music; Jazz and the Blues; and The Development of the Orchestra. May be repeated if topic is different. Section information text: This interdisciplinary course examines the historical development and aesthetic dimensions of Jewish artistic production from antiquity to the present. Case studies include the musical works of Mahler; Sch&ouml;nberg; and Bernstein; alongside visual artists such as Marc Chagall; situating their production within debates about nationalism; modernism; exile; and assimilation. The course also examines artistic responses to the Holocaust and the role of postwar and contemporary art in shaping memory; theology; and ethical discourse."
"90694","1100","PHI","341","Wilf","Logic","3","Johnson; David A.","0","20","20","0","5","5","T||R}1630}1745}FURST}F216","EXQM||SYHM","YC-EXQM Requirement||Sy Syms-UG Humanities Req","","","","","Methods and principles of symbolic logic."
"93147","1214","PHI","231","Wilf","Suffering and Evil","3","Carmy; Shalom","0","5","5","0","5","5","M||W}1500}1615}TBA}","HONR","Honors Course","","","","","An examination of the nature and meaning of suffering and evil; using (i) classical Jewish sources; (ii) Western classics; and (iii) the resources of contemporary analytic philosophy."
"93148","1600","PHI","331","Wilf","Ethics","3","Johnson; David A.","0","20","20","0","5","5","T||R}1500}1615}TBA}","SYHM","Sy Syms-UG Humanities Req","","","","","The problems of relativism and subjectivism; utilitarian versus deontological approaches to moral concepts; contemporary moral dilemmas."
"93149","2420","PHI","361","Wilf","Modern Philosophy","3","Johnson; David A.","0","20","20","0","5","5","T||R}1845}2000}TBA}","CUOT","YC-CUOT Requirement","","","","","Continental rationalism and British empiricism; from Descartes to Kant."
"93150","3402","PHI","331","Wilf","Philosophy of Law","3","Rosensweig; Meir Itamar","0","15","15","0","5","5","T||R}1500}1615}TBA}","HONR||STRS","Honors Course||Straus Center","","","","","Fundamental questions about the nature and scope of law; grounds for legal obligation; and the justification of particular jural practices; such as punishment."
"93153","4930","PHI","231","Wilf","Topics in Philosophy: Classical Jewish Philosophy","3","Soloveichik; Meir Yakov","0","20","20","0","5","5","M||W}1500}1615}TBA}","HONR||STRS","Honors Course||Straus Center","","","","","Topics in philosophy will vary each semester. Topics to be discussed may include; but are not limited to: The New Atheism; Paradoxes; Logic and Theism; Free Will; Extracting Arguments from English Prose. May be repeated for credit if topic is different."
"93154","4931","PHI","621","Wilf","Advanced Topics in Philosophy: Plato&#39;s Republic","3","Soloveichik; Meir Yakov","0","20","20","0","5","5","F}1000}1230}TBA}","HONR||STRS","Honors Course||Straus Center","","","","","Topics in philosophy will vary each semester. Topics to be discussed may include; but are not limited to: Axiomatic Set Theory; Modal Logic; Computability & Logic; Kant's Critique of Pure Reason; Rawls' Theory of Justice; Epistemology of Judaism; Metaphysics of Judaism. The Meaning of Life; Philosophy of Love. May be repeated for credit if topic is different."
"93178","1320","PHIL","D1","Beren","Theories of the Mind ","3","Shatz; David C.","0","25","25","0","10","10","M||W}1325}1440}TBA}","FNDT||SYHM","ST-Foundations &amp; Contemporary||Sy Syms-UG Humanities Req","","","","","Examination of rival conceptions of mind and self; and of differing explanatory models for human behavior."
"93179","1710","PHIL","E","Beren","Religion and Philosophy ","3","Shatz; David C.","0","25","25","0","10","10","M}1510}1625}TBA}::W}1535}1650}TBA}","FNDT||SYHM","ST-Foundations &amp; Contemporary||Sy Syms-UG Humanities Req","","","","","Examination of differing conceptions of the role of reason in the religious life and of major philosophic arguments concerning the existence of God; divine attributes; and the meaning of religious language."
"93180","3300","PHIL","C","Beren","Just and Unjust Wars","3","Leventer; Herb","0","20","20","0","5","5","M||W}1155}1310}TBA}","FNDT||SYHM","ST-Foundations &amp; Contemporary||Sy Syms-UG Humanities Req","","","","","Examination of the criteria for justly initiating war and the limits that must be observed during the fighting through a close reading of Grotius; Walzer; and the Geneva Conventions."
"92124","4930","PHIL","D1","Beren","Special Topics in Philosophy: Contemporary Political Theory","3","Mantel-Hoffmann; Tristan","0","15","15","0","5","5","M||W}1325}1440}TBA}","FNDT||SYHM","ST-Foundations &amp; Contemporary||Sy Syms-UG Humanities Req","","","","","Topics in philosophy will vary each semester. Topics to be discussed may include; but are not limited to: The New Atheism; Paradoxes; Logic and Theism; Free Will; Extracting Arguments from English Prose. May be repeated for credit if topic is different. Section information text: This course investigates various political problems of the present by surveying 20th century theorists such as Freud; Weber; Habermas; and Foucault; as well as the alternative theoretical approaches of utilitarianism; communitarianism; and critical theory. Some problems to be addressed include rising authoritarianism; political legitimation crises; erosion of democracy; and extreme socio-economic inequality."
"93275","1021","PHY","241","Wilf","The Physical Universe","3","Krueger; August John","0","15","15","0","5","5","M||W}1630}1745}BELFHL}B203","","","","","","","This course introduces students to quantitative science and physics in particular as applied to a wide range of phenomena including topics relevant to everyday life. Basic concepts of physics will be discussed to better understand these phenomena. This course is designed for students without backgrounds in science and mathematics. Previously offered as SCI 1021. Not for majors. Students may not take this course if they are taking or have already competed PHY 1031 or PHY 1051."
"90796","1031","PHY","331","Wilf","Introductory Physics I Lecture","3","Zypman; Fredy","0","16","16","0","5","5","T||R}1500}1615}BELFHL}","SYSC","Sy Syms-UG Nat/Soc Sci Req","","PHY1033|PHY1031T","","","Two-semester; algebra-based course; taken by students who intend to major in biology; chemistry; and the health professions. Topics covered: kinematics and dynamics of the particle and rigid bodies; conservation laws; momentum; energy and angular momentum; oscillations; waves; fluids; thermodynamics; optics; electromagnetism; modern physics. Corequisite(s): PHY 1033 and PHY 1031T."
"90798","1031T","PHY","351","Wilf","Physics I Problem Seminar","0","Zypman; Fredy","0","16","16","0","5","5","T}1750}1840}BELFHL}B803","","","","PHY1031","","","Practical applications and examples to complement PHY 1031. Corequisite(s): PHY 1031."
"92130","1033","PHY","361","Wilf","Introductory Physics I Lab","1","Rodriguez; Joshua","0","12","12","0","5","5","T}1845}2025}BELFHL}B1121","","","","PHY1033|PHY1031T","","","Algebra-based course; taken by students who intend to major in biology; chemistry; and the health professions. Topics covered: kinematics and dynamics of the particle and rigid bodies; conservation laws; momentum; energy and angular momentum; oscillations; waves; fluids; thermodynamics; optics; electromagnetism; modern physics. Laboratory experiments are designed to help students master the principles covered in lecture course. Corequisite(s): PHY 1033 and PHY 1031T."
"90797","1051","PHY","231","Wilf","General Physics I Lecture","3","Asherie; Neer","0","16","16","0","5","5","M||W}1500}1615}BELFHL}","HONR","Honors Course","MAT1412","PHY1053|PHY1051T","","","Topics covered in this course include an introduction to Newtonian mechanics for particles; systems of particles (in particular rigid bodies); notions of fluid mechanics and elasticity; the physics of waves and geometrical and physical optics; gravitation; electricity and magnetism; circuits of resistors; capacitors; and inductors; transformers; Maxwell's equations; elements of thermodynamics; optics and waves; Relativity Theory; and elements of Quantum Mechanics. Prerequisite(s): MAT 1412. Corequisite(s): PHY 1053 and PHY 1051T."
"90800","1051T","PHY","251","Wilf","General Physics I-Recitation","0","Krueger; August John","0","16","16","0","5","5","M}1750}1840}BELFHL}B1410","","","MAT1412","PHY1051","","","Topics covered in this course include an introduction to Newtonian mechanics for particles; systems of particles (in particular rigid bodies); notions of fluid mechanics and elasticity; the physics of waves and geometrical and physical optics; gravitation; electricity and magnetism; circuits of resistors; capacitors; and inductors; transformers; Maxwell's equations; elements of thermodynamics; optics and waves; Relativity Theory; and elements of Quantum Mechanics. Prerequisite(s): MAT 1412. Corequisite(s): PHY 1051."
"92132","1053","PHY","261","Wilf","General Physics I Lab","1","Krueger; August John","0","16","16","0","0","0","M}1845}2025}BELFHL}B1121","","","","PHY1051|PHY1051T","","","Laboratory experiments are designed to help students master the principles covered in lecture course. Corequisite(s): PHY 1051 and PHY 1051T."
"90793","2051","PHY","231","Wilf","General Physics III","4","Cwilich; Gabriel","0","16","16","0","5","5","M||W}1500}1615}BELFHL}B821::W}1750}1840}BELFHL}B825","","","PHY1052|MAT1413","","","","This course examines the physics of waves and optics; covering topics such as wave propagation; interference; diffraction; polarization; and the behavior of light through various media. Prerequisite(s): PHY 1052 and MAT 1413."
"93298","3303","PHY","341","Wilf","Mathematical Physics","3","Zypman; Fredy","0","30","30","0","5","5","T||R}1630}1745}TBA}","","","","","MAT1413;;MAT1510","","This course covers mathematical methods broadly useful in physics at a level appropriate for undergraduate physics students and others with a similar mathematical background. Mathematical methods are introduced from first principles and applied to technological problems including electrical circuits; heat transfer; mechanical sensors and actuators; percussion; wind and string musical instruments; and signal processing. The presentation emphasizes analytical mathematics together with the construction of computational algorithms capable of producing numerical results for practical applications. The course focuses on mathematical descriptions of oscillations; waves; diffusion; and driven systems arising in many areas of physics and engineering. Prerequisite(s): MAT 1413; and MAT 1510 may be taken as a prerequisite or corequisite."
"93277","4930","PHY","261","Wilf","Topics: Advanced Mechanics","1","Cwilich; Gabriel","0","16","16","0","5","5","M}1845}2115}TBA}","","","","","","","Nanometer size systems studied with physics tools. Topics include friction at the nanoscale; instersticial atoms in crystals; dislocations; surfaces."
"93023","5621","PHY","1","Beren","Quantum Mechanics","3","Prodan; Emil","0","7","7","0","0","0","M}1515}1715}LEX215}1109","","","","","","","From foundational Quantum Mechanics to the mathematical descriptions of atoms; light and their interactions."
"93278","5930","PHY","261","Wilf","Topics: Advanced Mechanics","1","Cwilich; Gabriel","0","16","16","0","5","5","M}1845}2115}TBA}","","","","","","","This course will discuss topics in physics. Topics may change each semester. May be repeated for credit."
"91815","1031","PHYS","C","Beren","Introductory Physics I Lecture","3","Khalfan; Amish","0","50","50","0","0","0","M||W}1155}1310}SCW}718","SCW3||SYSC","ST-Science &amp; Technology||Sy Syms-UG Nat/Soc Sci Req","","PHYS1031T|PHYS1033","","","Two-semester; algebra-based course; taken by students who intend to major in biology; chemistry; and the health professions. Topics covered: kinematics and dynamics of the particle and rigid bodies; conservation laws; momentum; energy and angular momentum; oscillations; waves; fluids; thermodynamics; optics; electromagnetism; modern physics. Corequisite(s): PHYS 1031T and PHYS 1033."
"91816","1031T","PHYS","AW","Beren","Introductory Physics","0","Khalfan; Amish","0","30","30","0","10","10","W}0925}1015}SCW}","","","","PHYS1031","","","Two-semester; algebra-based course; taken by students who intend to major in biology; chemistry; and the health professions. Topics covered: kinematics and dynamics of the particle and rigid bodies; conservation laws; momentum; energy and angular momentum; oscillations; waves; fluids; thermodynamics; optics; electromagnetism; modern physics. Laboratory experiments are designed to help students master the principles covered in lecture. (lecture: 3 hours; recitation: 1 hour; lab: 2 hours). Laboratory fee. Corequisite(s): PHYS 1031."
"91637","1031T","PHYS","BW","Beren","Introductory Physics","0","Khalfan; Amish","0","30","30","0","10","10","W}1030}1120}SCW}","SCW3||SYSC","ST-Science &amp; Technology||Sy Syms-UG Nat/Soc Sci Req","","PHYS1031","","","Two-semester; algebra-based course; taken by students who intend to major in biology; chemistry; and the health professions. Topics covered: kinematics and dynamics of the particle and rigid bodies; conservation laws; momentum; energy and angular momentum; oscillations; waves; fluids; thermodynamics; optics; electromagnetism; modern physics. Laboratory experiments are designed to help students master the principles covered in lecture. (lecture: 3 hours; recitation: 1 hour; lab: 2 hours). Laboratory fee. Corequisite(s): PHYS 1031."
"92115","1033","PHYS","DEW","Beren","Introductory Physics I Lab","1","Edelman; Mark","0","10","10","0","8","8","W}1325}1610}SCW}507","","","","PHYS1031|PHYS1031T","","","Algebra-based course; taken by students who intend to major in biology; chemistry; and the health professions. Topics covered: kinematics and dynamics of the particle and rigid bodies; conservation laws; momentum; energy and angular momentum; oscillations; waves; fluids; thermodynamics; optics; electromagnetism; modern physics. Laboratory experiments are designed to help students master the principles covered in lecture course. Corequisite(s): PHYS 1031 and PHYS 1031T."
"92116","1033","PHYS","FGW","Beren","Introductory Physics I Lab","1","Edelman; Mark","0","10","10","0","8","8","W}1700}1945}SCW}507","","","","PHYS1031|PHYS1031T","","","Algebra-based course; taken by students who intend to major in biology; chemistry; and the health professions. Topics covered: kinematics and dynamics of the particle and rigid bodies; conservation laws; momentum; energy and angular momentum; oscillations; waves; fluids; thermodynamics; optics; electromagnetism; modern physics. Laboratory experiments are designed to help students master the principles covered in lecture course. Corequisite(s): PHYS 1031 and PHYS 1031T."
"92520","1033","PHYS","FRI","Beren","Introductory Physics I Lab","1","Edelman; Mark","0","10","10","0","8","8","F}0930}1215}SCW}518","","","","PHYS1031|PHYS1031T","","","Algebra-based course; taken by students who intend to major in biology; chemistry; and the health professions. Topics covered: kinematics and dynamics of the particle and rigid bodies; conservation laws; momentum; energy and angular momentum; oscillations; waves; fluids; thermodynamics; optics; electromagnetism; modern physics. Laboratory experiments are designed to help students master the principles covered in lecture course. Corequisite(s): PHYS 1031 and PHYS 1031T."
"92117","1033","PHYS","MNT","Beren","Introductory Physics I Lab","1","Edelman; Mark","0","10","10","0","8","8","T}1335}1620}SCW}507","","","","PHYS1031|PHYS1031T","","","Algebra-based course; taken by students who intend to major in biology; chemistry; and the health professions. Topics covered: kinematics and dynamics of the particle and rigid bodies; conservation laws; momentum; energy and angular momentum; oscillations; waves; fluids; thermodynamics; optics; electromagnetism; modern physics. Laboratory experiments are designed to help students master the principles covered in lecture course. Corequisite(s): PHYS 1031 and PHYS 1031T."
"92118","1033","PHYS","PQT","Beren","Introductory Physics I Lab","1","Edelman; Mark","0","10","10","0","8","8","T}1645}1930}SCW}507","","","","PHYS1031|PHYS1031T","","","Algebra-based course; taken by students who intend to major in biology; chemistry; and the health professions. Topics covered: kinematics and dynamics of the particle and rigid bodies; conservation laws; momentum; energy and angular momentum; oscillations; waves; fluids; thermodynamics; optics; electromagnetism; modern physics. Laboratory experiments are designed to help students master the principles covered in lecture course. Corequisite(s): PHYS 1031 and PHYS 1031T."
"91820","1051","PHYS","B","Beren","General Physics I Lecture","3","Asherie; Neer","0","8","8","0","0","0","M||W}1025}1140}TBA}","SCW3||SYSC","ST-Science &amp; Technology||Sy Syms-UG Nat/Soc Sci Req","","","","","First of a two-semester; calculus-based course for Physics majors. Topics covered: kinematics and dynamics of the particle and rigid bodies; conservation laws; momentum; energy and angular momentum; oscillations; waves; fluids; electromagnetism and optics."
"91639","1051T","PHYS","DM","Beren","General Physics","0","Khalfan; Amish","0","8","8","0","0","0","M}1325}1415}SCW}1015","","","MATH1412","PHYS1051","","","Two-semester; calculus-based course for Physics; Physical Sciences and Pre-Engineering majors. Topics covered: kinematics and dynamics of the particle and rigid bodies; conservation laws; momentum; energy and angular momentum; oscillations; waves; fluids; electromagnetism and optics. Laboratory experiments are designed to help students master the principles covered in lecture. Lecture 3 hours; recitation 1 hour; lab 2 hours 45 minutes. Laboratory fee. Prerequisite(s): MATH 1412 or more advanced or instructor's permission. Corequisite(s): PHYS 1051."
"92119","1053","PHYS","DEW","Beren","General Physics I Lab","1","Edelman; Mark","0","2","2","0","5","5","W}1325}1610}SCW}507","","","","PHYS1051|PHYS1051T","","","Topics covered in this course include an introduction to Newtonian mechanics for particles; systems of particles (in particular rigid bodies); notions of fluid mechanics and elasticity; the physics of waves and geometrical and physical optics; gravitation; electricity and magnetism; circuits of resistors; capacitors; and inductors; transformers; Maxwell's equations; elements of thermodynamics; optics and waves; Relativity Theory; and elements of Quantum Mechanics. Corequisite(s): PHYS 1051 and PHYS 1051T."
"92120","1053","PHYS","FGW","Beren","General Physics I Lab","1","Edelman; Mark","0","2","2","0","5","5","W}1700}1945}SCW}507","","","","PHYS1051|PHYS1051T","","","Topics covered in this course include an introduction to Newtonian mechanics for particles; systems of particles (in particular rigid bodies); notions of fluid mechanics and elasticity; the physics of waves and geometrical and physical optics; gravitation; electricity and magnetism; circuits of resistors; capacitors; and inductors; transformers; Maxwell's equations; elements of thermodynamics; optics and waves; Relativity Theory; and elements of Quantum Mechanics. Corequisite(s): PHYS 1051 and PHYS 1051T."
"92521","1053","PHYS","FRI","Beren","General Physics I Lab","1","Edelman; Mark","0","2","2","0","3","3","F}0930}1215}SCW}518","","","","PHYS1051|PHYS1051T","","","Topics covered in this course include an introduction to Newtonian mechanics for particles; systems of particles (in particular rigid bodies); notions of fluid mechanics and elasticity; the physics of waves and geometrical and physical optics; gravitation; electricity and magnetism; circuits of resistors; capacitors; and inductors; transformers; Maxwell's equations; elements of thermodynamics; optics and waves; Relativity Theory; and elements of Quantum Mechanics. Corequisite(s): PHYS 1051 and PHYS 1051T."
"92121","1053","PHYS","MNT","Beren","General Physics I Lab","1","Edelman; Mark","0","2","2","0","5","5","T}1335}1620}SCW}507","","","","PHYS1051|PHYS1051T","","","Topics covered in this course include an introduction to Newtonian mechanics for particles; systems of particles (in particular rigid bodies); notions of fluid mechanics and elasticity; the physics of waves and geometrical and physical optics; gravitation; electricity and magnetism; circuits of resistors; capacitors; and inductors; transformers; Maxwell's equations; elements of thermodynamics; optics and waves; Relativity Theory; and elements of Quantum Mechanics. Corequisite(s): PHYS 1051 and PHYS 1051T."
"92122","1053","PHYS","PQT","Beren","General Physics I Lab","1","Edelman; Mark","0","2","2","0","5","5","T}1645}1930}SCW}507","","","","PHYS1051|PHYS1051T","","","Topics covered in this course include an introduction to Newtonian mechanics for particles; systems of particles (in particular rigid bodies); notions of fluid mechanics and elasticity; the physics of waves and geometrical and physical optics; gravitation; electricity and magnetism; circuits of resistors; capacitors; and inductors; transformers; Maxwell's equations; elements of thermodynamics; optics and waves; Relativity Theory; and elements of Quantum Mechanics. Corequisite(s): PHYS 1051 and PHYS 1051T."
"92864","4221","PHYS","C","Beren","Classical Mechanics","3","Prodan; Emil","0","7","7","0","0","0","M||W}1155}1310}SCW}1019","","","PHYS1051|PHYS1221","","","","Newtonian mechanics; oscillations: simple; damped and driven; resonance; elements of nonlinearity; non-inertial frames of reference; motion relative to the Earth; conservative forces and potential energy; central forces; planetary motion. Prerequisite(s): PHYS 1051. Previously offered as PHYS 1221."
"93270","4321","PHYS","B","Beren","Electromagnetic Theory","3","Prodan; Emil","0","7","7","0","0","0","M||W}1025}1140}TBA}","","","","","PHYS1052;;MATH1510","","Vector calculus; Maxwell's equations in integral and differential form; electrostatics; Poisson's equation; magnetostatics; time-varying fields. Previously offered as PHYS 1321. Prerequisite(s): PHYS 1052; and MATH 1510 may be taken as prerequisite or corequisite."
"93338","4930","PHYS","C","Beren","Tps: Introduction to Geology","1","Berliner; Ed F.","0","10","10","0","10","10","M||W}1155}1310}TBA}","SCW3","ST-Science &amp; Technology","","","","","This course will discuss topics in physics. Topics may change each semester. May be repeated for credit. Section information text: Understanding the basic structure of the earth and its dynamically changing environment; the composition of the earth and its resources; the Earth's environment including earthquakes; magnetism; and hydrology; the earth as an energy provider and consumer."
"93276","4930","PHYS","D1","Beren","Top: Advanced Top in Physics","1","Berliner; Ed F.","0","7","7","0","0","0","M||W}1325}1440}TBA}","","","","","","","This course will discuss topics in physics. Topics may change each semester. May be repeated for credit."
"90658","1101","POL","231","Wilf","Introduction to American Politics","3","Zack; Aaron","0","30","30","0","5","5","M||W}1500}1615}GLUECK}G519","HBSI||PAMR||SYSC","YC-HBSI Requirement||UG POL (American Politics)||Sy Syms-UG Nat/Soc Sci Req","","","","","Why is the United States the only rich democracy without universal health care? Why is economic inequality so much greater than in United States compared to other rich democracies? In light of the insurrection at the US Capitol on January 6; 2021; to what extent is American democracy in real danger? From education and health care to environmental protection and the preservation of the republic; politics and policy matter since government action and inaction have an enormous impact on our daily lives and the broader society in which we live. Yet; most people find politics to be confusing and perhaps not too interesting."
"90683","1301","POL","331","Wilf","Introduction to International Relations","3","Zaitseva; Maria N.","0","28","28","0","5","5","T||R}1500}1615}GLUECK}G517","HBSI||PINT||SYSC","YC-HBSI Requirement||UG POL International Relations||Sy Syms-UG Nat/Soc Sci Req","","","","","Why do states go to war; form alliances; or make peace? What shapes the interests and motivations of state actors? How do states decide how to act vis a vis others? This course provides an introduction to the systematic study and analysis of international politics. It exposes students to major theoretical approaches in the study of international affairs and applies these approaches to the analysis of historical and contemporary political issues."
"90897","2121","POL","331","Wilf","Political Psychology","3","Malka; Ariel","0","8","8","0","5","5","T||R}1500}1615}FURST}F216","","","","","","","This course explores psychological explanations for political beliefs; attitudes; and behaviors. Topics addressed include political cognition; ideology; partisanship; personality and politics; polarization; and attitudes toward democracy."
"90679","2145","POL","261","Wilf","Constitutional Law","3","Kaminetzky; Ben","0","28","28","0","5","5","M}1845}2115}GLUECK}G417","HBSI||PAMR||SYSC","YC-HBSI Requirement||UG POL (American Politics)||Sy Syms-UG Nat/Soc Sci Req","","","","","Changing interpretations of the meaning of the U.S. Constitution; with particular attention to decisions of the U.S. Supreme Court."
"93156","2190","POL","461","Wilf","Topics in American Politics: Healthcare Policy","3","Troy; Tevi","0","15","15","0","5","5","W}1845}2115}TBA}","HBSI||HONR","YC-HBSI Requirement||Honors Course","","","","","Topics in American Politics will vary each semester. Topics to be discussed may include; but are not limited to; American Democracy in Crisis; Courts and Social Change; Essentials of US Legal System; Religion in American Politics and Law; Partnerships for Public Good; Democracy and Inequality; Politics and Poverty in US; Controversy in Jurisprudence; Psychology and Public Opinion. May be repeated for credit if topic is different."
"93157","2260","POL","361","Wilf","Democracy and Development","3","Staff","0","30","30","0","5","5","T}1845}2115}TBA}","COWC","YC-COWC Requirement","","","","","Comparative study of the wave of democratization that has swept the regions of Latin America; Asia; Africa; Eastern Europe; and the former Soviet Union; the political; economic; and social causes of this trend. Regions to be discussed will vary by semester."
"90684","2330","POL","311","Wilf","Terrorism","3","Zaitseva; Maria N.","0","28","28","0","5","5","T||R}1330}1445}FURST}F311","HBSI","YC-HBSI Requirement","","","","","Analysis of the causes of contemporary international terrorism; including religious and secular terrorism. Topics covered include agendas and motivations; terrorism financing; recruitment; tactics; counter-terrorism efforts; and disengagement. Study of a selection of terrorist groups throughout the semester. Section information text: Not Open to MYP Students"
"93158","2395","POL","241","Wilf","Topics: International Relations: International Political Economy","3","Zack; Aaron","0","15","15","0","5","5","M||W}1630}1745}TBA}","HBSI","YC-HBSI Requirement","","","","","Topics in International Relations will vary each semester. Topics to be discussed may include; but are not limited to; Writing Social Science; Conflict Resolution; Ethics and War in the 21st Century; Nuclear World; Political Communications; Middle East Security; Israeli Security; Palestinian Conflict; US Global Leadership; Asian Politics; International Environmental Politics; Peace and War. May be repeated for credit if topic is different. Section information text: International Political Economy examines how money; power; and global politics shape one another. Blending theory with history and today&rsquo;s headlines; the course explores why countries trade; fight; borrow; sanction; cooperate; and compete. We&rsquo;ll look at everything from tariffs and financial markets to the rise and fall of global currencies; and the dollar&rsquo;s unique power in the world economy. We&rsquo;ll also investigate how empires managed their economic networks; how great powers fund war; how transnational criminal groups exploit global markets; and how climate change is reshaping political and economic agendas. Students will come away with a deeper understanding of the forces driving global conflict; wealth; influence; and change."
"93159","2495","POL","341","Wilf","Topics in Political Theory: Contemporary Political Thought","3","Mantel-Hoffmann; Tristan","0","15","15","0","5","5","T||R}1630}1745}TBA}","CUOT","YC-CUOT Requirement","","","","","Topics in Political Theory will vary each semester. Topics to be discussed may include; but are not limited to; Political Thought; Literature and Politics; Philosophy of Law; Global Justice; Antient and Medieval Philosophy; Contemporary Prospectives on Justice; Just and Unjust Wars; Zionist Political Thought; Environmental Ethics; Israeli Political Thought; Political Rhetoric; Enlightenment and Its Critics. May be repeated for credit if topic is different. Section information text: We will investigate political problems of the present by surveying 20th century theorists such as Freud; Weber; Habermas; and Foucault; as well as the alternative theoretical approaches of utilitarianism; communitarianism; critical theory; and feminism. Some problems to be addressed include: rising authoritarianism; political legitimation crises; erosion of democracy; extreme socio-economic inequality; and climate change."
"90900","2505","POL","341","Wilf","Writing Social Science","3","Zaitseva; Maria N.","0","12","12","0","5","5","T||R}1630}1745}GLUECK}G517","WRIN","YC-WRIN Requirement","","","","","An upper-level writing seminar designed for majors and minors who are working on a thesis. Breaking down the process of research paper writing; including proposal; bibliography; conducting research; writing a draft; providing feedback to colleagues; writing an op-ed; revisions and oral presentation of research projects. Restricted to POL major or minor only."
"91621","1301","POLI","B","Beren","Introduction to International Relations","3","Cristol; Jonathan Levi","0","30","30","0","10","10","M||W}1025}1140}TBA}","FNDT||PINT||SYSC","ST-Foundations &amp; Contemporary||UG POL International Relations||Sy Syms-UG Nat/Soc Sci Req","","","","","Why do states go to war; form alliances; or make peace? What shapes the interests and motivations of state actors? How do states decide how to act vis a vis others? This course provides an introduction to the systematic study and analysis of international politics. It exposes students to major theoretical approaches in the study of international affairs and applies these approaches to the analysis of historical and contemporary political issues."
"91572","1501","POLI","L","Beren","Fundamentals of Political Science","3","Luders; Joseph","0","32","32","0","10","10","T||R}1150}1305}TBA}","FNDT||SYSC","ST-Foundations &amp; Contemporary||Sy Syms-UG Nat/Soc Sci Req","","","","","Introduction to the discipline of political science. Topics may include ethnic conflict; causes of war; international cooperation; the dynamics of political institutions; the challenge of rising political inequality in the United States; the role of civil society in democracies; the obstacles to democratic transitions in the Middle East; and the spread of partisan polarization. Recommended for those students considering a major in the department or for nonmajors seeking an overview of the field. Toward all subfields except Political Theory."
"93183","2100","POLI","K","Beren","The American Presidency","3","Luders; Joseph","0","30","30","0","10","10","T||R}1025}1140}TBA}","FNDT||HONR||PAMR||STRS","ST-Foundations &amp; Contemporary||Honors Course||UG POL (American Politics)||Straus Center","","","","","An-in depth study of the most powerful office in the world; focusing on explanations for presidential power and success in domestic and international affairs; as well as how the executive branch interacts with the rest of the American political system."
"93181","2160","POLI","J","Beren","Social Movements","3","Luders; Joseph","0","30","30","0","10","10","T||R}0900}1015}TBA}","FNDT||PAMR||SYSC","ST-Foundations &amp; Contemporary||UG POL (American Politics)||Sy Syms-UG Nat/Soc Sci Req","","","","","Theoretical perspectives appropriate to the analysis of political; religious; and cultural movements; case studies of civil rights movement; women's movement; and others. Crosslisted with SOCI 2802."
"91712","2290","POLI","B","Beren","Topics in Comparative Politics: Foreign Policy","3","Lebto; Eli Levtov Khananel","0","30","30","0","10","10","M||W}1025}1140}TBA}","FNDT||PCOM||PINT||SYSC","ST-Foundations &amp; Contemporary||UG POL (Comparative Politics)||UG POL International Relations||Sy Syms-UG Nat/Soc Sci Req","","","","","Topics in Comparative Politics will vary each semester. Topics to be discussed may include; but are not limited to; Culture Wars in Europe; Authoritarianism and Populism; the Politics of Revolution; Democracy and Development; Politics of Memory; Palestinian Conflict; Game Theory; Environmental Politics in the US and Israel; Culture and Politics; Democracy and Its Critics; the Political Ascent of Turkey; Israeli Politics and Security. May be repeated for credit if topic is different. Section information text: What drives a country&rsquo;s foreign policy? Is the structure of domestic politics more important or is foreign policy determined by national security threats or even by a state&rsquo;s place in the international state system? This course examines the multiple factors that affect why countries interact the way they do with other countries; particularly concerning trade; cooperation; and conflict. Case studies will help answer these (and other) questions include: Israel&rsquo;s foreign policy relations with the United States; Russia; England; and France (and vice versa); Russia&rsquo;s current war with Ukraine; the current Israel-Hamas war; China; Japan&rsquo;s and India&rsquo;s increasing influence in the Middle East (and with Israel); American foreign policy during World War II; and many others."
"92033","2290","POLI","E","Beren","Topics in Comparative Politics: Comparative Public Opinion","3","Malka; Ariel","0","15","15","0","10","10","M}1510}1625}TBA}::W}1535}1650}TBA}","FNDT||PCOM||SYSC","ST-Foundations &amp; Contemporary||UG POL (Comparative Politics)||Sy Syms-UG Nat/Soc Sci Req","","","","","Topics in Comparative Politics will vary each semester. Topics to be discussed may include; but are not limited to; Culture Wars in Europe; Authoritarianism and Populism; the Politics of Revolution; Democracy and Development; Politics of Memory; Palestinian Conflict; Game Theory; Environmental Politics in the US and Israel; Culture and Politics; Democracy and Its Critics; the Political Ascent of Turkey; Israeli Politics and Security. May be repeated for credit if topic is different. Section information text: This course examines public opinion from a comparative perspective; with a focus on political attitudes and beliefs across the national populations of Western democracies. Students will learn about cross-national survey methodology and evidence regarding policy preferences; values; social and economic perceptions; political participation; partisanship; polarization; beliefs about democracy; and other topics. An emphasis is placed on efforts to understand how psychological processes interact with contextual features to shape patterns of mass opinion within and between countries."
"93182","2330","POLI","A","Beren","Terrorism","3","Cristol; Jonathan Levi","0","30","30","0","10","10","M||W}0900}1015}TBA}","FNDT||PINT||SYSC","ST-Foundations &amp; Contemporary||UG POL International Relations||Sy Syms-UG Nat/Soc Sci Req","","","","","Analysis of the causes of contemporary international terrorism; including religious and secular terrorism. Topics covered include agendas and motivations; terrorism financing; recruitment; tactics; counter-terrorism efforts; and disengagement. Study of a selection of terrorist groups throughout the semester."
"91682","2495","POLI","C","Beren","Topics in Political Theory: Just and Unjust Wars","3","Leventer; Herb","0","15","15","0","5","5","M||W}1155}1310}TBA}","FNDT||PTHE||SYSC","ST-Foundations &amp; Contemporary||UG POL (Political Theory)||Sy Syms-UG Nat/Soc Sci Req","","","","","Topics in Political Theory will vary each semester. Topics to be discussed may include; but are not limited to; Political Thought; Literature and Politics; Philosophy of Law; Global Justice; Antient and Medieval Philosophy; Contemporary Prospectives on Justice; Just and Unjust Wars; Zionist Political Thought; Environmental Ethics; Israeli Political Thought; Political Rhetoric; Enlightenment and Its Critics. May be repeated for credit if topic is different. Section information text: Examination of the criteria for justly initiating war and the limits that must be observed during the fighting through a close reading of Grotius; Walzer; and the Geneva Conventions."
"92134","2495","POLI","D1","Beren","Topics in Political Theory: Contemporary Political Theory","3","Mantel-Hoffmann; Tristan","0","15","15","0","10","10","M||W}1325}1440}TBA}","FNDT||PTHE||SYSC","ST-Foundations &amp; Contemporary||UG POL (Political Theory)||Sy Syms-UG Nat/Soc Sci Req","","","","","Topics in Political Theory will vary each semester. Topics to be discussed may include; but are not limited to; Political Thought; Literature and Politics; Philosophy of Law; Global Justice; Antient and Medieval Philosophy; Contemporary Prospectives on Justice; Just and Unjust Wars; Zionist Political Thought; Environmental Ethics; Israeli Political Thought; Political Rhetoric; Enlightenment and Its Critics. May be repeated for credit if topic is different. Section information text: We will investigate political problems of the present by surveying 20th century theorists such as Freud; Weber; Habermas; and Foucault; as well as the alternative theoretical approaches of utilitarianism; communitarianism; critical theory; and feminism. Some problems to be addressed include: rising authoritarianism; political legitimation crises; erosion of democracy; extreme socio-economic inequality; and climate change."
"90667","1010","PSY","311","Wilf","Introduction to Psychology","3","Isaacs; Jenny","0","25","25","0","5","5","T||R}1330}1445}BELFHL}B211","FNDT||SYSC","ST-Foundations &amp; Contemporary||Sy Syms-UG Nat/Soc Sci Req","","","","","This course is an introduction to the scientific study of behavior and mental processes. This course will provide a broad overview of the field of psychology and includes topics in the field of psychology such as history; scientific methods; biology and sensation/perception; development; learning; cognition; intelligence; social behavior; personality; and psychological disorders and treatments. This course is a prerequisite for all upper level psychology courses. Section information text: Not Open to MYP Students"
"90639","1010","PSY","331","Wilf","Introduction to Psychology","3","Isaacs; Jenny","0","20","20","0","5","5","T||R}1500}1615}BELFHL}B211","FNDT||SYSC","ST-Foundations &amp; Contemporary||Sy Syms-UG Nat/Soc Sci Req","","","","","This course is an introduction to the scientific study of behavior and mental processes. This course will provide a broad overview of the field of psychology and includes topics in the field of psychology such as history; scientific methods; biology and sensation/perception; development; learning; cognition; intelligence; social behavior; personality; and psychological disorders and treatments. This course is a prerequisite for all upper level psychology courses."
"90657","1021","PSY","341","Wilf","Statistics for Psychology","3","Malka; Ariel","0","30","30","0","5","5","T||R}1630}1745}FURST}F310","EXQM","YC-EXQM Requirement","","","PSY1010","","This course provides an introduction to the quantitative methods used to analyze data from psychological research. The topics of this course are the basic concepts and terminology of statistics; the display of data; descriptive statistics; correlation and regression; and inferential statistics. The goal of this course is to provide students with a foundational understanding of the data analytic procedures used in psychological research. Prerequisite(s): PSY 1010 may be taken as a prerequisite or corequisite."
"90640","1110","PSY","461","Wilf","Developmental I: Child","3","Schwartz; Jonathan","0","25","25","0","5","5","W}1845}2115}FURST}F313","","","","","PSY1010;;PSY1021","","Biological; psychological; and social factors that enter into the development of children from birth to pre-adolescence; correlations between childhood development and formation of adult personality. Prerequisite(s): PSY 1010; and PSY 1021 may be taken as a prerequisite or corequisite."
"93160","1124","PSY","341","Wilf","Learning Disabilities","3","Glicksman; Stephen I.","0","25","25","0","5","5","T||R}1630}1745}FURST}","","","PSY1010;;STA1021","","","","An overview of the topic of learning disabilities; from the beginnings of the field to current knowledge and practice. History of the field; the changing definition of learning disabilities; their different types; genetic and environmental causes; and their assessment; diagnosis; and treatment. Current trends in the field; social aspects of learning disabilities; and learning disabilities in adulthood. Prerequisite(s): PSY 1010; STA 1021"
"90786","2100","PSY","241","Wilf","Experimental Psychology Lecture","3","Cohen; Anna-Lisa","0","12","12","0","5","5","M||W}1630}1745}BELFHL}B821","EXQM||SYSC||WRIN","YC-EXQM Requirement||Sy Syms-UG Nat/Soc Sci Req||YC-WRIN Requirement","PSY1010|PSY1021","PSY2120","","","Theory and practice of research methodology and evaluation of experimental research in psychology. Students perform individual experiments; prepare reports of results; and are introduced to the literature of experimental psychology. This course is a prerequisite for most upper level psychology courses. Prerequisite(s): PSY 1010 and PSY 1021. Corequisite(s): PSY 2120."
"90801","2120","PSY","251","Wilf","Experimental Psychology Lab","1","Cohen; Anna-Lisa","0","12","12","0","5","5","M}1800}1945}BELFHL}B821","","","","","PSY1010;;PSY1021|PSY2100","","Theory and practice of research methodology and evaluation of experimental research in psychology. Students perform individual experiments; prepare reports of results; and are introduced to the literature of experimental psychology. This course is a prerequisite for most upper level psychology courses. This is a laboratory to accompany the lecture course. Prerequisite(s): PSY 1010; and PSY 1021 may be taken as a prerequisite or corequisite. Corequisite (s): PSY 2100."
"90696","2150","PSY","231","Wilf","Cognitive Psychology","3","Cohen; Anna-Lisa","0","25","25","0","5","5","M||W}1500}1615}BELFHL}B218","","","","","PSY1010;;PSY1021","","Cognitive Psychology is the study of how our minds sense; and make sense; out of our external and internal world. In this course; we are going to be exploring the different areas that comprise the study of Cognitive Psychology; including Brain Function; Perception; Attention; Memory; and Language. Prerequisite(s): PSY 1010; and PSY 1021 may be taken as a prerequisite or corequisite."
"90791","2414","PSY","341","Wilf","Abnormal Psychology","3","Isaacs; Jenny","0","25","25","0","5","5","T||R}1630}1745}BELFHL}","","","","","PSY1010;;PSY1021","","Examination of the field of abnormal psychology; surveying the major psychological disorders and their classification. Causes and treatments of the major disorders are explored from various theoretical perspectives. Theories and research into causes of neuroses; psychoses; and deviant behavior; diagnosis and treatment. Prerequisite(s): PSY 1010; and PSY 1021 may be taken as a prerequisite or corequisite."
"90641","3105","PSY","261","Wilf","Social Psychology","3","Schnall; Eliezer H.","0","20","20","0","5","5","M||W}1845}2000}GLUECK}G307","","","","","PSY1010;;PSY1021|SOC3701","","Dynamic study of social behavior; social learning; interpersonal attraction; aggression; attitudes; conformity; and social influence processes. Prerequisite(s): PSY 1010; and PSY 1021 may be taken as a prerequisite or corequisite. Crosslisted with SOC 3701."
"93161","3601","PSY","241","Wilf","Health Psychology","3","Schwartz; Jonathan","0","25","25","0","5","5","M||W}1630}1745}FURST}","","","PSY1010","","","","The contribution of psychological factors to the development; course; and treatment of physical illness and disease. Research methodology; basic theories; empirical studies; and clinical applications. Factors covered include weight control; alcoholism; smoking; heart and respiratory disease; cancer; and chronic illness. Prerequisite(s): PSY 1010."
"90697","3804","PSY","261","Wilf","Psychobiology","3","Wang; Junshi","0","20","20","0","5","5","M}1845}2115}FURST}F208","NAWO","YC-NAWO Requirement","PSY1010|BIO3804","","","","Mind and body. The nervous system and endocrine glands in relation to psychological processes; physiological basis of perception; motivation; emotions; and learning. Prerequisite(s): PSY 1010. Crosslisted with BIO 3804."
"93162","4930","PSY","241","Wilf","Topics in Psychology: Political Psychology","3","Malka; Ariel","0","12","12","0","5","5","T||R}1500}1615}TBA}","","","","","","","Selected topics in the field of psychology. May be repeated for credit if topic is different."
"90668","4933","PSY","241","Wilf","Research Seminar","3","Schnall; Eliezer H.","0","10","10","0","5","5","M||W}1630}1745}FURST}F216","HONR","Honors Course","PSY1010;;PSY1021","","","","Provides the opportunity to gain in-depth knowledge about theory and research in one area of psychology. Students will be required to read theoretical papers and original scientific work. The topic covered will vary according to instructor. Prerequisite(s): PSY 1010; and PSY 1021. May be repeated one time."
"93197","1010","PSYC","F","Beren","Introduction to Psychology","3","Stecker; Jordan","0","20","20","0","0","0","M}1640}1755}TBA}::W}1700}1815}TBA}","","","","","","","This course is an introduction to the scientific study of behavior and mental processes. This course will provide a broad overview of the field of psychology and includes topics in the field of psychology such as history; scientific methods; biology and sensation/perception; development; learning; cognition; intelligence; social behavior; personality; and psychological disorders and treatments. This course is a prerequisite for all upper level psychology courses."
"91651","1010","PSYC","TB","Beren","Introduction to Psychology","3","Staff","0","25","25","0","10","10","","FNDT||SYSC","ST-Foundations &amp; Contemporary||Sy Syms-UG Nat/Soc Sci Req","","","","","This course is an introduction to the scientific study of behavior and mental processes. This course will provide a broad overview of the field of psychology and includes topics in the field of psychology such as history; scientific methods; biology and sensation/perception; development; learning; cognition; intelligence; social behavior; personality; and psychological disorders and treatments. This course is a prerequisite for all upper level psychology courses."
"92514","1010","PSYC","TBA","Beren","Introduction to Psychology","3","Staff","0","25","25","0","10","10","","FNDT||SYSC","ST-Foundations &amp; Contemporary||Sy Syms-UG Nat/Soc Sci Req","","","","","This course is an introduction to the scientific study of behavior and mental processes. This course will provide a broad overview of the field of psychology and includes topics in the field of psychology such as history; scientific methods; biology and sensation/perception; development; learning; cognition; intelligence; social behavior; personality; and psychological disorders and treatments. This course is a prerequisite for all upper level psychology courses."
"91588","1010","PSYC","TBD","Beren","Introduction to Psychology","3","Staff","0","25","25","0","10","10","","FNDT||SYSC","ST-Foundations &amp; Contemporary||Sy Syms-UG Nat/Soc Sci Req","","","","","This course is an introduction to the scientific study of behavior and mental processes. This course will provide a broad overview of the field of psychology and includes topics in the field of psychology such as history; scientific methods; biology and sensation/perception; development; learning; cognition; intelligence; social behavior; personality; and psychological disorders and treatments. This course is a prerequisite for all upper level psychology courses."
"93261","1107","PSYC","E","Beren","Developmental Psychology: Life Span","3","Staff","0","25","25","0","10","10","M}1510}1625}TBA}::W}1535}1650}TBA}","FNDT||SYSC","ST-Foundations &amp; Contemporary||Sy Syms-UG Nat/Soc Sci Req","PSYC1010","","","","This course provides an introduction of human development across the lifespan. It explores the physical; cognitive; communicative/linguistic; and socio-emotional development of individuals across diverse backgrounds from infancy through late adulthood. Prerequisite(s): PSYC 1010."
"91847","1107","PSYC","K","Beren","Developmental Psychology: Life Span","3","Goldman; Elizabeth Jessica","0","25","25","0","10","10","T||R}1025}1140}SCW}501","","","PSYC1010","","","","This course provides an introduction of human development across the lifespan. It explores the physical; cognitive; communicative/linguistic; and socio-emotional development of individuals across diverse backgrounds from infancy through late adulthood. Prerequisite(s): PSYC 1010."
"91592","1107","PSYC","L","Beren","Developmental Psychology: Life Span","3","Ebner; Rachel","0","25","25","0","10","10","M||W}1155}1310}LEX215}LX718","FNDT||SYSC","ST-Foundations &amp; Contemporary||Sy Syms-UG Nat/Soc Sci Req","PSYC1010","","","","This course provides an introduction of human development across the lifespan. It explores the physical; cognitive; communicative/linguistic; and socio-emotional development of individuals across diverse backgrounds from infancy through late adulthood. Prerequisite(s): PSYC 1010."
"93260","1130","PSYC","E","Beren","Cognitive and Social Development of the Adolescent and Young Adult 3 credits","3","Gumora; Gail","0","15","15","0","10","10","M}1510}1625}TBA}::W}1535}1650}TBA}","","","PSYC1100|PSYC1107;;PSYC2100","","","","Processes and problems of adolescence and early adulthood; personality development in its relationship to cultural patterns. Prerequisite(s): PSYC 1100 or PSYC 1107; and PSYC 2100."
"91814","2100","PSYC","B","Beren","Experimental Psychology Lecture","3","Bacon; Joshua H.","0","36","36","0","0","0","M||W}1025}1140}LEX215}LX208","SYSC","Sy Syms-UG Nat/Soc Sci Req","","PSYC2120|PSYC2100C","PSYC1010;;STAT1021","","Theory and practice of research methodology and evaluation of experimental research in psychology. Students perform individual experiments; prepare reports of results; and are introduced to the literature of experimental psychology. This course is a prerequisite for most upper level psychology courses. Prerequisite(s): PSYC 1010; and STAT 1021 may be taken as a prerequisite or corequisite. Corequisite(s): PSYC 2120. Previously offered as PSYC 2100C."
"91827","2120","PSYC","TB","Beren","Experimental Psychology Lab","1","Bacon; Joshua H.","0","12","12","0","10","10","}N/A}N/A}LEX215}LX414","","","","PSYC2100","PSYC1010;;STAT1021","","Theory and practice of research methodology and evaluation of experimental research in psychology. Students perform individual experiments; prepare reports of results; and are introduced to the literature of experimental psychology. This course is a prerequisite for most upper level psychology courses. This is a laboratory to accompany the lecture course. Prerequisite(s): PSYC 1010; and STAT 1021 may be taken as a prerequisite or corequisite. Corequisite(s): PSYC 2100."
"91829","2120","PSYC","TBA","Beren","Experimental Psychology Lab","1","Bacon; Joshua H.","0","12","12","0","10","10","}N/A}N/A}LEX215}LX414","","","","PSYC2100","PSYC1010;;STAT1021","","Theory and practice of research methodology and evaluation of experimental research in psychology. Students perform individual experiments; prepare reports of results; and are introduced to the literature of experimental psychology. This course is a prerequisite for most upper level psychology courses. This is a laboratory to accompany the lecture course. Prerequisite(s): PSYC 1010; and STAT 1021 may be taken as a prerequisite or corequisite. Corequisite(s): PSYC 2100."
"91828","2120","PSYC","TBD","Beren","Experimental Psychology Lab","1","Bacon; Joshua H.","0","12","12","0","10","10","}N/A}N/A}LEX215}LX414","","","","PSYC2100","PSYC1010;;STAT1021","","Theory and practice of research methodology and evaluation of experimental research in psychology. Students perform individual experiments; prepare reports of results; and are introduced to the literature of experimental psychology. This course is a prerequisite for most upper level psychology courses. This is a laboratory to accompany the lecture course. Prerequisite(s): PSYC 1010; and STAT 1021 may be taken as a prerequisite or corequisite. Corequisite(s): PSYC 2100."
"91644","2140","PSYC","M","Beren","Learning","3","Goldman; Elizabeth Jessica","0","25","25","0","10","10","T||R}1335}1450}LEX215}LX209","","","PSYC2100","","","","Study of the factors that govern behavior change. Analysis of empirical data and comparison of the behavioral; cognitive; and biological approaches to understanding the process of learning. Discussion of practical applications of learning theory to areas such as therapy; education; and parenting. Prerequisite(s): PSYC 2100. Fulfills Group 2 requirement."
"91561","2150","PSYC","C","Beren","Cognitive Psychology","3","Bacon; Joshua H.","0","25","25","0","10","10","M||W}1155}1310}TBA}","","","PSYC2100","","","","Cognitive Psychology is the study of how our minds sense; and make sense; out of our external and internal world. In this course; we are going to be exploring the different areas that comprise the study of Cognitive Psychology; including Brain Function; Perception; Attention; Memory; and Language. Prerequisite(s): PSYC 2100."
"92049","2153","PSYC","A","Beren","Mind; Language; and Consciousness","3","Bacon; Joshua H.","0","25","25","0","10","10","M||W}0900}1015}LEX215}LX210","FNDT||SYSC","ST-Foundations &amp; Contemporary||Sy Syms-UG Nat/Soc Sci Req","PSYC2100;;PSYC2150","","","","An exploration of the nature of consciousness that emerges from an in-depth study of fundamental perceptual; attentional; memory; and language functions. Prerequisite(s): PSYC 2100; PSYC 2150 or permission of the instructor."
"91632","2414","PSYC","C","Beren","Abnormal Psychology","3","DiLorenzo; Terry","0","30","30","0","10","10","M||W}1155}1310}TBA}","","","PSYC1010","","","","Examination of the field of abnormal psychology; surveying the major psychological disorders and their classification. Causes and treatments of the major disorders are explored from various theoretical perspectives. Theories and research into causes of neuroses; psychoses; and deviant behavior; diagnosis and treatment. Prerequisite(s): PSYC 1010."
"91844","2414","PSYC","D1","Beren","Abnormal Psychology","3","DiLorenzo; Terry","0","30","30","0","0","0","W}1325}1440}LEX215}LX718::M}1340}1455}LEX215}LX718","","","PSYC1010","","","","Examination of the field of abnormal psychology; surveying the major psychological disorders and their classification. Causes and treatments of the major disorders are explored from various theoretical perspectives. Theories and research into causes of neuroses; psychoses; and deviant behavior; diagnosis and treatment. Prerequisite(s): PSYC 1010."
"91604","2430","PSYC","K","Beren","Intro to Clinical Psychology","3","Kolidas; Evelyn Athena","0","32","32","0","10","10","T||R}1025}1140}LEX215}LX718","","","PSYC2100|PSYC2414","","","","History and background of clinical psychology; current research; functions and responsibilities of the clinical psychologist and related mental health personnel; introduction to diagnosis and psychotherapy; ethics of the profession. Prerequisite(s): PSYC 2100 and PSYC 2414."
"91568","3105","PSYC","L","Beren","Social Psychology","3","Staff","0","25","25","0","10","10","T||R}1150}1305}SCW}418","","","PSYC2100|SOCI3701","","","","Dynamic study of social behavior; social learning; interpersonal attraction; aggression; attitudes; conformity; and social influence processes. Prerequisite(s): PSYC 2100. Crosslisted with SOCI 3701."
"91791","3214","PSYC","B","Beren","Research Seminar","3","DiLorenzo; Terry","0","10","10","0","0","0","M||W}1025}1140}LEX215}","HONR","Honors Course","PSYC2100","","","","Participation for six hours per week for 12 weeks in an ongoing research project with supervision by an on-site investigator and Stern College faculty member. Focuses on issues related to the conduct of research in institutional settings; including research ethics. Students gain practical experience in reviewing the literature; data collection and management; and scientific writing. Prerequisite(s): PSYC 2100 and permission of the instructor."
"91616","3800","PSYC","J","Beren","Personality","3","Kolidas; Evelyn Athena","0","32","32","0","10","10","T||R}0900}1015}LEX215}YAGODACOMM","","","PSYC1010","","","","Structure and dynamics of normal and abnormal personality development; including psychoanalytic and social learning approaches. Clinical diagnostic tests and procedures are discussed. Prerequisite(s): PSYC 1010."
"91586","3804","PSYC","L","Beren","Psychobiology","3","Bensalel-Lyampe; Johanna","0","20","20","0","10","10","T||R}1150}1305}SCW}301","","","PSYC2100","","","","Mind and body: the nervous system and endocrine glands in relation to psychological processes; physiological basis of perception; motivation; emotions; and learning. Prerequisite(s): PSYC 2100; May count towards BIOL major but not minor. May count toward Group II. ."
"93022","4741","PSYC","1NT","Beren","Psychology Internship","1","DiLorenzo; Terry","0","0","0","0","0","0","}N/A}N/A}TBA}","","","","","","","Internships provide students with opportunities to gain practical; career-related experience in a variety of supervised settings. Internships are supervised by a staff person at the internship site and overseen by a faculty advisor. May be repeated for a maximum of three credits."
"93032","4901","PSYC","2","Beren","Independent Study","1","Goldman; Elizabeth Jessica","0","0","0","0","0","0","}N/A}N/A}TBA}","","","","","","","See Academic Information and Policies section."
"93262","4930","PSYC","E","Beren","Topics in Psychology: Comparative Public Opinion","3","Malka; Ariel","0","10","10","0","10","10","M}1510}1625}TBA}::W}1535}1650}TBA}","","","","","","","Selected topics and issues in Psychology. Topics may vary by semester. Prerequisite(s) will change with topic. Section information text: This course examines public opinion from a comparative perspective; with a focus on political attitudes and beliefs across the national populations of Western democracies. Students will learn about cross-national survey methodology and evidence regarding policy preferences; values; social and economic perceptions; political participation; partisanship; polarization; beliefs about democracy; and other topics. Emphasis is placed on efforts to understand how psychological processes interact with contextual features to shape patterns of mass opinion within and between countries."
"91677","4930","PSYC","N","Beren","Topics in Psychology: Children &amp; Emerging Technology","3","Goldman; Elizabeth Jessica","0","20","20","0","10","10","T||R}1500}1615}LEX215}LX209","","","","","","","Selected topics and issues in Psychology. Topics may vary by semester. Prerequisite(s) will change with topic. Section information text: Seminar"
"91666","1060","PUB","L","Beren","Biology and Public Health","3","Katz; Amanda M.","0","8","8","0","10","10","T||R}1150}1305}SCW}1015","SCW3||SYSC","ST-Science &amp; Technology||Sy Syms-UG Nat/Soc Sci Req","","","","","The goal of this course is to educate students on the convergence of Biology and Public Health. Students will engage with diseases whose impact on the individual impacts society and diseases where societal norms and standards influence understanding and progression. We will discuss our current methods for assessing and understanding the burden of disease on our society. Recent experiences with Covid-19 and public health will be used as a springboard to discuss many of the intersections of public health and biology and a segue into other important topics of public health including; but not limited to; vaccines; obesity; diabetes; mental health; AIDS. Understanding biology and public health necessitates the understanding of certain biological concepts as well as the understanding that while 'the science' can inform decisions; public health requires that we also understand the impacted populations; recognizing that different communities may behave differently; and public health needs to adapt to as many people within a given society. Special attention will be paid to the disparity in public health issues and responses in various local and global communities. Science & Technology for non-science majors. Not for Bio major/minor. Previously offered as BIOL 1060 or SCIE 1060."
"93342","2407","PUB","G","Beren","Epidemiology","3","Staff","0","5","5","0","10","10","M}1805}1920}TBA}::W}1820}1935}TBA}","FNDT||SYSC","ST-Foundations &amp; Contemporary||Sy Syms-UG Nat/Soc Sci Req","STAT1021|PUB1236","","","","Epidemiology is the study of the distribution and determinants of health and disease in human populations. In recent years; the epidemiological approach has been used to address a wide range of problems; including infectious diseases; genetic risk; environmental threats; social stratification patterns; substance use; violence prevention; and even the spread of knowledge and innovation through social networks. This course introduces the basic principles of epidemiologic study design; analysis; and interpretation. Course activities will consist of lectures; computer lab lessons in using statistical software; written assignments; exams; and critical appraisal of both classic and contemporary research articles. We will learn how to calculate and interpret some basic epidemiological measures and investigate the possibilities of using data to make causal inferences. We will examine the strengths of epidemiological science as well as its limits. Prerequisite(s): STAT 1021 recommended. Formerly offered as PUB 1236."
"91603","3221","PUB","EFM","Beren","Nutrition","3","Weinreb; Raizy","0","11","11","0","10","10","M}1530}1800}SCW}601","","","","","","","Clinical nutrition; directed to common medical disorders; relevant physiology; nutritional implications; and therapy. Nutrition in gastrointestinal disorders; diabetes; cancer; and AIDS are discussed. This course does not count toward the Biology major. Same as BIOL 3221. May count towards Public Health minor."
"91602","3610","PUB","F","Beren","Public Health","3","Michelson; Naomi","0","10","10","0","10","10","M}1640}1755}SCW}418::W}1700}1815}TBA}","FNDT||SYSC","ST-Foundations &amp; Contemporary||Sy Syms-UG Nat/Soc Sci Req","PSYC1010;;PSYC2100|SOCI1504","","","","This course provides an introduction to fundamental concepts in public health including epidemiology; psychological and sociocultural contexts of health; health promotion and health disparities; the U.S. healthcare system; public health interventions; and ethical issues in public health research and practice. Prerequisite(s): PSYC 1010; and either PSYC 2100 or SOCI 1504 or a science course with a lab are recommended. May count toward Women's Studies minor. Section information text: Must have Junior or Senior class status to enroll."
"93226","2945","REA","461","Wilf","Real Estate Management","2","Hirt; Ari Jay","0","30","30","0","10","10","W}1845}2045}TBA}","","","FIN1001|MAN2945","","","","Covers residential; office; and retail properties; and provides an introduction to the principles and practices of real estate management. Topics include forms of real estate ownership; budget and financial reports; marketing and leasing; rent collection; emergency procedures; maintenance; and property inspections. Also covers landlord-tenant relations; labor relations; environmental law; building and housing codes. Prerequisite(s): FIN 1001. Previously offered as MAN 2945."
"90632","2949","REA","561","Wilf","Real Estate Finance","3","Bandyopadhyay; Arka","0","10","10","0","10","10","R}1830}2100}FURST}","","","FIN1001;;IDS1131|IDS1020|MAN2949","","","","Examines the methods and techniques used by investors; developers; and lenders in evaluating income-producing real estate investment debt and equity investments. Students identify sources of capital and analyze the types of financing available in the real estate industry. Topics include mortgage instruments and notes; mortgage underwriting; the secondary mortgage market; and the construction loan. Prerequisite(s): FIN 1001; IDS 1131 and IDS 1020. (Previously offered as MAN 2949)"
"90862","2949","REA","P","Beren","Real Estate Finance","3","Stern; Amit","0","10","10","0","10","10","T||R}1630}1745}SCW}","","","FIN1001;;IDS1131|IDS1020|MAN2949","","","","Examines the methods and techniques used by investors; developers; and lenders in evaluating income-producing real estate investment debt and equity investments. Students identify sources of capital and analyze the types of financing available in the real estate industry. Topics include mortgage instruments and notes; mortgage underwriting; the secondary mortgage market; and the construction loan. Prerequisite(s): FIN 1001; IDS 1131 and IDS 1020. (Previously offered as MAN 2949)"
"90642","1001","SOC","331","Wilf","Introduction to Sociology","3","Langer; Sidney","0","30","30","0","5","5","T||R}1500}1615}FURST}F304","SYSC","Sy Syms-UG Nat/Soc Sci Req","","","","","The course introduces sociology's basic concepts; theories; research methods; and subfields; covering such topics as socialization; deviance and crime; family; economic inequality; culture; gender; religion; and social movements. Students will come to understand the many ways in which people's lives; including their own; are shaped by the social world."
"93305","1730","SOC","251","Wilf","American Jewish Communities","3","Staff","0","25","25","0","0","0","W}1815}2045}TBA}","HBSI","YC-HBSI Requirement","","","","","The effects Jews have had on American society and how American society has influenced Judaism; mechanisms used by Jews and other religious groups to thwart change or to adapt to the host culture: membership in associations and organizations; political behavior and lobbies; links with Israel. Relationships between Jews and other societal groups."
"90872","1934","SOC","362","Wilf","Sociology of Mass Media","3","Goldman; Eric","0","20","20","0","5","5","T}1845}2115}FURST}F306","HBSI","YC-HBSI Requirement","","","","","An examination of American films dealing with the Jewish experience provides a most unusual perspective on the Twentieth century American Jew- the way the Jew sees him/herself and how others perceive Jews. Classic films will be used as text for understanding how; through the years; filmmakers have created and packaged their own unique concept of the American Jew - how this was filtered through their own consciousness and how we read and comprehend the cinematic text. In addition to examining the films; the class will reference historical and cultural studies of American Jewry together with insights into the Jewish film community of Hollywood."
"93163","2402","SOC","461","Wilf","Health and Society","3","Troy; Tevi","0","5","5","0","5","5","W}1845}2115}TBA}","HBSI||HONR","YC-HBSI Requirement||Honors Course","","","","","Distribution of disease among and within populations is a crucial subject in today's society. Explores trends in medical practice; politicization of health care; contemporary social and ethical issues in health care: genetic engineering; right to die; living wills; and consumer movements in health care."
"93164","2611","SOC","231","Wilf","Cultural Anthropology","3","Katz; Jill C.","0","25","25","0","5","5","M||W}1500}1615}TBA}","HBSI","YC-HBSI Requirement","","","","","The study of people in relation to their geographic and socio-cultural environments. Cultural variations and adaptive strategies in a broad range of societies focusing on food- gathering; marriage and the family; kinship terminology; psychology; religion; recreation; and folklore. Emphasis on field research methods. Formerly SOC 1204."
"90789","3701","SOC","261","Wilf","Social Psychology","3","Schnall; Eliezer H.","0","5","5","0","5","5","M||W}1845}2000}GLUECK}G307","SYSC","Sy Syms-UG Nat/Soc Sci Req","SOC3003|PSY3105|SOC2701","","","","The course examines individuals in social contexts; their social roles; group processes; and intergroup relations. Students employ a scientific understanding of how the presence of other people; interactions with other people; and other situational factors influence human thoughts and behaviors. Prerequisite(s): SOC 3003. Crosslisted with PSY 3105. Previously offered as SOC 2701."
"91659","1001","SOCI","B","Beren","Introduction to Sociology","3","Deutsch; Nicole Erica","0","33","33","0","10","10","M||W}1025}1140}SCW}518","FNDT||SYSC","ST-Foundations &amp; Contemporary||Sy Syms-UG Nat/Soc Sci Req","","","","","The course introduces sociology's basic concepts; theories; research methods; and subfields; covering such topics as socialization; deviance and crime; family; economic inequality; culture; gender; religion; and social movements. Students will come to understand the many ways in which people's lives; including their own; are shaped by the social world."
"90611","1001","SOCI","C","Beren","Introduction to Sociology","3","Staff; ","0","20","20","0","0","0","M||W}1155}1310}LEX215}","FNDT||SYSC","ST-Foundations &amp; Contemporary||Sy Syms-UG Nat/Soc Sci Req","","","","","The course introduces sociology's basic concepts; theories; research methods; and subfields; covering such topics as socialization; deviance and crime; family; economic inequality; culture; gender; religion; and social movements. Students will come to understand the many ways in which people's lives; including their own; are shaped by the social world. Section information text: Only open to Katz Associates Program students."
"91560","1001","SOCI","E","Beren","Introduction to Sociology","3","Hauser; Orlee","0","33","33","0","10","10","M}1510}1625}SCW}418::W}1535}1650}SCW}418","FNDT||SYSC","ST-Foundations &amp; Contemporary||Sy Syms-UG Nat/Soc Sci Req","","","","","The course introduces sociology's basic concepts; theories; research methods; and subfields; covering such topics as socialization; deviance and crime; family; economic inequality; culture; gender; religion; and social movements. Students will come to understand the many ways in which people's lives; including their own; are shaped by the social world."
"91559","1001","SOCI","F","Beren","Introduction to Sociology","3","Hauser; Orlee","0","40","40","0","10","10","M}1640}1755}TBA}::W}1700}1815}TBA}","FNDT||SYSC","ST-Foundations &amp; Contemporary||Sy Syms-UG Nat/Soc Sci Req","","","","","The course introduces sociology's basic concepts; theories; research methods; and subfields; covering such topics as socialization; deviance and crime; family; economic inequality; culture; gender; religion; and social movements. Students will come to understand the many ways in which people's lives; including their own; are shaped by the social world."
"93185","2302","SOCI","D1","Beren","Sociology of Deviance","3","Hauser; Orlee","0","35","35","0","10","10","M||W}1325}1440}TBA}","FNDT||SYSC","ST-Foundations &amp; Contemporary||Sy Syms-UG Nat/Soc Sci Req","","","","","Analysis of different theoretical perspectives in the study of deviance; theories of deviance; social sources of deviance; study of various types of deviant behavior and attributes; reduction of deviance; coping with deviance and the reintegration of the deviant into society."
"93177","2403","SOCI","F","Beren","Introduction to Public Health","3","Michelson; Naomi","0","30","30","0","10","10","M}1640}1755}TBA}::W}1700}1815}TBA}","FNDT||SYSC","ST-Foundations &amp; Contemporary||Sy Syms-UG Nat/Soc Sci Req","","","","","This course will explore how public health touches upon various systems and structures; through psychosocial; sociocultural; epidemiological; and biomedical concepts. Students will dive into determinants of health; health equity; U.S. and international healthcare systems; policy; public health ethics; history; public health interventions; health promotion & education; and global health. May count towards Public Health Minor and Shaped Major Pre-Nursing."
"93204","2407","SOCI","G","Beren","Epidemiology","3","Staff","0","30","30","0","10","10","M}1805}1920}TBA}::W}1820}1935}TBA}","FNDT||SYSC","ST-Foundations &amp; Contemporary||Sy Syms-UG Nat/Soc Sci Req","","","","","Epidemiology is the study of the distribution and determinants of health and disease in human populations. In recent years; the epidemiological approach has been used to address a wide range of problems; including infectious diseases; genetic risk; environmental threats; social stratification patterns; substance use; violence prevention; and even the spread of knowledge and innovation through social networks. Epidemiology has proven increasingly relevant to clinical medicine; public policy; social science; law; and other fields; as epidemiology becomes more widely applied; it is more important than ever for researchers and professionals in a variety of fields to become familiar with its basic principles. This course introduces the basic principles of epidemiological study design; analysis; and interpretation. Same as EXQM 1007."
"93201","2802","SOCI","E","Beren","Social Movements","3","Staff; ","0","20","20","0","0","0","M}1510}1625}TBA}::W}1535}1650}TBA}","","","","","","","When do groups mobilize to defend or resist power? Collective action aimed at generating or preventing social change has shaped the course of human history; and the analysis of social movements comprises one of the most vibrant areas of sociological research today. In addition to its central place in classical theory; the emergence; dynamics; and outcomes of social movements have come to encompass much of the study of contemporary politics and culture more generally. Crosslisted with POLI 2160."
"92039","2802","SOCI","J","Beren","Social Movements","3","Luders; Joseph","0","10","10","0","10","10","T||R}0900}1015}TBA}","FNDT||SYSC","ST-Foundations &amp; Contemporary||Sy Syms-UG Nat/Soc Sci Req","","","","","When do groups mobilize to defend or resist power? Collective action aimed at generating or preventing social change has shaped the course of human history; and the analysis of social movements comprises one of the most vibrant areas of sociological research today. In addition to its central place in classical theory; the emergence; dynamics; and outcomes of social movements have come to encompass much of the study of contemporary politics and culture more generally. Crosslisted with POLI 2160."
"91663","3003","SOCI","L","Beren","Methods of Social Research","3","Katz; Jill C.","0","25","25","0","10","10","T||R}1150}1305}TBA}","FNDT||SYSC","ST-Foundations &amp; Contemporary||Sy Syms-UG Nat/Soc Sci Req","SOCI1001|SOCI1504","","","","Application of the scientific method to social data; definitions; concepts; and hypotheses; research design; techniques of collection and analysis of data. Prerequisite(s): SOCI 1001. Previously SOCI 1504."
"91719","3701","SOCI","L","Beren","Social Psychology","3","Staff","0","5","5","0","3","3","T||R}1150}1305}TBA}","FNDT||SYSC","ST-Foundations &amp; Contemporary||Sy Syms-UG Nat/Soc Sci Req","SOCI3003|PSYC3105|SOCI2701","","","","The course examines individuals in social contexts; their social roles; group processes; and intergroup relations. Students employ a scientific understanding of how the presence of other people; interactions with other people; and other situational factors influence human thoughts and behaviors. Prerequisite(s): SOCI 3003. Crosslisted with PSYC 3105. Previously offered as SOCI 2701."
"91723","4930","SOCI","M","Beren","Topic in Sociology: Power &amp; Resentment","3","Levin-Areddy; Adaam James","0","30","30","0","10","10","T||R}1335}1450}LEX215}LX314","FNDT||SYSC","ST-Foundations &amp; Contemporary||Sy Syms-UG Nat/Soc Sci Req","","","","","Topics in Sociology will vary each semester. Topics to be discussed may include; but are not limited to; Sociology of Democracy; Sociology of Authoritarianism; Sociology of Extreme Situations; Youth and Adolescence; Contemporary Sociology. May be repeated for credit if topic is different. Section information text: Western societies in recent years seem to be torn apart by rapid social changes; cultural tensions; and radical movements. But is there a common thread running through it all? The course will take a sociological look at the cultural; political; and economic trends reshaping the Western world; and at the politics of resentment fueling them."
"93200","1010","SPEE","B","Beren","Speech Communication","3","Kokkinos; Jerry","0","20","20","0","0","0","M||W}1025}1140}TBA}","","","","","","","Effective informal and formal public speaking focusing on the informative and persuasive purposes. Focuses on logical organization; psychological motivation; research of topics; precise vocabulary; clear and pleasant vocal patterns; and application of sound rhetoric to the communication of ideas."
"91593","1010","SPEE","E","Beren","Speech Communication","3","Russell; Reuven","0","18","18","0","10","10","M}1510}1625}SCW}501::W}1535}1650}SCW}501","SCW1","ST-Modes of Expression","","","","","Effective informal and formal public speaking focusing on the informative and persuasive purposes. Focuses on logical organization; psychological motivation; research of topics; precise vocabulary; clear and pleasant vocal patterns; and application of sound rhetoric to the communication of ideas."
"91606","1010","SPEE","F","Beren","Speech Communication","3","Russell; Reuven","0","18","18","0","10","10","M}1640}1755}SCW}501::W}1700}1815}SCW}501","SCW1","ST-Modes of Expression","","","","","Effective informal and formal public speaking focusing on the informative and persuasive purposes. Focuses on logical organization; psychological motivation; research of topics; precise vocabulary; clear and pleasant vocal patterns; and application of sound rhetoric to the communication of ideas."
"91612","1010","SPEE","G","Beren","Speech Communication","3","Russell; Reuven","0","18","18","0","10","10","M}1805}1920}SCW}501::W}1820}1935}SCW}501","SCW1","ST-Modes of Expression","","","","","Effective informal and formal public speaking focusing on the informative and persuasive purposes. Focuses on logical organization; psychological motivation; research of topics; precise vocabulary; clear and pleasant vocal patterns; and application of sound rhetoric to the communication of ideas."
"91678","1010","SPEE","L","Beren","Speech Communication","3","Russell; Reuven","0","18","18","0","10","10","T||R}1150}1305}SCW}501","SCW1","ST-Modes of Expression","","","","","Effective informal and formal public speaking focusing on the informative and persuasive purposes. Focuses on logical organization; psychological motivation; research of topics; precise vocabulary; clear and pleasant vocal patterns; and application of sound rhetoric to the communication of ideas."
"91631","1010","SPEE","M","Beren","Speech Communication","3","Russell; Reuven","0","18","18","0","10","10","T||R}1335}1450}SCW}501","SCW1","ST-Modes of Expression","","","","","Effective informal and formal public speaking focusing on the informative and persuasive purposes. Focuses on logical organization; psychological motivation; research of topics; precise vocabulary; clear and pleasant vocal patterns; and application of sound rhetoric to the communication of ideas."
"91575","1010","SPEE","N","Beren","Speech Communication","3","Russell; Reuven","0","18","18","0","10","10","T||R}1500}1615}SCW}501","SCW1","ST-Modes of Expression","","","","","Effective informal and formal public speaking focusing on the informative and persuasive purposes. Focuses on logical organization; psychological motivation; research of topics; precise vocabulary; clear and pleasant vocal patterns; and application of sound rhetoric to the communication of ideas."
"91643","1010","SPEE","P","Beren","Speech Communication","3","Russell; Reuven","0","18","18","0","10","10","T||R}1630}1745}SCW}501","SCW1","ST-Modes of Expression","","","","","Effective informal and formal public speaking focusing on the informative and persuasive purposes. Focuses on logical organization; psychological motivation; research of topics; precise vocabulary; clear and pleasant vocal patterns; and application of sound rhetoric to the communication of ideas."
"91649","2090","SPEE","TBA","Beren","Play Production","2","Schechter; Jessica Susan","0","15","15","0","5","5","}N/A}N/A}TBA}","","","","","","","This course is intended to provide a foundation of understanding about a variety of aspects of theatre production; function of theater technicians and management; use of stage through lights; set design; costume design; actors and directors; producing and publicity; role interpretation and acting; theatrical and dramatic analysis of selected plays. Practical experience is met through participation in Dramatics Society Production."
"91623","3000","SPAU","A","Beren","Survey of Communication Disorders","3","Wexler Gurfein; Melissa","0","35","35","0","10","10","M||W}0900}1015}LEX215}LX718","","","","","","","Overview of the scope of speech-language pathology/audiology practice and professions; including pediatric phonological; motor-speech; and language development and disorders; adult neurogenic communication disorders; disorders of voice; fluency; and hearing; and an introduction to counseling. Orientation to research in the field of communications disorders and to writing in APA research style."
"91565","3001","SPAU","C","Beren","Development of Speech and Language","3","Granik; Elyse Rachel","0","25","25","0","10","10","M||W}1155}1310}LEX215}LX405","","","","SPAU3009|SPAU3112","SPAU3000","","Processes and products of typical language development from infancy to childhood; the development of early communication in the context of cognitive; social; physical; and emotional growth before and after first words; first sentences; and nascent conversations. Cultural and individual differences in language development. Continuation of student experience with research and clinical writing in the field of communications disorders. Relevance of basic research and developmental 'norms' to assessing and treating children with disabilities. Initial clinical experience interacting with a typically developing child; collecting a professional language sample; and analyzing it as a clinician. Prerequisite(s): SPAU 3000 may be taken as a prerequisite or corequisite. Corequisite(s): SPAU 3009 and SPAU 3112."
"91625","3009","SPAU","F","Beren","Anatomy and Physiology of Speech and Hearing","3","Granik; Elyse Rachel","0","25","25","0","10","10","M}1640}1755}SCW}102::W}1700}1815}SCW}102","","","","SPAU3001|SPAU3112","SPAU3000","","Anatomy and physiology of the speech and hearing mechanisms. Prerequisite(s): SPAU 3000 may be taken as prerequisite or corequisite. Corequisite(s): SPAU 3001 and SPAU 3112."
"91624","3015","SPAU","D1","Beren","Introduction to Speech Science","3","Granik; Elyse Rachel","0","25","25","0","10","10","M||W}1325}1440}TBA}","","","SPAU3112","","","","Acoustical components of speech and their physiological correlates; information-bearing elements in the speech signal and their acoustic/auditory perceptual processing; theories of voice production; speech spectrography and other instrumentation as analysis tools. Prerequisite(s): SPAU 3112."
"91566","3112","SPAU","B","Beren","Phonetics","3","Fuld; Heidi","0","25","25","0","10","10","M||W}1025}1140}LEX215}LX405","","","","SPAU3001","SPAU3000","","Introduction to speech sound production and classification. Practical application of transcribing speech using the International Phonetic Alphabet (IPA) for accurate speech sound analysis. Prerequisite(s): SPAU 3000 may be taken as a prerequisite or corequisite. Corequisite(s): SPAU 3001; 3009."
"91664","3320","SPAU","E","Beren","Aural Rehabilitation","3","Granik; Elyse Rachel","0","25","25","0","10","10","M}1510}1625}LEX215}LX405::W}1535}1650}LEX215}LX405","","","SPAU3031","","","","Types and application of amplification; auditory training; and other communication tools for the individuals with hearing loss; emphasis placed on the pediatric and geriatric populations. Application of modern technology including cochlear implant devices. History of Deaf Education and the differing perspectives between oral approaches and Deaf culture values. Prerequisite(s): SPAU 3031."
"91626","3938","SPAU","C","Beren","Clinical Methods","3","Fuld; Heidi","0","25","25","0","10","10","M||W}1155}1310}LEX215}LX402","","","SPAU3201|SPAU3205","","","","Screening; assessment; diagnosis; and treatment of a variety of communication; hearing; and feeding/swallowing disorders. Professional writing and treatment planning for communication disorders professionals. Prerequisite(s): SPAU 3201 and SPAU 3205."
"90648","1021","STA","231","Wilf","Introduction to Statistics","3","Grivoyannis; Elias C.","0","35","35","0","5","5","M||W}1500}1615}FURST}F213","EXQM","YC-EXQM Requirement","","","","","Sources and types of quantitative data; descriptive statistics: graphic displays and frequency distributions; measures of central tendency and variation; samples and populations; shapes of distributions (bimodal; skewness; kurtosis); probability and statistical decision making; sampling distributions (binomial; F; normal; Students;T; U; chi-square); inferential statistics: approximating percentages; estimating procedures; testing hypotheses for differences or relationships (including regression and trend analyses); tests to check model assumptions; correlation versus causation; lying with statistics."
"90613","1021","STAT","A","Beren","Introduction to Statistics","3","Rao; Liteshwar","0","20","20","0","0","0","M||W}0900}1015}LEX215}LX402","SCW2","ST-Quantitative Skills","","","","","Sources of data; descriptive statistics: data display; univariate measures of location and variability; basic probability; normal curve and its applications; correlation and regression. Sampling distributions. Inferential procedures in one- and two-sample problems: estimation; hypothesis testing. Chisquare. See MATH 2461 for Probability Theory and MATH 2462 for Mathematical Statistics. Section information text: Only open to Katz Associates Program students."
"91638","1021","STAT","E","Beren","Introduction to Statistics","3","Cho; Hyun-Wook","0","30","30","0","10","10","M}1510}1625}TBA}::W}1535}1650}TBA}","SCW2","ST-Quantitative Skills","","","","","Sources of data; descriptive statistics: data display; univariate measures of location and variability; basic probability; normal curve and its applications; correlation and regression. Sampling distributions. Inferential procedures in one- and two-sample problems: estimation; hypothesis testing. Chisquare. See MATH 2461 for Probability Theory and MATH 2462 for Mathematical Statistics."
"91613","1021","STAT","TBD","Beren","Introduction to Statistics","3","Staff; ","0","32","32","0","10","10","}N/A}N/A}TBA}","SCW2","ST-Quantitative Skills","","","","","Sources of data; descriptive statistics: data display; univariate measures of location and variability; basic probability; normal curve and its applications; correlation and regression. Sampling distributions. Inferential procedures in one- and two-sample problems: estimation; hypothesis testing. Chisquare. See MATH 2461 for Probability Theory and MATH 2462 for Mathematical Statistics."
"91874","5241","TALS","DMN","Beren","Hullin I","6","Berger; Gedalyah A.","0","20","20","0","0","0","M||T||W||R}1400}1600}SCW}BEIT MDRSH::M||T||W||R}1601}1730}SCW}815","","","","","","","This course will cover the rules of separation of meat and milk; the laws of ritual pertaining to food and foundations of the halachot of mixtures."
"91875","6700","TALS","MNP","Beren","Independent Study - Talmud","1","Berger; Gedalyah A.","0","5","5","0","0","0","M||W}1400}1730}SCW}BEIT MDRSH","","","","","","","An independent study is an individualized project/course in an area of Talmud or Jewish Law conducted under the guidance and supervision of a faculty advisor with the approval of the Program Director. May be repeated for credit if topic is different."
"93329","6900","TALS","AKL","Beren","Top: Masekhet Shechita","3","Nachbar; Duvie Noach","0","20","20","0","0","0","M||T||W||R}0900}1130}SCW}BEIT MDRSH::M||T||W||R}1145}1300}SCW}615","","","","","","","In each of these topic classes; the students will learn different masekchtot or topics within the Talmud and Jewish Law. They will focus on theoretical and practical Jewish Law as well as skills in reading text of Talmud and its commentators. May be repeated for credit if topic is different."
"91877","6900","TALS","MNP","Beren","Topics: Shabbos I","3","Schwartz; Ezra Y.","0","20","20","0","0","0","T||R}1400}1459}TBA}::T||R}1500}1730}TBA}","","","","","","","In each of these topic classes; the students will learn different masekchtot or topics within the Talmud and Jewish Law. They will focus on theoretical and practical Jewish Law as well as skills in reading text of Talmud and its commentators. May be repeated for credit if topic is different."
"90499","6124","TAX","331","Wilf","Federal Income Taxation I","3","Trey; Jeffrey","0","30","30","0","10","10","T||R}1500}1615}GLUECK}G516","","","","","","","This course will cover the following topics; which will serve as a springboard for subsequent courses in the online MSA curriculum: introduction to taxation; determination of tax; gross income inclusions and exclusions; capital gains and losses; itemized deductions; losses and bad debt; employee expenses; depreciation; and accounting periods and methods."
"90498","6124","TAX","341","Wilf","Federal Income Taxation I","3","Trey; Jeffrey","0","30","30","0","11","11","T||R}1630}1745}GLUECK}G308","","","","","","","This course will cover the following topics; which will serve as a springboard for subsequent courses in the online MSA curriculum: introduction to taxation; determination of tax; gross income inclusions and exclusions; capital gains and losses; itemized deductions; losses and bad debt; employee expenses; depreciation; and accounting periods and methods."
"90427","6124","TAX","K","Beren","Federal Income Taxation I","3","Trey; Jeffrey","0","30","30","0","5","5","T||R}1025}1140}LEX215}LX312","","","","","","","This course will cover the following topics; which will serve as a springboard for subsequent courses in the online MSA curriculum: introduction to taxation; determination of tax; gross income inclusions and exclusions; capital gains and losses; itemized deductions; losses and bad debt; employee expenses; depreciation; and accounting periods and methods."
